Image,Question,Answer 1,Answer 2,Answer 3,Answer 4,Answer 5,Correct Answer
,Suppose that there are only two goods: x and y. Which of the following is NOT correct?,One can have comparative advantage in producing both goods.,One can have both an absolute advantage and a comparative advantage in producing x.,One can have absolute advantage and no comparative advantage in producing x.,One can have comparative advantage and no absolute advantage in producing x.,All the statements above are true.,
,A change in which of the following will NOT cause a shift in the demand curve for hamburgers?,The price of hot dogs,The price of hamburgers,The price of hamburger buns,Income levels of hamburger consumers,The price of ketchup,
,The ability for firms to enter and exit a market over time means that,the marginal cost is zero,the marginal revenue is zero,the long run supply curve is more elastic,the long run supply curve is more inelastic,the firms make positive economic profit,
,"When a good is taxed, the tax burden falls mainly on the consumer if",the demand is inelastic and the supply is inelastic,the demand is inelastic and the supply is elastic,the demand is elastic and the supply is inelastic,the demand is elastic and the supply is elastic,the tax is levied on the consumers,
,"Elsa values her time at $50 per hour, and tutors David for two hours. David is willing to pay $175 for two hours of tutoring, but they negotiate a price of $125 for the entire two hours. Which of the following statements is true about the transaction above:",Consumer surplus is greater than producer surplus by between $50 and $75.,Producer surplus is greater than consumer surplus by between $50 and $75.,Consumer surplus is greater than producer surplus by more than $75.,Producer surplus is greater than consumer surplus by more than $75.,The difference between consumer and producer surplus is $25.,
https://img.crackap.com/ap/eco/cr2017/00199.jpg,A demand curve slopes downward for an individual as the result of,diminishing marginal utility,diminishing marginal returns,the Fisher effect,diminishing returns to scale,increasing marginal cost,
https://img.crackap.com/ap/eco/cr2017/00199.jpg,The supply curve for lawn-mowing services is likely to slope upward because of,decreasing marginal costs,increasing opportunity cost of time,diminishing marginal utility,increasing returns to scale,economies of scope,
https://img.crackap.com/ap/eco/cr2017/00199.jpg,"If supply and demand both increase, the result is",a definite increase in price and an indeterminate change in quantity,a definite increase in quantity and an indeterminate change in price,a definite decrease in quantity and an indeterminate change in price,a definite decrease in price and a definite increase in quantity,a definite increase in price and a definite increase in quantity,
https://img.crackap.com/ap/eco/cr2017/00199.jpg,"When the labor demand curve is downward-sloping, an increase in the minimum wage is",beneficial to some workers and harmful to other workers,beneficial to all workers and harmful to some employers,harmful to all workers and employers,beneficial to all workers and employers,none of the above,
https://img.crackap.com/ap/eco/cr2017/00222.jpg,The total utility from sardines is maximized when they are purchased until,marginal utility is zero,marginal benefit equals marginal cost,consumer surplus is zero,distributive efficiency is achieved,deadweight loss is zero,
https://img.crackap.com/ap/eco/cr2017/00222.jpg,"If a 3 percent increase in price leads to a 5 percent increase in the quantity supplied,",supply is unit elastic,demand is inelastic,demand is elastic,supply is elastic,supply is inelastic,
https://img.crackap.com/ap/eco/cr2017/00222.jpg,Normal goods always have a/an,elastic demand curve,inelastic demand curve,elastic supply curve,negative income elasticity,positive income elasticity,
https://img.crackap.com/ap/eco/cr2017/00222.jpg,"When the cross-price elasticity of demand is negative, the goods in question are necessarily",normal,inferior,complements,substitutes,luxuries,
https://img.crackap.com/ap/eco/cr2017/00222.jpg,"If a business wants to increase its revenue and it knows that the demand price elasticity of its product is equal to 0.78, it should",decrease price because demand is elastic,decrease price because demand is unit elastic,decrease price because demand is inelastic,increase price because demand is inelastic,increase price because demand is elastic,
https://img.crackap.com/ap/eco/cr2017/00020.jpg,The long-run average cost curve,is always below the short-run average cost curve,is always above the short-run average cost curve,always intersects the short-run average cost curve at the minimum of short-run average cost,is above the short-run average cost except at one point,is below the short-run average cost except at one point,
https://img.crackap.com/ap/eco/cr2017/00020.jpg,"A monopoly with a straight, downward-sloping demand curve has a marginal revenue curve that is",upward sloping,halfway between the demand curve and the vertical axis,initially downward sloping and then upward sloping,parallel to the demand curve,parallel to the vertical axis,
https://img.crackap.com/ap/eco/cr2017/00020.jpg,Marginal cost always intersects average variable cost at,the profit-maximizing quantity,the minimum of marginal cost,the maximum of average variable cost,the minimum of average variable cost,the maximum of marginal cost,
https://img.crackap.com/ap/eco/cr2017/00020.jpg,"In an oligopoly market, firms",cannot earn economic profits,are interdependent,are not subject to antitrust legislation,are large in number,have no market power,
https://img.crackap.com/ap/eco/cr2017/00020.jpg,"Relative to a competitive product market with the same costs, a monopoly can be expected to involve",more deadweight loss,lower prices,higher production levels,more firms,higher-quality products,
https://img.crackap.com/ap/eco/cr2017/00020.jpg,"Consider a profit-maximizing firm in a perfectly competitive market with several sellers and several buyers (i.e., the firm is a ""price taker"" of the goods it sells and a ""price taker"" of the hourly wages it pays its workers). If a technological innovation made by someone in this firm were to significantly raise the firm's marginal physical product (but not that of any other firm's), then this innovation would","reduce the firm’s employment level, because fewer workers are now needed",raise the workers’ hourly wage as they now contribute more marginal revenue,lead the firm to hire more workers but not to raise their wages,lead the firm to hire more workers and to pay them higher wages,None of the above,
https://img.crackap.com/ap/eco/cr2017/00161.jpg,A competitive firm's demand for labor is determined directly by,profits,the opportunity cost of workers’ time,the wage and the average (physical) product of labor,the marginal (physical) product of labor and the output price,marginal utility and marginal cost,
https://img.crackap.com/ap/eco/cr2017/00161.jpg,"Relative to a competitive input market, a monopsony",pays less and hires more,pays less and hires the same amount,pays more and hires more,pays more and hires fewer,pays less and hires fewer,
https://img.crackap.com/ap/eco/cr2017/00161.jpg,Which of the following is not among the methods unions use to increase wages?,Negotiations to obtain a wage floor,Restrictive membership policies,Efforts to decrease the prices of substitute resources,Featherbedding or make-work rules,Efforts to increase the demand for the product they produce,
https://img.crackap.com/ap/eco/cr2017/00161.jpg,A bilateral monopoly exists when,a monopsony buys from a monopoly,a monopoly sells to two different types of consumers,a monopoly buys from a monopsony,a monopolist sells two different types of goods,a monopoly sells at two different prices,
https://img.crackap.com/ap/eco/cr2017/00161.jpg,"Because people with relatively low incomes spend a larger percentage of their income on food than people with relatively high incomes, a sales tax on food would fall into which category of taxes?",Progressive,Proportional,Regressive,Neutral,Flat,
https://img.crackap.com/ap/eco/cr2017/00161.jpg,"Assume a firm hires labor for $15 each and sells its products for $3 each. If the MP of the 3rd worker is 10, which of the following statements would be the most true?",The firm should hire more labor so that the MRPL will increase.,The firm should hire more labor so that the MRPL will decrease.,The firm should hire less labor so that the MRPL will increase.,The firm should hire less labor so that the MRPL will decrease.,The firm should do nothing because it is currently maximizing profit.,
https://img.crackap.com/ap/eco/cr2017/00161.jpg,"If the government regulates a monopoly to produce at the allocative efficient quantity, which of the following would be true?",The monopoly would break even.,The monopoly would incur an economic loss.,The monopoly would make an economic profit.,The deadweight loss in this market would increase.,The deadweight loss in this market would decrease.,
https://img.crackap.com/ap/eco/cr2017/00161.jpg,Marginal revenue equals marginal cost at the point where,total revenue is greater than total cost at its greatest distance,total revenue is equal to total cost,marginal product is at its highest point,total product is at its highest point,average total cost is at its minimum,
https://img.crackap.com/ap/eco/cr2017/00161.jpg,"If the government subsidizes producers in a perfectly competitive market, then",the demand for the product will increase,the demand for the product will decrease,the consumer surplus will increase,the consumer surplus will decrease,the supply will decrease,
https://img.crackap.com/ap/eco/cr2017/00161.jpg,A price discriminating monopoly differs from a non-discriminating monopoly because a discriminating monopoly,has a demand curve that is more elastic than a non-discriminating monopoly,earns less revenue than a non-discriminating monopoly,earns more revenue than a non-discriminating monopoly,will produce less than a non-discriminating monopoly,has a marginal revenue curve that is less than a non-discriminating monopoly,
https://img.crackap.com/ap/eco/cr2017/00161.jpg,Which of the following could have caused an increase in the demand for ice cream cones?,A decrease in the price of ice cream cones,"A decrease in the price of ice cream, a complimentary good to ice cream cones","An increase in the price of ice cream, a complimentary good to ice cream cones","A decrease in the price of lollipops, a close substitute for ice cream",An increase in the supply of ice cream cones,
https://img.crackap.com/ap/eco/cr2017/00161.jpg,"A student eats 3 slices of pizza while studying for his Economics exam. The marginal utility of the first slice of pizza is 10 utils, the second slice is 7 utils, and the third slice is 3 utils. Which of the statements below holds true with the above data?",The student would not eat any more pizza.,The marginal utility of the 4th slice of pizza will be 0.,The student should have stopped eating pizza after 2 slices.,The total utility this student received from eating pizza is 20 utils.,The total utility decreases after the 1st slice of pizza because of diminishing marginal utility.,
https://img.crackap.com/ap/eco/cr2017/00161.jpg,"If corn is produced in a perfectly competitive market and the government placed a price ceiling above equilibrium, which of the following would be true?",There would be no change in the amount of corn demanded or supplied.,There would be a shortage created of corn.,There would be a surplus created of corn.,The producers of corn would lose revenue due to the decreased price.,Illegal markets may develop for corn.,
https://img.crackap.com/ap/eco/cr2017/00161.jpg,Which of the following examples would result in consumers paying for the largest burden of an excise tax placed on a producer?,If the demand curve is price elastic and the supply curve is price inelastic,If the demand curve is price elastic and the supply curve is perfectly elastic,If the demand curve is price inelastic and the supply curve is price elastic,If the demand curve is price inelastic and the supply curve is price inelastic,If the demand curve is perfectly inelastic and the supply curve is price elastic,
https://img.crackap.com/ap/eco/cr2017/00161.jpg,A monopoly is less efficient than a perfect competitor because,a monopoly produces more output and sells for a higher price,a monopoly produces less output and sells for a higher price,a monopoly can make profit in the short run but not in the long run,a perfect competitor breaks even in the short run and the monopoly does not,a monopoly is allocatively efficient whereas the perfect competitor is productively efficient,
https://img.crackap.com/ap/eco/cr2017/00067.jpg,Which of the following constitute the fundamental questions every economic system must answer?,"I, III, and V only","I, II, and IV only","I, II, and V only","II, IV, and V only","II, III, and IV only",
https://img.crackap.com/ap/eco/cr2017/00067.jpg,"Labor, human capital, entrepreneurship, natural resources, and physical capital are all examples of which of the following?",Public goods,Inferior goods,Factors of production,Outputs,Substitutes in production,
https://img.crackap.com/ap/eco/cr2017/00067.jpg,The law of diminishing marginal utility is most useful for explaining the,law of supply,law of demand,curvature of the total cost curve,shape of the production possibilities frontier,diminishing marginal product of capital,
https://img.crackap.com/ap/eco/cr2017/00067.jpg,Number of Workers Total Gyros per Hour,The firm faces decreasing returns to scale.,Diminishing marginal returns begin when the second worker is hired.,The firm faces increasing returns to scale.,The firm should not hire five workers.,Diminishing marginal returns begin when the fourth worker is hired.,
https://img.crackap.com/ap/eco/cr2017/00067.jpg,The owner of a competitive firm making zero economic profit,should consider shutting down because she could make more elsewhere,is making less than normal profits,is making exactly what she would make in her next best alternative job,will most likely make more profits in the long run,is making serious resource allocation errors,
https://img.crackap.com/ap/eco/cr2017/00067.jpg,Which of the following is more likely to result from a competitive market structure than from a monopoly making the same product?,Price equal to marginal cost,Relative welfare loss,Relatively high price,Relatively low quantity,Relatively inferior quality,
https://img.crackap.com/ap/eco/cr2017/00067.jpg,Which of the following is likely to have the most elastic demand?,A good with a vertical demand curve,Cigarettes,All types of soda pop,Sprite,Life-sustaining pills,
https://img.crackap.com/ap/eco/cr2017/00067.jpg,What are the effects on the supply and demand curves for Frisbees if a new procedure reduces the cost of making Frisbees?,Shifts right Shifts right,No change Shifts left,No change Shifts right,Shifts left Shifts right,Shifts right Shifts left,
https://img.crackap.com/ap/eco/cr2017/00067.jpg,Which of the following statements is true for a firm in a perfectly competitive industry?,Total revenue increases and then decreases.,Marginal revenue is decreasing.,Average revenue is initially negative and then becomes positive.,Marginal revenue is increasing.,Average revenue equals marginal revenue.,
https://img.crackap.com/ap/eco/cr2017/00067.jpg,Which of the following will shift the supply curve for textbooks to the left?,A decrease in the demand for a substitute in production,A decrease in the number of buyers,An increase in printing costs,Expectations of future surpluses,A decrease in taxes on textbook suppliers,
https://img.crackap.com/ap/eco/cr2017/00067.jpg,"In the absence of intervention, imperfect competition, externalities, public goods, and imperfect information all result in which of the following?",Demand curves that should be added vertically,Market failure,Prices that are too low,Quantities of output that are too high,An excess of pollution,
https://img.crackap.com/ap/eco/cr2017/00107.jpg,"Firms with the following market structure(s) maximize profits by producing where marginal cost equals marginal revenue, if at all.",I only,I and II only,I and III only,"I, III, and IV only","I, II, III, and IV",
https://img.crackap.com/ap/eco/cr2017/00107.jpg,Which of the following was not a landmark antitrust act?,The Wagner Act,The Sherman Act,The Clayton Act,The Robinson-Patman Act,The Celler-Kefauver Act,
https://img.crackap.com/ap/eco/cr2017/00107.jpg,In the same period there is a drought affecting the supply of pineapples and a discovery that may assist in the avoidance of cancer. How will this combination of events affect the equilibrium price and quantity of pineapples?Equilibrium Quantity,Increases Decreases,Increases Indeterminate,Indeterminate Increases,Decreases Indeterminate,Increases Increases,
https://img.crackap.com/ap/eco/cr2017/00107.jpg,Which of the following statements accurately describes the relationship between average product (AP) and marginal product (MP) of labor?,AP rises when MP is above it and falls when MP is below it.,MP intersects AP at the maximum of MP.,AP and MP are always parallel to each other.,AP and MP are either both rising or both falling at all levels of labor.,AP is always rising when MP is falling and vice versa.,
https://img.crackap.com/ap/eco/cr2017/00107.jpg,Which of the following goods is likely to provide both the largest total utility and the smallest marginal utility?,Plastic,Automobiles,Computers,Spam,Air,
https://img.crackap.com/ap/eco/cr2017/00107.jpg,"In order to find the market supply curve for a particular good, one would",aggregate the firm marginal revenue curves horizontally,aggregate the firm supply curves vertically,aggregate the firm marginal cost curves vertically,aggregate the firm marginal revenue curves vertically,aggregate the firm supply curves horizontally,
https://img.crackap.com/ap/eco/cr2017/00107.jpg,A loud party in the neighborhood is disturbing people living nearby who would like to sleep. Which of the following is most likely to lead to an efficient solution to the problem?,Ban parties,Permit people to throw parties as they please,Place a tax on parties equal to the value of the lost sleep that results,Permit parties only on Tuesdays and Saturdays,Place a tax on parties equal to the value party-goers receive from their parties,
https://img.crackap.com/ap/eco/cr2017/00107.jpg,"Unlike a perfectly competitive firm, a monopoly",will charge the highest price it can on the demand curve,has a horizontal marginal revenue curve,has an upward sloping total revenue curve,faces a downward sloping demand curve,faces a horizontal demand curve,
,"Every time Mr. Hamm makes another pizza in his shop, he places $0.45 worth of sauce on top. For Mr. Hamm, the cost of pizza sauce is a component of which of the following?",I and IV only,II and III only,II and IV only,III and IV only,"II, III, and IV only",
,"If the government wants to establish a socially optimal price for a natural monopoly, it should select the price at which",average revenue equals zero,marginal revenue equals zero,the marginal cost curve intersects the demand curve,the average total cost curve intersects the demand curve,marginal revenue equals marginal cost,
,Which of the following will increase wages for tuba makers?,An increase in the number of graduates at tuba maker training school,An increase in the price of tubas,An increase in the price of tuba lessons,An increase in the tax on tubas,An effective price ceiling for tubas,
,"After Julia received a raise in her income, she began purchasing more ice cream cones and fewer popsicles. For Julia, popsicles",disobey the law of demand,are a joint product,are a complementary good with ice cream,are a normal good,are an inferior good,
,"When the opportunity for price discrimination arises,",market segments with relatively elastic demand pay higher prices,market segments with relatively inelastic demand pay lower prices,consumer surplus decreases,demand is horizontal,demand is vertical,
,"When a perfectly competitive labor market is in equilibrium,",everyone who wants to work has the opportunity to do so,individual firms face downward sloping labor demand curves,unemployment can reach as high as 10-15 percent,individual firms face upward sloping labor demand curves,"individual firms are considered ""price makers""",
,A production possibility frontier will be a straight line when,efficiency is achieved,the goods on the axes are perfect substitutes in consumption,utility is maximized,resources are not specialized,the marginal product functions for all inputs are straight lines,
,An industry with three firms selling a standardized or differentiated product would be called,a competitive industry,a monopolistically competitive industry,an oligopoly,a duopoly,a monopoly,
,Which of the following are associated with public goods?,I and II only,I and IV only,II and III only,"I, III, and IV only","I, II, III, and IV",
,Which of the following statements about a price ceiling is accurate?,An effective price ceiling must be at a price below the equilibrium price.,A price ceiling will increase the quantity of the good supplied.,A price ceiling will cause a shift in the demand curve for the good.,A price ceiling will have no effect on the quantity of the good supplied.,Surpluses in the supply of the good are among the results of a price ceiling.,
https://img.crackap.com/ap/eco/cr2017/00190.jpg,"If a decrease in income of 10 percent would cause Alec's consumption of vitamins to increase by 15 percent, which of the following statements is the most likely to be correct?",Alec’s income elasticity of demand is 1.5.,Vitamins would be categorized as an inferior good for Alec.,Alec’s income elasticity of demand is 2/3.,Vitamins would be categorized as a necessity for Alec.,Alec’s income elasticity of demand is 150.,
https://img.crackap.com/ap/eco/cr2017/00190.jpg,"In the long run, a monopolistically competitive firm",earns zero economic profit,earns positive economic profit,earns negative economic profit,faces a vertical demand curve,faces a horizontal demand curve,
https://img.crackap.com/ap/eco/cr2017/00190.jpg,Which of the following is most likely to result in a shift to the right in the demand curve for orange juice?,A bumper crop of oranges in Florida,A decrease in the price of Tang,Expectations of lower future prices for orange juice,A law permitting orange pickers to be paid less than the minimum wage,Expectations of higher future income among juice drinkers,
https://img.crackap.com/ap/eco/cr2017/00190.jpg,The market demand curve for labor would shift to the left as the result of,an increase in the price of the good which the labor is producing,an increase in demand for the good which the labor is producing,an increase in the wage rate paid to workers,a decrease in the marginal product of labor,a decrease in the number of workers willing to work,
https://img.crackap.com/ap/eco/cr2017/00190.jpg,"The industry that makes plastic army figures uses a small fraction of the plastic demanded for all purposes. On this basis, we can conclude that the army-figures industry is most likely a(n)",increasing-cost industry,constant-cost industry,decreasing-cost industry,profit-making industry,loss-making industry,
https://img.crackap.com/ap/eco/cr2017/00190.jpg,The concentration ratio for a monopoly is,0,5,10,100,"1,000",
https://img.crackap.com/ap/eco/cr2017/00190.jpg,"At a Nash equilibrium,",the supply curve intersects the demand curve,neither party has an incentive to deviate from his or her strategy,the marginal revenue curve intersects the marginal cost curve,the equilibrium is unstable and each party would like to switch strategies,no additional output could possibly be produced,
https://img.crackap.com/ap/eco/cr2017/00190.jpg,The condition that P = MC is the direct requirement for which type of efficiency?,Distributive efficiency,Technical efficiency,Efficiency in production,Efficiency in exchange,Allocative efficiency,
https://img.crackap.com/ap/eco/cr2017/00190.jpg,"In order for a firm to successfully carry out price discrimination, which of the following conditions must hold?","I, III, and V only",III and IV only,I and IV only,"II, III, and V only",II and V only,
https://img.crackap.com/ap/eco/cr2017/00092.jpg,Which of the following is characteristic of a perfectly competitive firm's demand curve?,average revenue is less than price at all levels of output,marginal revenue is equal to marginal cost at all levels of output,price and marginal revenue are equal at all levels of output,it is the same as the market demand curve,demand is inelastic at all levels of output,
https://img.crackap.com/ap/eco/cr2017/00092.jpg,The relationship between the marginal revenue curve and the demand curve for a monopoly is most similar to the relationship between the marginal factor cost curve and what curve for a monopsony?,Labor demand,Labor supply,Marginal external cost,Total cost,Marginal cost,
https://img.crackap.com/ap/eco/cr2017/00092.jpg,What could the government do to most effectively avoid a free rider problem?,Enact stricter antitrust legislation,Provide more complete information about the relevant goods,Supply public goods using tax dollars,Tax those creating negative externalities,Subsidize those creating positive externalities,
https://img.crackap.com/ap/eco/cr2017/00092.jpg,The necessity for a monopoly to lower its price in order to sell more units of its product explains why,monopolies are common among public utilities,the marginal revenue curve is below the demand curve for a monopoly,the marginal cost curve for a monopoly slopes upward,monopolies are able to maintain market power,monopolies differ from monopolistically competitive firms,
https://img.crackap.com/ap/eco/cr2017/00092.jpg,The market demand curve for labor will shift to the right when,the number of firms increases,the price of output decreases,the labor supply curve shifts to the right,the labor supply curve shifts to the left,the marginal product of labor decreases,
https://img.crackap.com/ap/eco/cr2017/00092.jpg,"Patents, control of resources, economies of scale, and exclusive licenses are",all requirements for price discrimination,required in order for a firm to earn short-run profits,all sources of elastic demand,all barriers to entry,all detriments to market power,
https://img.crackap.com/ap/eco/cr2017/00092.jpg,Which of the following statements is accurate in regard to a perfectly competitive firm?,Demand is downward-sloping.,The demand curve lies above the marginal revenue curve.,Price is determined by the equilibrium in the entire market.,Average revenue differs from price.,Marginal revenue differs from average revenue.,
https://img.crackap.com/ap/eco/cr2017/00092.jpg,Which of the following indicates that two goods are complements?,A positive income elasticity,A horizontal demand curve,A negative cross-price elasticity,A demand elasticity greater than one,A positive cross-price elasticity,
https://img.crackap.com/ap/eco/cr2017/00092.jpg,"Education makes Chris a better worker, voter, parent, and citizen. Because the benefits from education go beyond those that Chris enjoys himself, education provides",increasing marginal utility and should be subsidized,externalities and should be taxed,decreasing marginal utility and should be taxed,externalities and should be subsidized,an example of a good with inelastic supply,
https://img.crackap.com/ap/eco/cr2017/00092.jpg,"When a negative externality exists as the result of the production of a good, the socially optimal quantity of output could be achieved by",free market capitalism,placing limits on the quantity that can be produced,government purchases of the good,setting a minimum on the quantity that can be produced,subsidizing the good’s production,
https://img.crackap.com/ap/eco/cr2017/00092.jpg,The demand curve for labor is derived from,the market labor demand curve,the demand curve for the output produced by labor,the labor supply curve for the firm,the equilibrium wage in the labor market,the market labor supply curve,
https://img.crackap.com/ap/eco/br3/00301.jpg,Economics is a social science that,is primarily concerned with money.,is primarily concerned with how resources are used.,relies solely on the scientific method for analysis.,is primarily concerned with maximizing spiritual well-being.,is purely normative.,
https://img.crackap.com/ap/eco/br3/00301.jpg,Macroeconomics focuses on,government and its laws that affect commerce.,individuals and their resource use.,corporations and their production levels.,the resource use of the entire nation.,money.,
https://img.crackap.com/ap/eco/br3/00301.jpg,Given the table below what is the opportunity cost of wheat in France?,1/2 cloth.,1/2 wheat.,2 cloth.,2 wheat.,1/4 cloth.,
https://img.crackap.com/ap/eco/br3/00301.jpg,"Given the table below, which statement is true?",England has the absolute advantage in both products.,France should specialize in and export wheat while England should specialize in and export cloth.,France has the comparative advantage in cloth.,England has the comparative advantage in wheat.,France has the absolute advantage in wheat while England has the absolute advantage in cloth.,
https://img.crackap.com/ap/eco/br3/00301.jpg,Which of the following statements is positive?,An economy that produces more butter than guns is better off than an economy that produces more guns than butter.,Nations should concentrate their resources on producing wholesome consumer goods as opposed to the weapons of war.,The production possibilities frontier is concave to the origin because of the law of increasing costs.,Nations ought to devote at least some of their resources to national defense.,Nations would do better by producing toward the middle of their production possibilities frontiers as opposed to the extreme points near the axes.,
https://img.crackap.com/ap/eco/br3/00301.jpg,The primary focus of microeconomics is,families and how they make money.,firms and how they make profits.,individual units within the overall economy.,government.,small countries.,
https://img.crackap.com/ap/eco/br3/00301.jpg,"Economists use the term ""capital"" to mean",money.,plant and equipment.,where the central government is located.,the center of the economy.,a major idea.,
https://img.crackap.com/ap/eco/br3/00301.jpg,What you give up to pursue another alternative is known as,capital.,land.,money cost.,the price of the product.,opportunity cost.,
https://img.crackap.com/ap/eco/br3/00301.jpg,"Given the following table,(combinations that can be produced using resources fully and efficiently)",10/7 oranges.,7/10 oranges.,10/7 apples.,7/1o apples.,70 percent.,
https://img.crackap.com/ap/eco/br3/00301.jpg,"Given the following table,(combinations that can be produced using resources fully and efficiently)",5 nuts.,5 soup.,20 percent.,500 percent.,constant.,
https://img.crackap.com/ap/eco/br3/00301.jpg,Production possibilities frontiers are concave to the origin because,of inefficiencies in the economy.,of opportunity cost.,of the law of increasing costs.,of constant opportunity costs.,the extreme points are not as well established.,
https://img.crackap.com/ap/eco/br3/00301.jpg,"When opportunity cost is constant across all production levels, the productions possibilities frontier is",concave to the origin.,convex to the origin.,undefined.,shifted.,a straight diagonal line sloping downward from left to right.,
https://img.crackap.com/ap/eco/br3/00301.jpg,"When an economy produces a combination of goods that lies on the production possibilities frontier,",resources are being used fully and efficiently.,prices are constant.,opportunity cost is constant.,(L)) resources will never be depleted.,prices will rise.,
https://img.crackap.com/ap/eco/br3/00301.jpg,The law of increasing costs,does not apply to guns and butter.,is the result of resources not being perfectly adaptable between the production of two goods.,implies that prices will rise when the costs of making a good rise.,causes the production possibilities frontier to be a straight line.,implies that opportunity costs will rise as production levels fall.,
,A price ceiling is characterized by,a price set below the current (or equilibrium) market price of the good.,a price set above the current (or equilibrium) market price of the good.,a shift of the demand curve (function).,a shift of the supply curve.,None of the above.,
,For which of the following statements are both the price change and quantity change determinable (for a particular good)?,Both the supply of and the demand for the good decrease.,Both the supply of and the demand for the good increase.,The supply increases and the demand for the good decreases.,The supply decreases and the demand increases.,None of the above.,
,"If the government subsidizes the production of halogen headlights,",the demand curve will shift to the left.,the demand curve will shift to the right.,the supply curve will shift to the left.,the supply curve will shift to the right.,the amounts demanded will increase along the demand curve.,
,"If consumers are advised that multigrained bread will substantially lessen the risk of cancer, which of the following will happen in the market for multigrained bread?","The demand curve will shift to the left, decreasing the price of multigrained bread.","The supply curve will shift to the left, increasing the price of multigrained bread.","The demand curve will shift to the right, increasing the price of multigrained bread.","The supply curve will shift to the right, decreasing the price of multigrained bread.",None of the above.,
,"When price elasticity of demand is greater than 1, demand is",perfectly inelastic.,elastic.,inelastic.,unit elastic.,not measurable.,
,Price times quantity measures,the international trade gap.,the budget deficit.,total revenue.,price elasticity of demand.,price elasticity of supply.,
,A positive sign on cross price elasticity of demand indicates that the two products are,luxuries.,necessities.,substitutes.,complements.,independent.,
,The price elasticity of demand for a product is greater if,the proportion of the good of the consumer's budget is high.,the period of time to respond to a price change is short.,the number of substitute products is limited.,the product is a necessity.,imports decrease.,
,A tax imposed on a supplier will more likely be passed on to the consumer in the form of price increase if,price elasticity of demand is highly elastic.,price elasticity of demand is highly inelastic.,price elasticity of demand is unit elastic.,wage elasticity of demand is highly elastic.,wage elasticity of demand is highly inelastic.,
,"If the price of a product decreases with the price of a substitute product remaining constant such that the consumer buys more of this product, this is called the",income effect.,substitution effect.,marginal effect.,supply effect.,CPI effect.,
,"If the price of a product decreases so that the consumer can buy more of it and other products, this is called the",income effect.,substitution effect.,marginal effect.,supply effect.,CPI effect.,
,The utility-maximizing rule is to choose the basket of goods that,has the highest marginal utility of each good in the basket.,has the lowest prices for the goods.,has the highest value of marginal utility to price for each good.,the marginal utility to price ratio equal for all goods in the basket.,the marginal utility to price ratio equal for all goods in the basket subject to the income constraint.,
,"According to the principle of diminishing marginal utility,",marginal utility stays the same.,total utility stays the same.,marginal utility decreases with each additional unit of a good that is consumed.,marginal utility and total utility both decrease.,total utility declines.,
,Which of the following is true about the pure public good?,The marginal cost of providing an additional unit of the good to additional citizens is greater than zero.,Consumers can be excluded from its benefits by not paying for it.,One more unit of a public good for some consumers means one less unit for other consumers.,The good cannot be divided into discrete units.,It has a pure moral nature.,
,"If there is a negative externality associated with the production of a private good, which of the following is an action by government that would most likely move the market to an efficient outcome?",Close the firm producing the good.,Subsidize the firm or its customers.,Tax the firm.,Appoint a commission.,Relocate the firm.,
,"If there is a positive externality associated with the production of a private good, which of the following is an action of government that would most likely move the market to an efficient outcome?",Close the firm producing the good.,Subsidize the firm or its customers.,Tax the firm.,Appoint a commission.,Relocate the firm.,
,"For a polluting steel company, a government action to most likely achieve an optimal or efficient outcome would produce what effect on the market equilibrium price and output?",Output would increase; no change in price.,Output would increase; price would decrease.,Output would increase; price would increase.,Output would decrease; price would decrease.,"Output would decrease, price would increase.",
,Which of the following is true?,Marginal Social Costs = Private Marginal Costs + Negative Externality.,Marginal Social Costs = Private Marginal Costs + Subsidy.,Marginal Social Benefits = Private Marginal Benefits + Tax.,Tax = Positive Externality.,Subsidy = Negative Externality.,
,Which of the following is true?,TC = (AVC + AFC)Q.,TFC = TC at all levels of output.,AVC + AFC = TC.,MC = TC - TFC.,ATC = AVC + MC.,
,"Opportunity costs or implicit costs of a ""Mom & Pop""-owned business are:",equal to accounting costs.,equal to accounting profits.,equal to earnings or profits that could have occurred using resources elsewhere.,equal to earnings or profits that occurred for Mom & Pop's business.,equal to earnings or profits of other Mom & Pop businesses.,
,"With capital fixed at one unit with 1, 2, 3 units of labor added in equal successive units, production of the output increases from 300 (1 unit of labor), to 350 (2 units of labor) to 375 (3 units of labor). Which of the following is a correct interpretation?",This is long run increasing returns to scale.,This is long run decreasing returns to scale.,This is long run constant returns to scale.,This is short run diminishing marginal productivity.,This is short run increasing marginal productivity.,
,Which of the following is not correct about economies of scale?,Economies of scale are associated with increases in production of output.,Economies of scale are associated with the rising or increasing portion of an average total cost (ATC) curve.,Economies of scale are associated with the declining or decreasing portions of the ATC curve.,Economies of scale result in decreases in per unit average cost.,Economies of scale may be associated with the ability to use more specialists in business.,
,Marginal cost (MC) is equal to average variable cost (AVC) and average total cost (ATC) when:,marginal cost (MC) intersects AVC and ATC at their maximum points.,AVC and ATC intersect MC at its maximum point.,MC intersects AVC and ATC at their minimum points.,AVC and ATC intersect MC at its minimum point.,the economy is in the recovery phase of the business cycle.,
,For which of the following market structures are the most substitutes available for consumers?,Perfect competition.,Monopolistic competition.,Oligopoly.,Monopoly.,All of the above.,
,Which of the following market structures has the greatest degree of elasticity?,Perfect competition.,Monopolistic competition.,Oligopoly.,Monopoly.,All of the above.,
,Which of the following market structures has the largest number of sellers?,Perfect competition.,Monopolistic competition.,Oligopoly.,Monopoly.,All of the above.,
,Which of the following market structures is not a price maker?,Perfect competition.,Monopolistic competition.,Oligopoly.,Monopoly.,All of the above.,
,"The individual firm, operating under perfect competition, is characterized as:",a price-maker.,one of a few sellers.,a price strategist.,a price-taker.,interdependent.,
,Firms maximize their profits by producing a level of output at which,MC = AFC.,MC = MR.,P = ATC.,MR= AVC.,P = AVC.,
,"In the short run, the shut down price is equal to",minimum point on average total cost.,maximum point on average total cost.,minimum point on average variable cost.,maximum point on average variable cost.,minimum point on marginal cost.,
,The demand curve for the firm operating under perfect competition is,upward sloping to the right.,downward sloping to the right.,perfectly vertical line.,perfectly horizontal function.,concave to origin.,
,"Which of the following is not correct for the perfectly competitive firm, in the long run?",price = minimum average cost.,price = marginal revenue.,price = minimum average variable cost.,price = marginal cost.,normal profits.,
,Which of the following is not a characteristic of a kinked demand curve?,A range of marginal costs over which MR = MC.,P < MC.,Interdependence of rivals.,Pricing at the kink.,Demand curve discontinuous at the kink.,
,Which of the following is a characteristic of monopolistic competition?,P > MC.,Efficiency.,Mostly price competition.,P =MR.,Homogenous or similar products.,
,Which of the following is not a characteristic of oligopoly?,P = MC.,Price-maker.,Strong barriers to entry.,Few firms.,P > MR.,
,Which of the following is a characteristic of monopolistic competition?,Economically efficient in the long run.,Pricing at minimum ATC in long run.,Excess capacity.,Very few competitors.,Most dominant market structure in United States.,
,Which of the following illustrates the demand curve facing an oligopolist when rival firms follow a price decrease but not a price increase?,Perfectly horizontal demand curve.,Highly inelastic demand curve.,Highly elastic demand curve.,A demand curve that is tangent to the average total cost curve.,A demand curve consisting of two discontinuous segments.,
https://img.crackap.com/ap/eco/br3/00260.jpg,The basis for the answer in number 1 is,"P or wage rate of labor > MRP of labor and with one additional unit of labor, wage rate < MRP.","P or wage rate of labor < MRP of labor and with one additional unit of labor WI, > MRP.",total revenue is at a maximum.,total output is at a maximum.,marginal physical product is at a maximum.,
https://img.crackap.com/ap/eco/br3/00260.jpg,Which of the following is not the basis for a wage differential?,Higher risk job.,Investment in human capital.,Increase in production of SUVs.,Racial discrimination.,Psychic income.,
https://img.crackap.com/ap/eco/br3/00260.jpg,A monopsonist is identified by one of the following:,A wage payment lower than the marginal revenue product of labor.,Employment level greater than that of a competitive labor market.,A wage payment higher than that of a competitive labor market.,A single seller of labor services.,A marginal factor cost curve lower than the supply curve.,
https://img.crackap.com/ap/eco/br3/00260.jpg,"If for two resources, Labor (L) and Capital (K), the ratios of their marginal physical products are MPPK/PK = MPPL/PL the firm should:",hire more capital (K) until the ratios are equal.,hire more labor (L) until the ratios are equal.,lower the price of capital (PK).,lower the price of labor (PL).,seek union membership for labor (L).,
https://img.crackap.com/ap/eco/br3/00260.jpg,The backward bending supply curve is characterized by which of the following?,"As wage rates rise, the quantity of labor supplied continues to rise at every wage rate increase.","The labor-leisure trade-off continues to favor the supply of more jobs, or the substitution effect.",The labor-leisure trade-off favors the income effect or more leisure at higher wage rates.,"inexperienced, low-income, younger workers at the backward bending portion.",discriminated workers.,
https://img.crackap.com/ap/eco/br3/00108.jpg,Which of the following is NOT a characteristic of perfectly competitive industry?,Free entry into the industry.,Product differentiation.,Perfectly elastic demand curve.,Homogeneous products.,Many sellers and many buyers.,
https://img.crackap.com/ap/eco/br3/00108.jpg,Which of the following is a characteristic of monopolistic competition in the long run?,Strong barriers to entry.,Homogeneous products.,Zero economic profits.,Minimum average total cost equals price.,Efficiency.,
https://img.crackap.com/ap/eco/br3/00108.jpg,Which of the following is characteristic of oligopoly?,I only.,II only.,III only.,I and III only.,II and III only.,
https://img.crackap.com/ap/eco/br3/00108.jpg,Which of the following is a characteristic of monopoly?,A single firm in the industry.,Price equal to marginal revenue.,Perfectly elastic demand curve.,Weak barriers to entry.,Zero economic profits.,
https://img.crackap.com/ap/eco/br3/00108.jpg,"Compared to perfect competition in the long run, monopoly has",more choices of products for consumers.,more efficiency.,lower prices.,higher output.,price greater than marginal revenue.,
https://img.crackap.com/ap/eco/br3/00108.jpg,"With the presence of a negative externality, which of the following would internalize (or correct) the externality?",A government subsidy.,A government tax.,A lower price.,A higher level of output.,A government-created task force.,
https://img.crackap.com/ap/eco/br3/00108.jpg,"With the presence of a positive externality, which of the following would correct the externality?",A government subsidy.,A government tax.,A higher price.,A lower level of output.,A government-created task force.,
https://img.crackap.com/ap/eco/br3/00108.jpg,Which of the following is true?,A marginal social cost = marginal private cost + marginal social benefits.,Value of externality = marginal social costs.,Value of externality = marginal private costs.,Marginal social cost = marginal private cost + negative externality.,Marginal social cost = marginal private cost + positive externality.,
https://img.crackap.com/ap/eco/br3/00108.jpg,Which of the following is true?,Average total cost = total fixed costs divided by the number of units produced.,Average total cost = average variable costs divided by the total number of units produced.,Average total cost = average variable cost plus marginal cost.,Average total cost = average variable cost plus average fixed cost.,All of the above.,
https://img.crackap.com/ap/eco/br3/00108.jpg,Which of the following is true about the relationship of the average total cost (ATC) curve and the marginal cost (MC) curve?,ATC and MC are always equal.,ATC and MC are never equal.,The ATC curve intersects the MC curve at the minimum point of the MC curve.,The MC curve intersects the ATC curve at the minimum point of the ATC curve.,The MC curve intersects the ATC curve at the maximum point of the ATC curve.,
https://img.crackap.com/ap/eco/br3/00108.jpg,Which of the following is true about a price floor?,It is used to correct government policy.,It is used when the equilibrium price is too high.,It will be located above the equilibrium price.,It will be located below the equilibrium price.,It is when the stock market has closed at a new low.,
https://img.crackap.com/ap/eco/br3/00331.jpg,Which of the following is true about a price ceiling?,It is used to correct government policy.,It is used when equilibrium prices are too low.,It will be located above the equilibrium price.,It will be located below the equilibrium price.,It is when the stock market has closed at a new high.,
https://img.crackap.com/ap/eco/br3/00331.jpg,Which of the following situations best exemplifies the concept of consumer surplus?,It refers to a consumer who no longer has any outstanding debts.,The federal government has taken in more revenue than it has paid out in expenditures.,A consumer pays more for a pizza than she thought it was worth at the margin of the purchase.,A consumer pays less for a pizza than she thought it was worth at the margin of the purchase.,A consumer pays exactly what she thinks the pizza is worth at the margin of the purchase.,
https://img.crackap.com/ap/eco/br3/00331.jpg,"If the government announces that the drinking of red grape juice reduces the risk of heart attacks, which of the following will be correct in terms of changes in quantity demanded, demand, and the price of red grape juice?",Increases Decreases Increases,No change No change Decreases,No change Increases Increases,Decreases Increases Decreases,Decreases Decreases Decreases,
https://img.crackap.com/ap/eco/br3/00213.jpg,Which of the following is NOT a source of wage differentials?,Differences in human capital stock.,Racial or gender discrimination.,Immobility of workers.,Compensation for risk.,Decrease in the birth rate.,
https://img.crackap.com/ap/eco/br3/00213.jpg,Which of the following best exemplifies economies of scale?,"As a firm's output decreases, average costs for production decrease.","As a firm's output increases, average costs for production increase.","As a firm's inputs triple, its output quadruples.","As a firm's inputs triple, its output doubles.","As a firm's inputs triple, its output stays constant.",
https://img.crackap.com/ap/eco/br3/00213.jpg,Which of the following is correct?,"In the long run, all inputs are variable.","In the short run, all inputs are variable.","In the long run, supply is not able to adjust fully to changes in demand.","In the short run, supply is able to adjust fully to changes in demand.",A short run is any distance less than one mile.,
https://img.crackap.com/ap/eco/br3/00213.jpg,"If a firm decreases its prices by 15 percent and its total revenue increases by 30 percent, which of the following is correct?",The price elasticity of demand is unit elastic.,The price elasticity of demand is inelastic.,The price elasticity of demand is elastic.,The numerical coefficient of elasticity is equal to one.,The numerical coefficient of elasticity is less than one.,
https://img.crackap.com/ap/eco/br3/00213.jpg,"If one person has the only original signed copy of The Wealth of Nations by Adam Smith, which of the following would illustrate this situation?",A downward sloping demand curve.,An upward sloping supply curve.,An invisible hand.,A perfectly vertical supply curve.,A perfectly horizontal demand curve.,
https://img.crackap.com/ap/eco/br3/00213.jpg,"When marginal cost equals price in a perfectly competitive product market at long run equilibrium, which of the following is NOT correct?",There is a socially optimal or efficient output and price.,Other product markets are inefficient by contrast.,It is a sign of high concentration among sellers.,The value placed on the product by the buyer is equal to the cost of production of the seller at the margin of an additional sale.,Marginal cost equals minimum average total cost.,
https://img.crackap.com/ap/eco/br3/00222.jpg,Which of the following is a correct statement?,Average total cost equals marginal cost plus average fixed costs.,Average total cost equals marginal costs plus average variable costs.,Average total cost equals average fixed costs plus average variable costs.,Total fixed costs vary with output.,Total fixed costs equal total variable costs at zero output.,
https://img.crackap.com/ap/eco/br3/00222.jpg,Which of the following correctly identifies the condition that explains inefficiency for firms in a monopolistically competitive industry?,Higher output than competitive industries.,Lower price than competitive industries.,Price equals marginal cost.,Price equals marginal revenue.,Excess capacity compared to competitive industries.,
https://img.crackap.com/ap/eco/br3/00222.jpg,"If the price of Product X increases, which of the following will be true of the quantity demanded, total revenue, and the price elasticity of demand?","Increases Decreases >1, Elastic","Increases Increases <1, Inelastic","Decreases Increases <1, Inelastic","Decreases No change >1, Elastic","Decreases Decreases =1, Unit elastic",
https://img.crackap.com/ap/eco/br3/00222.jpg,"If the price of one good (A) increases and the quantity demanded of another good (B) increases, the two goods are",substitute goods.,complement goods.,inferior goods.,normal goods.,independent goods.,
https://img.crackap.com/ap/eco/br3/00222.jpg,"If, as the price of a particular good increases, the added satisfaction of each additional unit of this good for the consumer decreases, which of the following correctly identifies the concept?",Diminishing marginal productivity.,Diminishing marginal utility.,Increasing marginal utility.,Increasing marginal productivity.,Constant costs.,
https://img.crackap.com/ap/eco/br3/00222.jpg,"If, for each additional unit of a variable input, the increases in output become smaller, which of the following correctly identifies the concept?",Diminishing marginal productivity.,Diminishing marginal utility.,Increasing marginal utility.,Increasing marginal productivity.,Constant costs.,
https://img.crackap.com/ap/eco/br3/00222.jpg,Which of the following is correct about the demand for labor?,The demand for labor is independent of the demand for other inputs or resources.,The demand for labor is independent of the demand for the products produced by labor.,The demand for labor is independent of the availability of other inputs or resources.,The demand for labor is derived from the demand for the products produced by labor.,The demand for labor is derived from the demand for labor unions.,
https://img.crackap.com/ap/eco/br3/00222.jpg,"The greater (higher) the wage elasticity of demand, the",greater the proportion of capital costs to labor costs in the production of goods.,greater the price elasticity for the product produced by labor.,the smaller the number of substitutes for labor.,the smaller the time period.,the smaller the proportion of labor costs to total costs.,
https://img.crackap.com/ap/eco/br3/00222.jpg,Which of the following is an example of a transfer earning?,A superstar basketball player's $40 million earnings.,A social security retirement income.,A welfare payment from social services.,A check to a college student from a parent or guardian.,A cashier at a restaurant receiving the same $8 an hour that other cashiers receive.,
https://img.crackap.com/ap/eco/br3/00322.jpg,Which of the following is an example of an economic rent?,A superstar basketball player's $50 million earnings.,A social security retirement income.,A welfare payment from social services.,A check to a college student from a parent or guardian.,A cashier at a restaurant receiving the same $8 an hour that other cashiers receive.,
https://img.crackap.com/ap/eco/br3/00322.jpg,The Lorenz Curve is used to measure which of the following:,The ratio of income to wealth in different countries.,The ratio of public goods to private goods in different countries.,The ratio of income inequality to income equality in different countries.,The ratio of the working poor to the non-working poor.,The ratio of shares of taxation to shares of total income.,
https://img.crackap.com/ap/eco/br3/00322.jpg,Which of the following statements is correct?,Economic Profits = Accounting Profits.,Economic Costs = Explicit Costs plus Implicit Costs.,Economic Costs = Explicit Costs minus Implicit Costs.,Opportunity Costs = Economic Profits.,Accounting Costs = Implicit Costs.,
https://img.crackap.com/ap/eco/br3/00322.jpg,Which of the following is true for a firm operating under perfect competition in the long run?,The firm will engage in non-price competition.,The firm will realize economic profits.,The firm will incur economic losses.,The firm will realize zero economic profits.,The firm will have a price greater than its marginal revenue.,
https://img.crackap.com/ap/eco/br3/00322.jpg,Which of the following conditions is characteristic of oligopoly?,"A rival firm matches price decreases of rivals, but fails to match any price increases of rivals.","A rival firm matches price increases of rivals, but fails to match any price decrease of rivals.",A rival firm fails to match both price increases or price decreases of rivals.,(I)) Rival firms act independently of each other.,There is such a large number of firms that firms cannot exercise any price strategy.,
https://img.crackap.com/ap/eco/br3/00322.jpg,"With respect to the kinked demand curve, which of the following is NOT correct?",There is no price leader.,There are relatively equal shares of the market.,Price is greater than marginal costs.,It is a noncollusive model.,The demand curve is of one continuous function.,
https://img.crackap.com/ap/eco/br3/00322.jpg,"Usually, the supply curve of firms operating under conditions of perfect competition in product market would be identified as",perfectly vertical in the long run.,perfectly horizontal in the short run.,more elastic in the long run.,more elastic in the short run.,discontinuous in the long run.,
https://img.crackap.com/ap/eco/br3/00322.jpg,Relatively free or easy entry (low or nonexistent barriers to entry) is best matched by which of the following?,"More consumer choices, greater price elasticity of demand, more competitors.","More consumer choices, lower price elasticity of demand, more competitors.","More consumer choices, greater price elasticity of demand, fewer competitors.","Fewer consumer choices, lower price elasticity of demand, fewer competitors.","Fewer consumer choices, greater price elasticity of demand, more competitors.",
https://img.crackap.com/ap/eco/br3/00322.jpg,"Which of the following represents a measure of a firm's monopoly pricing or market power, i.e., the larger the value of the index, the greater the firm's market pricing power?",(MC-P)/MC,(MC-P)/P,(P-MC)/P,(P-MC)/MC,(P-MR)/MC,
https://img.crackap.com/ap/eco/br3/00322.jpg,"Which of the following correctly illustrates why price (P) equals marginal revenue (MR) under perfect competition, and why price (P) is greater than marginal revenue under monopoly or imperfect competition?","I, II, and III.",I and II.,I only.,I and III.,II only.,
https://img.crackap.com/ap/eco/br3/00322.jpg,"In the design of a competitive market system, which of the following does NOT describe how resources are allocated?","Price signals that guide producers on what, when, how, and for whom to produce goods and services.",Active government ownership and direction of production.,Voluntary market exchange between buyers and sellers.,Distribution of income and goods on the basis of contribution or productivity.,Profit motivation.,
https://img.crackap.com/ap/eco/a5i/Image00036.jpg,Economics is best described as,the study of how scarce material wants are allocated between unlimited resources.,the study of how scarce labor can be replaced by unlimited capital.,the study of how decision makers choose the best way to satisfy their unlimited material wants with a scarce supply of resources.,the study of how unlimited material wants can best be satisfied by allocating limitless amounts of productive resources.,the study of how capitalism is superior to any other economic system.,
https://img.crackap.com/ap/eco/a5i/Image00036.jpg,"A student decides that, having already spent three hours studying for an exam, she should spend one more hour studying for the same exam. Which of the following is most likely true?",The marginal benefit of the fourth hour is certainly less than the marginal cost of the fourth hour.,The marginal benefit of the fourth hour is at least as great as the marginal cost of the fourth hour.,"Without knowing the student’s opportunity cost of studying, we have no way of knowing whether or not her marginal benefits outweigh her marginal costs.",The marginal cost of the third hour was likely greater than the marginal cost of the fourth hour.,The marginal benefit of the third hour was less than the marginal cost of the third hour.,
https://img.crackap.com/ap/eco/a5i/Image00036.jpg,The island nation of Beckham uses economic resources to produce tea and crumpets. Use the following production possibilities frontier for question below.,A to B,B to C,C to D,D to E,E to A,
https://img.crackap.com/ap/eco/a5i/Image00036.jpg,The island nation of Beckham uses economic resources to produce tea and crumpets. Use the following production possibilities frontier for question below.,economic resources are perfectly substitutable from production of tea to production of crumpets.,citizens prefer that an equal amount of tea and crumpets be produced.,the opportunity cost of producing crumpets rises as more crumpets are produced.,the opportunity cost of producing crumpets is constant along the curve.,the opportunity cost of producing tea falls as you produce more tea.,
https://img.crackap.com/ap/eco/a5i/Image00036.jpg,"Ray and Dorothy can both cook and can both pull weeds in the garden on a Saturday afternoon. For every hour of cooking, Ray can pull 50 weeds and Dorothy can pull 100 weeds. Based on this information,","Ray pulls weeds, since he has absolute advantage in cooking.","Dorothy pulls weeds, since she has absolute advantage in cooking.","Dorothy cooks, since she has comparative advantage in cooking.","Ray cooks, since he has comparative advantage in cooking.","Dorothy pulls weeds, since she has comparative advantage in cooking.",
,"When the price of pears increases, we expect the following:",Quantity demanded of pears rises.,Quantity supplied of pears falls.,Quantity demanded of pears falls.,Demand for pears falls.,Supply of pears rises.,
,"If average household income rises and we observe that the demand for pork chops increases, pork chops must be",an inferior good.,a normal good.,a surplus good.,a public good.,a shortage good.,
,"Suppose that aluminum is a key production input in the production of bicycles. If the price of aluminum falls, and all other variables are held constant, we expect",the demand for aluminum to rise.,the supply of bicycles to rise.,the supply of bicycles to fall.,the demand for bicycles to rise.,the demand for bicycles to fall.,
,"The market for denim jeans is in equilibrium, and the price of polyester pants, a substitute good, rises. In the jean market","supply falls, increasing the price and decreasing the quantity.","supply falls, increasing the price and increasing the quantity.","demand falls, increasing the price and decreasing the quantity.","demand rises, increasing the price and increasing the quantity.","supply and demand both fall, causing an ambiguous change in price but a definite decrease in quantity.",
,"The apple market is in equilibrium. Suppose we observe that apple growers are using more pesticides to increase apple production. At the same time, we hear that the price of pears, a substitute for apples, is rising. Which of the following is a reasonable prediction for the new price and quantity of apples?","Price rises, but quantity is ambiguous.","Price falls, but quantity is ambiguous.","Price is ambiguous, but quantity rises.","Price is ambiguous, but quantity falls.",Both price and quantity are ambiguous.,
,The competitive market provides the best outcome for society because,"consumer surplus is minimized, while producer surplus is maximized.",the total welfare is maximized.,"producer surplus is minimized, while consumer surplus is maximized.",the difference between consumer and producer surplus is maximized.,the total cost to society is maximized.,
https://img.crackap.com/ap/eco/a5i/Image00090.jpg,"If the price of corn rises 5 percent and the quantity demanded for corn falls 1 percent, then",E d = 5 and demand is price elastic.,E d = 1/5 and demand is price elastic.,E d = 5 and demand is price inelastic.,E d = 1/5 and demand is price inelastic.,E d = 5 and corn is a luxury good.,
https://img.crackap.com/ap/eco/a5i/Image00090.jpg,"A small business estimates price elasticity of demand for the product to be 3. To raise total revenue, owners should",decrease price as demand is elastic.,decrease price as demand is inelastic.,increase price as demand is elastic.,increase price as demand is inelastic.,do nothing; they are already maximizing total revenue.,
https://img.crackap.com/ap/eco/a5i/Image00090.jpg,"Mrs. Johnson spends her entire daily budget on potato chips, at a price of $1 each, and onion dip at a price of $2 each. At her current consumption bundle, the marginal utility of chips is 12 and the marginal utility of dip is 30. Mrs. Johnson should",do nothing; she is consuming her utility maximizing combination of chips and dip.,increase her consumption of chips until the marginal utility of chip consumption equals 30.,decrease her consumption of chips until the marginal utility of chip consumption equals 30.,decrease her consumption of chips and increase her consumption of dip until the marginal utility per dollar is equal for both goods.,increase her consumption of chips and increase her consumption of dip until the marginal utility per dollar is equal for both goods.,
https://img.crackap.com/ap/eco/a5i/Image00090.jpg,A consequence of a price floor is,a persistent shortage of the good.,an increase in total welfare.,a persistent surplus of the good.,elimination of deadweight loss.,an increase in quantity demanded and a decrease in quantity supplied.,
https://img.crackap.com/ap/eco/a5i/Image00107.jpg,"Which of the following is most likely an example of production inputs that can be adjusted in the long run, but not in the short run?",Amount of wood used to make a desk.,Number of pickles put on a sandwich.,The size of a McDonald’s kitchen.,Number of teacher’s assistants in local high schools.,The amount of electricity consumed by a manufacturing plant.,
https://img.crackap.com/ap/eco/a5i/Image00107.jpg,The Law of Diminishing Marginal Returns is responsible for,"AVC that first rises, but eventually falls, as output increases.","AFC that first rises, but eventually falls, as output increases.","MP that first falls, but eventually rises, as output increases.","MC that first falls, but eventually rises, as output increases.","ATC that first rises, but eventually falls, as output increases.",
https://img.crackap.com/ap/eco/a5i/Image00107.jpg,Which of the following cost and production relationships is inaccurately stated?,AFC = AVC – ATC,MC = ΔTVC/ΔQ,TVC = TC – TFC,APL = TPL /L,MC = w/MPL,
https://img.crackap.com/ap/eco/a5i/Image00107.jpg,"If the per unit price of labor, a variable resource, increases, it causes which of the following?",An upward shift in AFC.,An upward shift in MPL.,A downward shift in ATC.,An upward shift in MC.,A downward shift in AFC.,
https://img.crackap.com/ap/eco/a5i/Image00134.jpg,"For a competitive firm, what is the most important thing to consider in deciding whether to shut down in the short run?",Compare AVC to MR.,Compare TR to TC.,Do not produce if the TFC is not covered by revenue.,Produce the highest quantity demanded regardless of price.,Compare P to ATC.,
https://img.crackap.com/ap/eco/a5i/Image00134.jpg,Which characteristic is likely a part of a monopoly market but not of monopolistic competition?,Differentiated products,Patents and copyrights,Possibility of profit in the short run,Deadweight loss exists,None of the above,
https://img.crackap.com/ap/eco/a5i/Image00134.jpg,"If the perfectly competitive price is currently above minimum ATC, we can expect which of the following events in the long run?",Price rises as firms enter the industry.,Market equilibrium quantity rises as firms exit the industry.,Nothing. The industry is currently in long-run equilibrium.,Profits fall as the market price rises.,Price falls as firms enter the industry.,
https://img.crackap.com/ap/eco/a5i/Image00134.jpg,Which of these situations is not an example of price discrimination?,"Brent works nights, so he chooses to buy bread at 7 a.m. rather than at 7 p.m.","Bob and Nancy each receive a ""$1 off"" coupon in the mail, but Bob redeems it while Nancy does not.","Katie buys 12 Cokes for $3, and Josh buys one Coke at a time for $1.","Velma likes to go to the movies at the lower afternoon matinee price, and Rosemary would rather pay more for the evening show.","Jason and Jen go to a popular nightclub. Because it is ""Ladies’ Night,"" Jen pays no cover charge, but Jason must pay to enter the club.",
https://img.crackap.com/ap/eco/a5i/Image00134.jpg,Two competing firms are deciding whether to launch a huge costly advertising campaign or maintain the status quo. Use the following matrix showing the profits of this duopoly to respond to question below.,both firms maintain the status quo.,both firms advertise.,Firm X advertises and Firm Y maintains the status quo.,Firm Y advertises and Firm X maintains the status quo.,Firm X advertises and Firm Y alternates between the status quo and advertising.,
https://img.crackap.com/ap/eco/a5i/Image00134.jpg,Deadweight loss occurs in,monopolistic competition as P > MC.,monopoly markets because P > MC.,oligopoly markets because P > MC.,All of the above.,None of the above.,
https://img.crackap.com/ap/eco/a5i/Image00152.jpg,Your aunt runs a small firm from her home making apple pies. She hires some friends to help her. Which of the following situations would most likely increase her demand for labor?,The price of apple peelers/corers rises.,"Your aunt’s friends gossip all day, slowing their dough-making process.",There is a sale on ovens.,A new study reveals that apples increase your risk of cancer.,The price of apples increases.,
https://img.crackap.com/ap/eco/a5i/Image00152.jpg,"The price of labor is $2, and the price of capital is $1. The marginal product of labor is 200, and the marginal product of capital is 50. What should the firm do?",Increase capital and decrease labor so that the marginal product of capital falls and the marginal product of labor rises.,Increase capital and decrease labor so that the marginal product of capital rises and the marginal product of labor falls.,Decrease capital and increase labor so that the marginal product of capital rises and the marginal product of labor falls.,Decrease capital and increase labor so that the marginal product of capital falls and the marginal product of labor rises.,Increase both capital and labor until the ratio of marginal products per dollar is equal.,
https://img.crackap.com/ap/eco/a5i/Image00152.jpg,A competitive labor market is currently in equilibrium. Which of the following most likely increases the market wage?,More students graduate with the necessary skills for this labor market.,Demand for the good produced by this labor is stronger.,The price of a complementary resource increases.,The Department of Labor removes the need for workers to pass an exam before they can work in this field.,"Over time, one large employer grows to act as a monopsonist.",
https://img.crackap.com/ap/eco/a5i/Image00161.jpg,Which of the following scenarios best describes a negative externality?,"A roommate has an extensive music library, and you share the same taste in music.","Your neighbor has a swimming pool, and you have an open invitation to come on over for a pool party.","Your neighbor has a swimming pool, and her six-year-old child has his first-grade friends over every day for a pool party.",Your roommate’s mom has decided that your apartment needs cable and pays for it.,Your dad has purchased a new sports coupe and has agreed that you can drive it to the prom.,
https://img.crackap.com/ap/eco/a5i/Image00161.jpg,Which of the following is the best example of a public good?,A lighthouse on a rocky coastline,Tickets to the Super Bowl,A granola bar,A cup of coffee,A magazine subscription,
https://img.crackap.com/ap/eco/a5i/Image00161.jpg,"Production of energy (i.e., electricity, natural gas, heating oil) creates a negative externality in the form of air pollution blown to communities downwind from the source of the pollution. Of the choices below, which is the most appropriate policy to remedy this negative externality?",a per unit tax on consumers of subway tickets and city bus passes,a per unit tax on producers of energy,a per unit subsidy for energy consumers,a per unit tax on consumers of energy efficient lightbulbs,a per unit subsidy for energy producers,
https://img.crackap.com/ap/eco/a5i/Image00161.jpg,"Jason earns $1,000 a week and pays a total of $200 in taxes. Jennifer earns $2,000 a week and pays a total of $300 in taxes. We can conclude from this information that their income is taxed with a(n)",progressive tax,proportional tax,regressive tax,tax bracket,egalitarian tax,
https://img.crackap.com/ap/eco/a5i/Image00161.jpg,You learn that one nation has a Gini ratio of .25 and another nation has a Gini ratio of .85. Based on this you might conclude,the nation with the higher Gini ratio has a more equal distribution of wealth and income.,the nation with the higher Gini ratio has a more unequal distribution of citizens with college degrees.,the nation with the lower Gini ratio has more societal barriers like discrimination.,the nation with the higher Gini ratio has fewer societal barriers like discrimination.,the nation with the lower Gini ratio has more oligopolistic industries.,
https://img.crackap.com/ap/eco/a5i/Image00018.jpg,Scarcity is best defined as,the difference between limited wants and limited economic resources.,the difference between the total benefit of an action and the total cost of that action.,the difference between unlimited wants and limited economic resources.,the opportunity cost of pursuing a given course of action.,the difference between the marginal benefit and marginal cost of an action.,
https://img.crackap.com/ap/eco/a5i/Image00018.jpg,Which of the following statements is most consistent with a capitalist market economy?,Economic resources are allocated according to the decisions of the central bank.,"Private property is fundamental to innovation, growth, and trade.",A central government plans the production and distribution of goods.,Most wages and prices are legally controlled.,Most economic resources are owned by the government and leased to the citizens in exchange for lower taxes.,
https://img.crackap.com/ap/eco/a5i/Image00018.jpg,Which of the following is true of equilibrium in a purely (or perfectly) competitive market for good X?,A shortage of good X exists.,The quantity demanded equals the quantity supplied of good X.,A surplus of good X exists.,The government regulates the quantity of good X produced at the market price.,Deadweight loss exists.,
https://img.crackap.com/ap/eco/a5i/Image00018.jpg,"The competitive market for gasoline, a normal good, is currently in a state of equilibrium. Which of the following would most likely increase the price of gasoline?",Household income falls.,Technology used to produce gasoline improves.,The price of subway tickets and other public transportation falls.,"The price of crude oil, a raw material for gasoline, rises.",The price of car insurance rises.,
https://img.crackap.com/ap/eco/a5i/Image00018.jpg,"If the demand for grapes increases simultaneously with an increase in the supply of grapes, we can say that","equilibrium quantity rises, but the price change is ambiguous.","equilibrium quantity falls, but the price change is ambiguous.","equilibrium quantity rises, and the price rises.","equilibrium quantity falls, and the price falls.","the quantity change is ambiguous, but the equilibrium price rises.",
https://img.crackap.com/ap/eco/a5i/Image00018.jpg,Suppose the price of beef rises by 10 percent and the quantity of beef demanded falls by 20 percent. We can conclude that,demand for beef is price elastic and consumer spending on beef is falling.,demand for beef is price elastic and consumer spending on beef is rising.,demand for beef is price inelastic and consumer spending on beef is falling.,demand for beef is price inelastic and consumer spending on beef is rising.,demand for beef is unit elastic and consumer spending on beef is constant.,
https://img.crackap.com/ap/eco/a5i/Image00018.jpg,"If the price of firm A's cell phone service rises by 5 percent and the quantity demanded for firm B's cell phone service increases by 10 percent, we can say that",demand for firm B is price elastic.,supply for firm B is price elastic.,firms A and B are substitutes because the cross-price elasticity is greater than zero.,firms A and B are complements because the cross-price elasticity is less than zero.,firms A and B are complements because the cross-price elasticity is greater than zero.,
https://img.crackap.com/ap/eco/a5i/Image00018.jpg,Which of the following describes the theory behind the demand curve?,Decreasing marginal utility as consumption rises.,Increasing marginal cost as consumption rises.,Decreasing marginal cost as consumption rises.,Increasing total utility at an increasing rate as consumption rises.,The substitution effect is larger than the income effect.,
https://img.crackap.com/ap/eco/a5i/Image00018.jpg,"If a consumer is not required to pay a monetary price for each cookie she consumes, the consumer will stop eating cookies when",the total utility from eating cookies is equal to zero.,the substitution effect outweighs the income effect from eating cookies.,the ratio of marginal utility divided by total utility is equal to one.,the marginal utility from eating the last cookie is zero.,the marginal utility from eating the next cookie is increasing at a decreasing rate.,
https://img.crackap.com/ap/eco/a5i/Image00018.jpg,"In the short run, a firm employs labor and capital to produce gadgets. If the annual price of capital increases, what will happen to the short-run cost curves?",The marginal cost and average variable cost curves will shift upward.,The average fixed cost and average total cost curves will shift upward.,The marginal cost and average fixed cost curves will shift upward.,"The marginal cost, average fixed cost, average variable cost, and average total cost curves will all shift upward.",Only the average fixed cost curve will shift upward.,
https://img.crackap.com/ap/eco/a5i/Image00020.jpg,Question below is based on the table of costs below for a perfectly competitive firm.,$5.,$7.50.,$7.,$2.50.,$10.,
https://img.crackap.com/ap/eco/a5i/Image00020.jpg,Question below is based on the table of costs below for a perfectly competitive firm.,1st,2nd,3rd,4th,5th,
https://img.crackap.com/ap/eco/a5i/Image00020.jpg,Question below is based on the table of costs below for a perfectly competitive firm.,$7.50,$2.50,$15,$30,$14.50,
https://img.crackap.com/ap/eco/a5i/Image00020.jpg,Monopolistic competition is often characterized by,strong barriers to entry.,a long-run price that exceeds average total cost.,"a price that exceeds average variable cost, causing excess capacity.",a homogenous product.,many resources devoted to advertising.,
https://img.crackap.com/ap/eco/a5i/Image00020.jpg,The Figure below illustrates the short-run cost curves of a perfectly competitive firm.,"P0, q0","P1, q1","P2, q2","P3, q3","P3, q4",
https://img.crackap.com/ap/eco/a5i/Image00020.jpg,The Figure below illustrates the short-run cost curves of a perfectly competitive firm.,increase output from q1 to q4 and earn positive economic profits.,increase output from q1 to q4 and earn a normal profit.,increase output from q1 to q3 and earn positive economic profits.,increase output from q1 to q3 and earn a normal profit.,increase output from q1 to q2 and earn economic losses.,
https://img.crackap.com/ap/eco/a5i/Image00020.jpg,"If the perfectly competitive price is currently below minimum average total cost, we can expect which of the following events in the long run?",The price will rise and each firm's output will fall as firms exit the industry.,Market equilibrium quantity will increase as firms exit the industry.,Nothing. The industry is currently in long-run equilibrium.,Profits will fall as the market price increases.,The price will rise to the breakeven point as firms exit the industry.,
https://img.crackap.com/ap/eco/a5i/Image00020.jpg,"When a monopolist has maximized profit,","price is set equal to marginal cost, creating zero economic profit.",output is set where price is equal to average total cost.,"price is set above marginal cost, creating allocative inefficiency.",any short-run profit will be eliminated through the long-run entry of new firms.,"output is set where price is equal to marginal cost, eliminating any deadweight loss.",
https://img.crackap.com/ap/eco/a5i/Image00020.jpg,Which of the following is necessarily a characteristic of oligopoly?,Free entry into and exit from the market,A few large producers,One producer of a good with no close substitutes,A homogenous product,No opportunities for collusion between firms,
https://img.crackap.com/ap/eco/a5i/Image00020.jpg,The market structures of perfect competition and monopolistic competition share which of the following characteristics?,Ease of entry and exit in the long run,Homogenous products,Perfectly elastic demand for the firm's product,Long-run positive profits,"Rigid or ""sticky"" prices",
https://img.crackap.com/ap/eco/a5i/Image00020.jpg,"If the government wishes to regulate a natural monopoly so that it produces an allocatively efficient level of output, it would be at an output",where price is equal to average total cost.,where marginal revenue equals marginal cost.,where normal profits are made.,where price is equal to average variable cost.,where price is equal to marginal cost.,
https://img.crackap.com/ap/eco/a5i/Image00020.jpg,Which of the following is most likely to decrease the demand for kindergarten teachers?,An increase in funding for education,Increased immigration of foreign citizens and their families,A decrease in the average number of children per household,Subsidies given to college students who major in elementary education,A decrease in the number of classes the state requires for a teaching certificate,
https://img.crackap.com/ap/eco/a5i/Image00021.jpg,Which of the following statements is true about the demand for labor?,It rises if the price of a substitute resource falls and the output effect is greater than the substitution effect.,It falls if the price of the output produced rises.,It falls if the price of a complementary resource falls.,It falls if the demand for the output produced by labor increases.,It falls if the labor becomes more productive.,
https://img.crackap.com/ap/eco/a5i/Image00021.jpg,Question below is based on the table of employment data below.,$4 and zero.,$5 and 10.,$6 and 20.,$7 and 30.,$8 and 40.,
https://img.crackap.com/ap/eco/a5i/Image00021.jpg,Question below is based on the table of employment data below.,greater than; less than,less than; greater than,greater than; greater than,less than; less than,less than; the same as,
https://img.crackap.com/ap/eco/a5i/Image00021.jpg,Which of the following is the best example of a public good?,A visit to the orthodontist,A session at the tanning salon,A large pizza,A cup of coffee,The International Space Station,
https://img.crackap.com/ap/eco/a5i/Image00021.jpg,A negative externality in the market for a good exists when,the market overallocates resources to the production of this good.,spillover benefits are received by society.,the marginal social benefit equals the marginal social cost.,total welfare is maximized.,the marginal private cost exceeds the marginal social cost.,
https://img.crackap.com/ap/eco/a5i/Image00021.jpg,Which of the following tax systems is designed to redistribute income from the wealthy to the poor?,A progressive tax system,A regressive tax system,A proportional tax system,An excise tax system,A tariff system,
https://img.crackap.com/ap/eco/a5i/Image00021.jpg,"At the birthday party of your best friend, you see Skylar help himself to a second piece of cake. For this individual, it must be the case that",the marginal benefit of the second piece of cake is less than the marginal cost.,the total benefit received from eating cake is falling.,the ratio of marginal benefit over marginal cost is less than one.,the marginal benefit of the second piece of cake is greater than the marginal cost.,Skylar is irrationally consuming too much cake.,
https://img.crackap.com/ap/eco/a5i/Image00021.jpg,"Nancy has the choice to spend one hour studying for an exam, mowing the lawn for one hour at a wage of $6, or babysitting her niece for one hour at a wage of $8. If we know that Nancy has chosen to study for the exam, which of the following is true?",The benefit received from studying is greater than the opportunity cost of $8.,"The opportunity cost of studying is $14, which is less than the benefit received from studying.",Nancy is indifferent to both studying and mowing the lawn.,"Nancy's behavior is irrational, since babysitting was clearly superior to all other options.",Nancy is indifferent to both babysitting and mowing the lawn.,
https://img.crackap.com/ap/eco/a5i/Image00021.jpg,"Suppose the market for roses is currently in equilibrium. If the supply of roses falls, while at the same time the demand for roses rises, what can you say about the price and quantity of roses in the market?",Price and quantity both rise.,"Price rises, but the change in quantity is ambiguous.",Price and quantity both fall.,"Quantity rises, but the change in price is ambiguous.","Neither price nor quantity change, as these shifts offset one another.",
https://img.crackap.com/ap/eco/a5i/Image00021.jpg,"The United States is trading salmon to Peru in exchange for anchovies. If these nations are trading based upon relative opportunity costs, what must be the case?","The United States has comparative advantage in anchovy production, and Peru has comparative advantage in salmon production.","The United States has comparative advantage in salmon production, and Peru has comparative advantage in anchovy production.","The United States has absolute advantage in anchovy production, and Peru has absolute advantage in salmon production.","The United States has absolute advantage in salmon production, and Peru has absolute advantage in anchovy production.","The United States has comparative advantage in salmon production, and Peru has absolute advantage in anchovy production.",
https://img.crackap.com/ap/eco/a5i/Image00021.jpg,Which of the following is the best example of a public good?,Private violin lessons,The volunteer fire department in your community,A $1 ticket for admission to a museum,A bag of potato chips,A history textbook,
https://img.crackap.com/ap/eco/a5i/Image00021.jpg,A typical characteristic of capitalist market economies is,government ownership of land and capital.,extensive price controls.,centralized government decision making to determine production limits.,an absence of scarcity.,private ownership of economic resources.,
https://img.crackap.com/ap/eco/a5i/Image00163.jpg,"Every day Melanie spends her lunch money consuming apples, at $1 each, and oranges, at $2 each. At her current level of consumption, Melanie's marginal utility of apples is 12 and her marginal utility of oranges is 18. If she has already spent all of her lunch money, how should Melanie change her consumption decision to maximize utility?",She should make no changes; she is consuming the utility maximizing combination of apples and oranges.,She should increase her apple consumption and decrease her orange consumption until the marginal utility per dollar is equal for both.,She should decrease her apple consumption and increase her orange consumption until the marginal utility per dollar is equal for both.,She should increase her apple consumption and decrease her orange consumption until the marginal utility is equal for both.,She should decrease her apple consumption and increase her orange consumption until the marginal utility is equal for both.,
https://img.crackap.com/ap/eco/a5i/Image00163.jpg,"When the production or consumption of a good creates a positive externality, it is deemed a market failure because at the market quantity",the marginal social benefit exceeds the marginal social cost.,the marginal social cost exceeds the marginal social benefit.,society produces too much of the good.,the private benefits from consuming the good exceed the social benefits.,a surplus of the good always exists without government intervention.,
https://img.crackap.com/ap/eco/a5i/Image00163.jpg,"Which of the following would best complete a short definition of economics? ""Economics is the study of . . .""",how unlimited resources are allocated between scarce wants.,how money is circulated through the economy.,how corporations maximize the share price of their stock.,how nations trade goods and services in a global marketplace.,how scarce resources are allocated to satisfy unlimited wants.,
https://img.crackap.com/ap/eco/a5i/Image00163.jpg,"Suppose the price elasticity of demand for cigarettes is less than one. When an excise tax is imposed on cigarette production, it changes the price, quantity, and consumer spending in which of the following ways?",Decrease Increase Increase,Decrease Decrease Decrease,Increase Decrease Decrease,Increase Decrease Increase,Increase Increase Increase,
https://img.crackap.com/ap/eco/a5i/Image00163.jpg,Which of the following is true of a price floor?,The price floor shifts the demand curve to the left.,An effective floor creates a shortage of the good.,The price floor shifts the supply curve of the good to the right.,"To be an effective floor, it must be set above the equilibrium price.",The government sets the price floor to assist consumers who are exploited at the equilibrium price.,
https://img.crackap.com/ap/eco/a5i/Image00163.jpg,You are told that the income elasticity for DVDs is + 1.5. This means that,a 10 percent increase in income produces a 15 percent increase in consumption of DVDs. DVDs are a normal luxury good.,a 10 percent increase in income produces a 15 percent increase in consumption of DVDs. DVDs are an inferior good.,a 10 percent increase in income produces a 15 percent decrease in consumption of DVDs. DVDs are an inferior good.,a 10 percent increase in the price of DVDs produces a 15 percent decrease in consumption of DVDs. DVDs are a price elastic good.,a 10 percent increase in the price of DVDs produces a 15 percent decrease in consumption of DVDs. DVDs are a price inelastic good.,
https://img.crackap.com/ap/eco/a5i/Image00163.jpg,Which of the following causes the supply curve of paper to shift to the left?,Paper producers expect lower paper prices in the months ahead.,"The price of pencils, a complement to paper, increases.",Improvements in the technology used to produce paper.,Household income falls.,Environmental concerns reduce the yearly amount of timber that can be harvested.,
https://img.crackap.com/ap/eco/a5i/Image00163.jpg,Suppose the county government sends each parent a coupon that can be used to subsidize the cost of sending each child to daycare. What would you expect to occur in the market for daycare services?,"The demand for daycare falls, lowering the market price.","The demand for daycare rises, increasing the market price.","The supply of daycare rises, lowering the market price.","The supply of daycare falls, increasing the market price.",A permanent shortage of daycare services exists.,
,Monopoly deadweight loss is the result of,setting the price above marginal cost.,setting the price above average total cost.,monopoly output being greater than the competitive output.,long-run normal profits.,marginal revenue equaling marginal cost.,
,The market for Cincinnati Reds baseball tickets is currently in equilibrium. Which of the following events would most likely increase the consumer surplus received by Reds fans?,The Reds offer discounted parking for all home games.,The Reds increase hot dog prices to reflect a higher cost of buns.,The city of Cincinnati is undertaking a huge highway construction project that strands fans in pregame traffic jams for hours.,The Reds must increase ticket prices to afford the most talented players.,Fans must pay a steep service charge in order to purchase tickets online or over the phone.,
,"If Matt's total utility from consuming bratwurst increased at a constant rate, no matter how many bratwurst Matt consumed, what would Matt's demand curve for bratwurst look like?",Vertical,Horizontal,Downward sloping,Upward sloping,"First upward, but eventually downward sloping",
,"When a firm is earning a normal profit from the production of a good, it is true that",total revenues from production are equal to explicit costs.,explicit costs are equal to implicit costs.,total revenues from production are equal to implicit costs.,total revenues from production are equal to the sum of explicit and implicit costs.,implicit costs are greater than explicit costs.,
,You are told that the cross-price elasticity between goods X and Y is +2.0. This means that,goods X and Y are normal goods.,goods X and Y are inferior goods.,goods X and Y are complementary goods.,goods X and Y are substitute goods.,good X is twice as elastic as good Y.,
,Which of the following is an example of a long-run adjustment for the owners of a small café?,The owners switch from whole wheat to sourdough bread.,The owners hire several part-time workers to cover the dinner shifts.,The owners work overtime on a busy weekend.,The owners install more energy-efficient lightbulbs in all of the light fixtures.,"The owners buy the office next door, and this doubles the customer seating.",
,"If total product of labor is rising at an increasing rate,",marginal product of labor is rising.,marginal product of labor is at its minimum.,marginal product of labor is at its maximum.,marginal cost is rising.,average product of labor is at its minimum.,
,The demand curve for a perfectly competitive firm's product is,downward sloping and equal to the market demand curve.,perfectly elastic.,perfectly inelastic.,kinked at the going market price.,the same as the firm's marginal cost curve.,
,Which of the following is true in the long run in perfect competition?,P = MR = MC = ATC,P = MR = MC > ATC,P > MR = MC = ATC,P = MR > MC = ATC,P > MR = MC > ATC,
,"If the market price is above the perfectly competitive firm's average total cost curve, we expect that in the long run,",the industry contracts as firms exit the market.,the industry expands as firms exit the market.,the industry contracts as firms enter the market.,the industry expands as firms enter the market.,the government seeks to regulate the market to ensure efficient outcomes.,
,"If a market is organized by a cartel, we can expect",normal profits for all cartel firms.,an incentive for cartel firms to cheat on the cartel agreement.,profit maximization by individual firms in the cartel.,allocative efficiency.,perfectly competitive prices.,
,"Jason cleans swimming pools in a perfectly competitive local market. A profit maximizer, he can charge $10 per pool to clean 9 pools per day, incurring total variable costs of $80 and total fixed costs of $20. Which of the following is true?","Jason should shut down in the short run, with economic losses of $20.","Jason should shut down in the short run, with economic losses of $10.","Jason should clean 9 pools per day, with economic losses of $20.","Jason should clean 9 pools per day, with economic losses of $10.","Jason should clean 9 pools per day, with economic profits of $10.",
https://img.crackap.com/ap/eco/a5i/Image00167.jpg,Which of the following might explain how a price decrease might cause a decrease in quantity demanded and an upward-sloping demand curve?,The good is inferior and the income effect is stronger than the substitution effect.,The good is normal and the income effect is stronger than the substitution effect.,The good is normal and the income effect is weaker than the substitution effect.,The good is inferior and a luxury.,"The good is highly subsidized, creating a large increase in marginal utility per dollar.",
https://img.crackap.com/ap/eco/a5i/Image00167.jpg,"For the perfectly competitive firm, the profit-maximizing decision to shut down is made when the price",falls below minimum average total cost.,"is greater than minimum average variable cost, but lower than minimum average total cost.",falls below minimum average variable cost.,is equal to minimum average total cost.,is equal to average fixed cost.,
https://img.crackap.com/ap/eco/a5i/Image00167.jpg,"Declining populations of tuna in the Atlantic Ocean have likely had which of the following impacts on the wages of tuna fishermen, the employment of tuna fishermen, and real estate prices in New England fishing towns?",Decrease Increase Increase,Decrease Decrease Decrease,Decrease Decrease Increase,Increase Decrease Decrease,Increase Increase Increase,
https://img.crackap.com/ap/eco/a5i/Image00167.jpg,Which of the following is true of monopoly markets?,"Deadweight loss exists in the short run, but not in the long run.",A homogenous product allows for long-run entry of competing firms.,Collusion between close rivals creates pricing above marginal cost.,Barriers to entry allow for the power to set prices above marginal cost.,Allocative efficiency is guaranteed because marginal revenue equals marginal cost.,
https://img.crackap.com/ap/eco/a5i/Image00167.jpg,Two competing firms are deciding whether to enter a new market or maintain the status quo. Use the following profit matrix to respond to question below.,both firms maintain the status quo.,both firms enter the market.,Firm X enters the market and Firm Y maintains the status quo.,Firm Y enters the market and Firm X maintains the status quo.,both firms alternate between entering the market and maintaining the status quo.,
https://img.crackap.com/ap/eco/a5i/Image00167.jpg,"When the marginal product of labor is equal to the average product of labor,",marginal product of labor is at its maximum.,marginal cost of production is at its minimum.,marginal cost is equal to minimum average variable cost.,average total cost is at its minimum.,total product of labor is at its maximum.,
https://img.crackap.com/ap/eco/a5i/Image00167.jpg,Which is true of monopolistic competition?,Firms earn long-run economic profits.,P = MR = MC = ATC.,Firms spend money to differentiate and advertise their products.,In the long run the market is allocatively efficient.,Excess capacity is eliminated in the long run.,
https://img.crackap.com/ap/eco/a5i/Image00170.jpg,"If firms are entering an industry that is monopolistically competitive, we would expect",the demand for existing firms to shift rightward.,the market price of the product to increase.,the demand for existing firms to become more inelastic.,economic profits to rise for all firms.,the demand for existing firms to shift leftward.,
https://img.crackap.com/ap/eco/a5i/Image00170.jpg,Monopolistic competition is said to be productively inefficient because,the long-run price is above minimum average total cost.,long-run profits are positive.,firms engage in collusive behavior.,there exist no barriers to entry.,there exist diseconomies of scale.,
https://img.crackap.com/ap/eco/a5i/Image00170.jpg,One of the reasons that the government discourages and regulates monopolies is that,producer surplus is lost and consumer surplus is gained.,monopoly prices ensure productive efficiency but cost society allocative efficiency.,monopoly firms do not engage in significant research and development.,consumer surplus is lost with higher prices and lower levels of output.,lower prices and higher levels of output create deadweight loss.,
https://img.crackap.com/ap/eco/a5i/Image00170.jpg,What is one reason why the government discourages collusion between large firms in the same industry?,"Collusive output levels tend to increase, driving the price above competitive levels.",Consumer surplus falls as the price is driven downward.,"Collusive output levels tend to decrease, driving the price down to competitive levels.","Joint profit maximization drives profits downward, forcing colluding firms to exit the industry.",Joint profit maximization costs society consumer surplus as the price rises above competitive levels.,
https://img.crackap.com/ap/eco/a5i/Image00170.jpg,"In a competitive labor market for housepainters, which of the following would increase the demand for housepainters?",An effective minimum wage imposed on this labor market.,An increase in the price of gallons of paint.,An increase in the construction of new houses.,An increase in the price of mechanical painters so long as the output effect exceeds the substitution effect.,An increase in home mortgage interest rates.,
https://img.crackap.com/ap/eco/a5i/Image00170.jpg,"If a monopsony labor market suddenly were transformed into a perfectly competitive labor market, how would the wage and employment change?",Both would increase.,Both would decrease.,"The wage would remain constant, but employment would increase.","The wage would fall, but employment would increase.","The wage would rise, but employment would decrease.",
https://img.crackap.com/ap/eco/a5i/Image00170.jpg,Which of the following is most likely to be true in the long run for a monopoly firm?,P = MR = MC = ATC,P = MR = MC > ATC,P > MR = MC = ATC,P = MR > MC = ATC,P > ATC > MR = MC,
https://img.crackap.com/ap/eco/a5i/Image00170.jpg,The table below describes employment and production of a firm.,$19.,$16.,$8.,$20.,$2.,
https://img.crackap.com/ap/eco/a5i/Image00170.jpg,The table below describes employment and production of a firm.,1,2,3,4,5,
https://img.crackap.com/ap/eco/a5i/Image00170.jpg,An industry described as an oligopoly would most likely have,normal profits in the long run.,no opportunities for collusive behavior.,significant barriers to entry.,price-taking behavior.,one firm with no close rivals.,
https://img.crackap.com/ap/eco/a5i/Image00170.jpg,A minimum wage in the market for fast-food workers is likely to produce,an increase in the demand for fast-food workers.,a decrease in the supply of fast-food workers.,a shortage of fast-food workers.,a lower price of fast-food products.,a surplus of fast-food workers.,
https://img.crackap.com/ap/eco/a5i/Image00170.jpg,"In order to hire the least-cost combination of labor and capital, the firm must do which of the following?",Find the combination of labor and capital where the marginal product of labor is equal to the marginal product of capital.,Find the combination of labor and capital where the ratio of the marginal product of labor to the marginal product of capital is equal to one.,Find the combination of labor and capital where the marginal product of labor divided by the price of labor is equal to the marginal product of capital divided by the price of capital.,Find the combination of labor and capital where the price of labor is equal to the price of capital.,Find the combination of labor and capital where the marginal revenue product of labor is equal to the marginal revenue product of capital.,
https://img.crackap.com/ap/eco/a5i/Image00172.jpg,"More college students are graduating with BA degrees in economics. Given this trend, we would expect the wage of economists, the employment of economists, and the demand for economics textbooks to change in which of the following ways?",Decrease Increase Increase,Decrease Decrease Decrease,Increase Decrease Decrease,Increase Decrease Increase,Increase Increase Increase,
https://img.crackap.com/ap/eco/a5i/Image00172.jpg,Which of the following is the best example of a negative externality and the appropriate plan for eliminating it?,Air pollution from a factory blows downwind and harms children in a small community. Tax the citizens of the community.,Your neighbor plants a fragrant blooming cherry tree in her front yard. Give a tree subsidy to your neighbor.,The waste from a hog farm pollutes a neighbor's drinking water. Give a subsidy to the hog farmer.,A cigarette smoker suffers multiple health problems from using tobacco. Tax the cigarettes that he is smoking.,Air pollution from a power plant is blowing downwind and harming the trees in your community. Tax the production of electricity.,
https://img.crackap.com/ap/eco/a5i/Image00172.jpg,A perfectly competitive employer hires labor up to the point where,Wage = Marginal factor cost.,Wage = Marginal product of labor.,Wage = Marginal revenue.,Wage = Marginal revenue product of labor.,Wage = Price of the good produced by the labor.,
https://img.crackap.com/ap/eco/a5i/Image00172.jpg,The sales tax that you pay at the grocery store is commonly labeled a,progressive tax.,regressive tax.,proportional tax.,excise tax.,tax bracket.,
https://img.crackap.com/ap/eco/a5i/Image00172.jpg,Which of the following is the best example of the free-rider effect?,You and a friend take a road trip to Florida in your friend's car. You pay for the gas.,"In exchange for tutoring your friend in economics, she helps you with your geometry assignment.","You have ordered a big college football game on pay-per-view, and several of your buddies show up unannounced to watch it at your place.","You buy your date dinner, but your date insists on leaving a tip for the server.","A local Girl Scout troop is giving a ""free"" carwash. You give them a $5 donation.",
https://img.crackap.com/ap/eco/a5i/Image00172.jpg,"Land, labor, capital and entrepreneurial talent are often referred to as",production possibilities.,goods and services.,unlimited human wants.,opportunity costs.,scarce economic resources.,
https://img.crackap.com/ap/eco/a5i/Image00172.jpg,The law of increasing costs is useful in describing,a demand curve.,a marginal benefit curve.,a linear production possibility frontier.,a concave production possibility frontier.,a total fixed costs curve.,
https://img.crackap.com/ap/eco/a5i/Image00172.jpg,Which of the following is likely to have a demand curve that is the least elastic?,Demand for the perfectly competitive firm's output,Demand for the oligopoly firm's output with a homogenous product,Demand for the oligopoly firm's output with a differentiated product,Demand for the monopolistically competitive firm's output,Demand for the monopoly firm's output,
https://img.crackap.com/ap/eco/a5i/Image00172.jpg,Which of the following scenarios would increase a nation's production possibility frontier (PPF)?,The nation's system of higher education slowly declines in quality.,The nation invests in research and development of new technology.,The nation's infant mortality rate increases.,Environmental pollution severely damages the health of the population.,Mineral reserves are exhausted.,
https://img.crackap.com/ap/eco/a5i/Image00172.jpg,A rational consumer who is eating Girl Scout cookies stops eating when,the total benefit equals the total cost of eating cookies.,the marginal benefit equals the marginal cost of the next cookie.,the marginal cost of eating cookies is maximized.,the marginal benefit of eating cookies is minimized.,the price of the cookie equals the total benefit of the next cookie.,
https://img.crackap.com/ap/eco/a5i/Image00184.jpg,"A competitive market for coffee, a normal good, is currently in equilibrium. Which of the following would most likely result in an increase in the demand for coffee?",Consumer income falls.,The price of tea rises.,The wage of coffee plantation workers falls.,Technology in the harvesting of coffee beans improves.,The price of coffee brewing machines rises.,
https://img.crackap.com/ap/eco/a5i/Image00184.jpg,Which of the following certainly lowers the equilibrium price of a good exchanged in a competitive market?,The demand curve shifts to the right.,The supply curve shifts to the left.,"The demand curve shifts to the left, and the supply curve shifts to the right.","The demand curve shifts to the right, and the supply curve shifts to the left.",Both the demand and supply curves shift to the left.,
https://img.crackap.com/ap/eco/a5i/Image00184.jpg,An effective price ceiling in the market for good X likely results in,a persistent surplus of good X.,a persistent shortage of good X.,"an increase in the demand for good Y, a substitute for good X.","a decrease in the demand for good Z, a complement with good X.",a rightward shift in the supply curve of good X.,
https://img.crackap.com/ap/eco/a5i/Image00184.jpg,Which of the following goods is likely to have the most elastic demand curve?,Demand for white Ford minivans,Demand for automobiles,Demand for Ford automobiles,Demand for American-made automobiles,Demand for a Ford minivan,
https://img.crackap.com/ap/eco/a5i/Image00184.jpg,Which of the following is a fundamental aspect of the free market system?,A high degree of government involvement.,Public ownership of resources.,Private property.,Central planners set wages and prices.,Employers consult government agencies for guidance in hiring workers with appropriate job skills.,
https://img.crackap.com/ap/eco/a5i/Image00184.jpg,The elasticity of supply is typically greater when,producers have fewer alternative goods to produce.,producers have less time to respond to price changes.,producers are operating near the limits of their production.,producers have less access to raw materials necessary for production.,producers have more time to respond to price changes.,
https://img.crackap.com/ap/eco/a5i/Image00184.jpg,Good X is exchanged in a competitive market. Which of the following is true if an excise tax is now imposed on the production of good X?,"If the demand curve is perfectly elastic, the price rises by the amount of the tax.",The consumer's burden of the tax rises as the demand curve is more elastic.,Consumer surplus rises as a result of the tax.,The consumer's burden of the tax rises as the demand curve is less elastic.,"If the demand curve is perfectly inelastic, the price does not rise as a result of the tax.",
https://img.crackap.com/ap/eco/a5i/Image00184.jpg,Which of the following is an implicit cost for the owner of a small store in your hometown?,The wage that is paid to the assistant manager,The cost of purchasing canned goods from a wholesale food distributor,The value placed on the owner's skills in an alternative career,The cost of cooling the refrigerated meat display,The price of placing an advertisement in the local newspaper,
https://img.crackap.com/ap/eco/a5i/Image00184.jpg,Suppose a price floor is installed in the market for coffee. One result of this policy would be,a decrease in the demand for coffee-brewing machines.,a persistent shortage of coffee in the market.,an increase in consumer surplus due to lower coffee prices.,an increase in the demand for coffee.,a decrease in the profits for the owners of coffee plantations.,
https://img.crackap.com/ap/eco/a5i/Image00184.jpg,The table below describes employment and production of a firm that hires labor and produces output in competitive markets. The competitive price of the product is $.50.,1st,2nd,3rd,4th,5th,
https://img.crackap.com/ap/eco/a5i/Image00184.jpg,"If the wage paid to all units of labor is $4.50, how many units of labor are hired?",1,2,3,4,5,
https://img.crackap.com/ap/eco/a5i/Image00184.jpg,Which of the following is true of the perfectly competitive firm in the short run?,The firm earns a normal profit.,The firm shuts down if the price falls below average total cost.,The firm earns positive economic profit.,The firm maximizes profit by producing where the price equals marginal revenue.,"The firm may earn positive, negative, or normal profits.",
https://img.crackap.com/ap/eco/a5i/Image00185.jpg,The downward-sloping demand curve is partially explained by which of the following?,Substitution effects and income effects,The law of increasing marginal costs,The principle of comparative advantage,The law of diminishing marginal returns to production,The least-cost principle,
https://img.crackap.com/ap/eco/a5i/Image00185.jpg,"Dorothy has daily income of $20, each cup of coffee costs Pc = $1, and each scone costs Ps = $4. The table below provides us with Dorothy's marginal utility (MU) received in the consumption of each good. As a utility-maximizing consumer, which combination of coffee and scones should Dorothy consume each day?",2 coffee and 2 scones,5 coffee and 6 scones,3 coffee and 2 scones,4 coffee and 4 scones,4 coffee and 16 scones,
https://img.crackap.com/ap/eco/a5i/Image00185.jpg,You are told that the Gini coefficient of income inequality has risen from .35 to .85. Which of the following is a likely cause of this change?,Market power in the factor and output markets has increased.,Labor market discrimination has been eliminated.,The distribution of wealth and property has become more equitable.,The vast majority of adults have achieved at least a college degree.,The tax system has become even more progressive.,
https://img.crackap.com/ap/eco/a5i/Image00185.jpg,"If it is true that bacon and eggs are complementary goods, then",the income elasticity of bacon is positive and the income elasticity for eggs is negative.,the price elasticity for eggs is greater than the price elasticity for bacon.,the cross-price elasticity between bacon and eggs is negative.,the income elasticity of bacon is negative and the income elasticity for eggs is positive.,the cross-price elasticity between bacon and eggs is positive.,
https://img.crackap.com/ap/eco/a5i/Image00185.jpg,"A firm employs variable amounts of labor to a fixed amount of capital to produce output. If the daily wage paid to labor increases, how does this affect the firm's costs?",Decrease No change Decrease,Decrease Decrease Decrease,Increase Decrease No change,Increase No change Increase,Increase Increase Increase,
https://img.crackap.com/ap/eco/a5i/Image00185.jpg,Diminishing marginal returns to short-run production begin when,the average product of labor begins to fall.,the total product of labor begins to fall.,marginal product of labor becomes negative.,average variable cost begins to rise.,marginal product of labor begins to fall.,
https://img.crackap.com/ap/eco/a5i/Image00185.jpg,Which of the following is a characteristic of perfect competition?,Firms produce a homogeneous product.,Barriers to entry exist.,Firms are price-setting profit maximizers.,The government regulates the price so that deadweight loss is eliminated.,Long-run positive profits are available.,
https://img.crackap.com/ap/eco/a5i/Image00190.jpg,The market for good X is currently in equilibrium. Which of the following choices would not cause both a decrease in the equilibrium price of good X and a decrease in the equilibrium quantity of good X?,A decrease in consumer income and good X is a normal good.,An increase in consumer income and good X is an inferior good.,"An increase in the price of good Y, a complement for good X.","A decrease in the price of good Y, a substitute for good X.",An increase in the number of consumers in the market for good X.,
https://img.crackap.com/ap/eco/a5i/Image00190.jpg,The figure below shows cost curves for a competitive firm.,$250,$25,$35,"$1,000",$350,
https://img.crackap.com/ap/eco/a5i/Image00190.jpg,The figure below shows cost curves for a competitive firm.,$100,$25,$10,$35,$350,
https://img.crackap.com/ap/eco/a5i/Image00190.jpg,The demand for labor falls if,labor productivity falls.,the price of the good produced by labor rises.,the price of a complementary input falls.,demand for the good produced by labor rises.,a minimum wage is removed from the labor market.,
https://img.crackap.com/ap/eco/a5i/Image00190.jpg,"If a market for a good is producing a negative externality,",at the market output the marginal costs to society exceed the private marginal costs of production.,at the market output the marginal benefits to society exceed the private marginal costs of production.,at the market output the marginal costs to society exceed the total benefits to society.,at the market output the private marginal costs of production exceed the marginal costs to society.,at the market output the marginal benefits to society exceed the marginal costs to society.,
https://img.crackap.com/ap/eco/a5i/Image00190.jpg,Which of the following is a characteristic of a monopoly market?,Firms produce a homogeneous product.,Barriers to entry exist.,Firms are price-taking profit maximizers.,Deadweight loss is eliminated through entry of competing firms in the long run.,In the long run the firm earns normal profits.,
https://img.crackap.com/ap/eco/a5i/Image00190.jpg,A monopolist may be able to maintain long-run positive profit due to,deadweight loss.,economies of scale in production.,a price that is set equal to average total cost.,perfectly elastic demand for the product.,entry of new firms that keep the price high.,
https://img.crackap.com/ap/eco/a5i/Image00190.jpg,"The top six firms in an oligopolistic industry have market shares of 25%, 25%, 15%, 10%, 6%, and 3%. Many smaller firms split the rest of the market. What is the value of the four-firm concentration ratio?",65%,54%,75%,34%,50%,
https://img.crackap.com/ap/eco/a5i/Image00190.jpg,Which of the following statements is true of a consumer's utility-maximizing behavior?,"As consumption of good X increases, total utility increases at an increasing rate.",The consumer should stop consuming good X when marginal utility is maximized.,The consumer has maximized utility between two goods X and Y when the quantities of the two goods are equalized.,Utility maximization occurs when the marginal utilities per dollar for goods X and Y are equalized.,"As consumption of good X increases, the marginal utility per dollar spent on good X also increases.",
https://img.crackap.com/ap/eco/a5i/Image00190.jpg,Oligopoly has at times been the subject of government antitrust regulation. Which of the following is a reason for this government regulation?,Price is approximately equal to marginal cost.,Price is approximately equal to average total cost.,Deadweight loss lessens over time.,Consumer surplus is lost as market power increases.,Market efficiency is maximized.,
https://img.crackap.com/ap/eco/a5i/Image00195.jpg,"The production of chicken often results in offending odors that are picked up by the wind and blown over rural communities. This is an example of a ______ externality, the result of which are spillover ______ and an _______ of resources to chicken production.","negative, costs, underallocation","negative, benefits, overallocation","negative, benefits, underallocation","positive, costs, overallocation","negative, costs, overallocation",
https://img.crackap.com/ap/eco/a5i/Image00195.jpg,Which of the following choices is true of both perfectly competitive firms and monopolistically competitive firms?,Barriers to entry,Homogenous products,Normal profits in the long run,Excess capacity,Price-setting behavior,
https://img.crackap.com/ap/eco/a5i/Image00195.jpg,The monopolistically competitive price is above marginal revenue because,firms have differentiated products.,firms are price takers.,firms produce a homogenous product.,the market is allocatively efficient.,profits are normal in the long run.,
https://img.crackap.com/ap/eco/a5i/Image00195.jpg,Deadweight loss in industries with market power is a result of,profit-maximizing output occurs where price equals marginal revenue.,profit-maximizing output occurs where price exceeds marginal cost.,profit-maximizing output occurs where price equals marginal cost.,profit-maximizing output occurs where price exceeds average total cost.,profit-maximizing output occurs where price equals average total cost.,
https://img.crackap.com/ap/eco/a5i/Image00195.jpg,"If the government wishes to regulate a natural monopoly so that it earns a normal profit, it sets",Price = Marginal cost.,Marginal revenue = Marginal cost.,Price = Average total cost.,Price = Marginal revenue.,Marginal revenue = Average total cost.,
https://img.crackap.com/ap/eco/a5i/Image00195.jpg,Which of the following would improve the efficiency of a monopoly market?,The government regulates the monopolist to produce the output where marginal revenue equals marginal cost.,The government provides additional legal barriers to entry.,The government subsidizes the monopolist so that they achieve even greater economies of scale.,The government eliminates trade barriers on potential foreign producers.,The government regulates the monopolist to produce the output where monopoly profits are maximized.,
https://img.crackap.com/ap/eco/a5i/Image00195.jpg,Which of the following increases the demand for interstate truck drivers?,An increase in the wage of truck drivers,An increase in the supply of truck drivers,"An increase in the price of diesel fuel, which is used to power semitrucks",A decrease in the demand for interstate shipping,A decrease in the price of semitrucks,
https://img.crackap.com/ap/eco/a5i/Image00195.jpg,A monopsony employer hires labor up to the point where,Wage = Marginal factor cost.,Marginal factor cost = Marginal product of labor,Marginal factor cost = Marginal revenue product of labor,Wage = Marginal revenue product of labor,Wage = Price of the good produced by the labor,
https://img.crackap.com/ap/eco/a5i/Image00195.jpg,"The price of labor is $5 and the price of capital is $10 per unit. Using the table below, what is the least-cost combination of labor and capital that should be hired to produce 18 units of output?",1 Labor and 2 Capital,4 Labor and 8 Capital,2 Labor and 1 Capital,5 Labor and 5 Capital,3 Labor and 2 Capital,
https://img.crackap.com/ap/eco/a5i/Image00195.jpg,A cartel is often the result of,perfectly competitive firms that agree to produce a homogenous product.,oligopoly competitors that agree to restrict output to maximize joint profits.,a monopoly that has been regulated by the government.,a natural monopoly that has evolved into a perfectly competitive industry.,monopolistically competitive firms that have agreed to earn normal profits in the long run.,
https://img.crackap.com/ap/eco/a5i/Image00195.jpg,"Suppose the state requires hairdressers and manicurists to pass a series of exams to be certified cosmetologists. How does this policy change the supply of cosmetologists, the equilibrium wage, and the price of a manicure?",Decrease Increase Increase,Decrease Decrease Decrease,Increase Decrease Decrease,Increase Decrease Increase,Increase Increase Increase,
https://img.crackap.com/ap/eco/a5i/Image00195.jpg,The local market for bankers is currently in equilibrium. Which of the following increases the local wage paid to bankers?,Internet banking at home is becoming more popular.,"More college students are majoring in finance and economics, majors that make them attractive as bank employees.","The price of banking software, a complementary resource to bankers, rises.",Several banks in the local market merge and consolidate many operations.,"The price of automatic teller machines, a substitute for bankers, decreases and the output effect is greater than the substitution effect.",
https://img.crackap.com/ap/eco/a5i/Image00195.jpg,"The U.S. government collects tax revenue, buys military equipment from many private firms, and uses this equipment to provide national defense to all Americans. This is a good example of",a natural monopoly.,an excise tax on military equipment.,a regressive tax.,a public good.,deadweight loss.,
https://img.crackap.com/ap/eco/a5i/Image00195.jpg,Which of the following scenarios is the best example of a positive externality?,Your neighbor has a swimming pool and throws loud late-night parties.,Your neighbor has a swimming pool and allows you free access.,Your neighbor has a swimming pool and the powerful chlorine odor blows into your open dining room window.,Your neighbor has a swimming pool and allows you to use it in exchange for letting his kids use your swing.,Your neighbor has a swimming pool that is conducive for the breeding of mosquitoes.,
https://img.crackap.com/ap/eco/a5i/Image00195.jpg,"Because of the free-rider effect, the private marketplace tends to",provide the allocatively efficient amount of a public good.,"produce too much of a public good, requiring the government to intervene and tax the production of it.",produce a public good in the amount where the marginal benefit to society equals the marginal cost to society.,"produce too little of the public good, requiring the government to intervene and provide it for all.","produce too little of the public good, requiring the government to intervene and ban it.",
https://img.crackap.com/ap/eco/bro/a0027.png,"If Ramen Noodles are an inferior good, what will happen to the market for them if income increases?",Demand will increase.,Demand will remain unchanged.,Both demand and supply will increase.,Both demand and supply will decrease.,Demand will decrease.,
https://img.crackap.com/ap/eco/bro/a0027.png,"When a country engages in international trade and specializes in producing goods and services where it has a comparative advantage, what will happen to the country’s production possibilities curve?",The production possibilities curve will shift inward.,The production possibilities curve will shift outward.,There will be movement from one point to another on a fixed production possibilities curve.,There will be movement from a point inside the production possibilities curve to a point on the production possibilities curve.,There will be movement from a point on the production possibilities curve to a point inside the production possibilities curve.,
https://img.crackap.com/ap/eco/bro/a0027.png,Which of the following statement or statements is true regarding command and market economies?,I only,II only,II & III only,I & III only,"I, II, and III",
https://img.crackap.com/ap/eco/bro/a0027.png,Assume ketchup and hot dogs are complements to each other and are both normal goods. Which of the following would have caused the shift in demand for hot dogs as shown on the graph?,I only,I and II only,I and IV only,"I, II, and III only","I, II, and IV only",
https://img.crackap.com/ap/eco/bro/a0027.png,"India is at point A on the production possibilities curve, while France is at point B. Based on the graph, which of the following is true regarding the amount of economic growth each country will likely achieve in the future?",France will have a better economic growth rate than India.,India will have a better economic growth rate than France.,Both France and India will experience the same amount of economic growth.,Both France and India will likely move to a point inside the production possibilities curve.,It is not possible to predict growth rates using this graph.,
https://img.crackap.com/ap/eco/bro/a0027.png,"Miguel can repair 20 surfboards or fix 10 bicycles, while Sandra can repair 10 surfboards or fix 10 bicycles. Assuming that each person has the same amount of resources and time, which of the following is true?",Miguel has the absolute advantage in fixing bicycles.,Sandra has the absolute advantage in repairing surfboards.,Miguel has the comparative advantage in repairing surfboards.,Sandra has the comparative advantage in repairing surfboards.,Miguel has the comparative advantage in both repairing surfboards and fixing bicycles.,
https://img.crackap.com/ap/eco/bro/a0027.png,"Adrian has a weekend job that pays $10 an hour. He had the opportunity to work 8 hours from 9:00 a.m. to 5:00 p.m. on Sunday. His friend also offered him $60 to help him move between 12:00 p.m. and 3:00 p.m. Adrian, however, does none of these work options and instead goes to a football game where he spends a total of $50 for a ticket and other expenses. What, in dollars, is the total opportunity cost of Adrian attending the game?",$10,$50,$80,$130,$190,
https://img.crackap.com/ap/eco/bro/a0027.png,"All of the following will shift the production possibilities curve outward, or to the right, EXCEPT",new technological advances that increase productivity.,a discovery of new natural resources.,an increase in human capital.,an increase in the employment rate.,an increase in the educational attainment of a country’s workers.,
https://img.crackap.com/ap/eco/bro/a0027.png,"Assume Country X can produce 300 tons of corn or 100 tons of wheat, and country Y can produce 100 tons of corn or 100 tons of wheat. Which of the following terms of trade would be beneficial to both X and Y? (See the data in table form below.)",1 ton of wheat for 1 ton of corn,1 ton of wheat for 2 tons of corn,1 ton of wheat for 10 tons of corn,1 ton of wheat for 1/10 a ton of corn,Neither of these countries will benefit from engaging in trade.,
https://img.crackap.com/ap/eco/bro/a0027.png,What would happen to the market for skis if skiing became more popular and the cost of producing skis increased?,increase increase increase increase,decrease increase decrease indeterminate,increase decrease increase indeterminate,decrease increase indeterminate increase,increase decrease increase increase,
https://img.crackap.com/ap/eco/bro/a0027.png,What is the amount of the per-unit tax placed on the good in this graph?,$2,$4,$10,$12,$14,
https://img.crackap.com/ap/eco/bro/a0027.png,Assume that a per-unit tax is imposed on the good that is shown below. What is the price that the consumer will pay and the net amount that the seller will receive in revenue after the tax?,$12 $12,$10 $10,$8 $8,$14 $10,$12 $8,
https://img.crackap.com/ap/eco/bro/a0018.png,This graph shows the market for widgets. Which of the following is true if the price of widgets is $9?,There is a shortage of 50 widgets.,There is a shortage of 75 widgets.,There is a surplus of 25 widgets.,There is a surplus of 50 widgets.,There is a surplus of 75 widgets.,
https://img.crackap.com/ap/eco/bro/a0018.png,"This graph shows the market for widgets. At the equilibrium price of $6, what is the total of both the consumer and producer surplus?",$50 $50,$150 $150,$12 $6,$300 $300,$75 $75,
https://img.crackap.com/ap/eco/bro/a0018.png,"If the equilibrium price is $6 on the graph below, and the government sets an effective price ceiling at $3, what will occur in the market?",There will be a surplus of 75.,There will be a surplus of 50.,There will be a shortage of 50.,There will be a shortage of 25.,There will be a shortage of 75.,
https://img.crackap.com/ap/eco/bro/a0018.png,"To measure the cross-price elasticity of demand for goods X and Y, an increase in the price of good Y leads to a decrease in quantity demanded of good X if the two goods are",perfectly elastic.,substitutes.,unit elastic.,complements.,not related.,
https://img.crackap.com/ap/eco/bro/a0018.png,"Assume Miriam consumes both pizza and burritos. The table shows her marginal utility from these. Miriam has $12 to spend this week; a burrito costs $2, and a piece of pizza costs $1. What is her total utility from eating three burritos this week?",4,14,18,20,24,
https://img.crackap.com/ap/eco/bro/a0018.png,"Assume Miriam consumes both pizza and burritos. The table shows her marginal utility from these. Miriam has $12 to spend this week; a burrito costs $2, and a slice of pizza costs $1. What combination of burritos and pizza will maximize her utility?",2 3,5 5,3 5,4 4,1 4,
https://img.crackap.com/ap/eco/bro/a0018.png,Suppose a 10% increase in the price of a good leads to a 5% increase in the quantity demanded for that good. What type of elasticity is this?,Perfectly inelastic,Relatively inelastic,Unit elastic,Relatively elastic,Perfectly elastic,
https://img.crackap.com/ap/eco/bro/a0018.png,"Assume a firm’s total costs are $400 at an output level of 10, and its total fixed costs are $100 at 10. What is the firm’s average variable cost at an output level of 10?",$30,$100,$150,$300,$500,
https://img.crackap.com/ap/eco/bro/a0018.png,The marginal cost curve,intersects both the total cost and average total cost curves at their minimum points.,intersects both the total fixed cost and total variable cost curves at their minimum points.,intersects both the average fixed cost and the average total cost curves at their minimum points.,intersects both the average total cost and the average variable cost curves at their minimum points.,"intersects only one curve at its minimum points, the average variable cost curve.",
https://img.crackap.com/ap/eco/bro/a0018.png,"If a firm is experiencing diseconomies of scale, which of the following will increase as output increases?",Total revenue,Average fixed cost,Long-run average total cost,Long-run average fixed cost,Marginal revenue,
https://img.crackap.com/ap/eco/bro/a0018.png,This chart shows the short-run total costs of a firm producing grapes. What is the firm’s marginal cost of producing 4 units?,8,20,53,73,115,
https://img.crackap.com/ap/eco/bro/a0018.png,This chart shows the total output a firm produces as each worker is added. Diminishing marginal returns begin when,this firm hires the first worker.,this firm hires the second worker.,this firm hires the third worker.,this firm hires the fourth worker.,No worker hired has diminishing returns.,
https://img.crackap.com/ap/eco/bro/a0021.png,"This chart shows the short-run total costs for an avocado farmer who sells goods in a perfectly competitive market. If the price of avocados is $30 a bushel, what is the quantity this firm will produce to maximize profit?",0,2,3,4,5,
https://img.crackap.com/ap/eco/bro/a0021.png,"Instead of making $40,000 a year from being employed with an advertising company, Selma decides to start her own food truck business. She spends some of her savings on her business, and therefore does not earn $5,000 in interest which she would have otherwise. During her first year in the food truck business, her total expenses including wages, materials, and transportation are $30,000. If her total revenue the first year is $70,000, what is her total economic profit?","-$5,000",0,"$5,000","$40,000","$70,000",
https://img.crackap.com/ap/eco/bro/a0021.png,Which product market structure is the only one where price = demand = marginal revenue = average revenue?,Perfect competition,Oligopoly,Monopoly,Monopolistic competition,All of these,
https://img.crackap.com/ap/eco/bro/a0021.png,The market structure that uses game theory to explain strategic interactions among firms is closely associated with,monopolistic competition.,perfect competition.,monopoly.,oligopoly.,monopsony.,
https://img.crackap.com/ap/eco/bro/a0021.png,Which of the following is true of a perfectly competitive market and also a monopoly?,I only,I and II,I and III,"I, II, and IV","I, III, and IV",
https://img.crackap.com/ap/eco/bro/a0021.png,Which coordinates on the graph below indicate the socially optimal level of output being produced by this regulated natural monopoly?,"P1, Q1","P1, Q3","P2, Q2","P3, Q1","O3, Q3",
https://img.crackap.com/ap/eco/bro/a0021.png,Which of the following is a characteristic of a monopoly but not of an oligopoly?,High barriers to entry,Deadweight loss exists,Demand is greater than marginal revenue,Long-run economic profits,Sells a unique product with no close substitutes,
https://img.crackap.com/ap/eco/bro/a0021.png,All of the following statements about monopolistically competitive markets are true EXCEPT,They sell differentiated but similar products.,They have more firms than an oligopoly.,They have economic profits in the long-run.,There is easy entry and exit to the industry.,They produce where a marginal revenue = marginal cost.,
https://img.crackap.com/ap/eco/bro/a0021.png,"On this graph of a perfectly competitive firm, which of the following is true?",The firm is making economic profits.,The firm is making economic losses but should continue to produce in the short-run.,The firm is making economic losses and should shut down.,The firm is breaking even.,Firms will enter this market in the long-run.,
https://img.crackap.com/ap/eco/bro/a0021.png,"Assume a town has only two operators of fitness clubs, Studs INC and Get Fit. The profits of each firm from pricing their memberships high and low are shown on the game theory payoff matrix. If Studs INC and Get Fit know all the information in the payoff matrix and cooperate, what will be the daily profit for Studs INC? (The first number in each box is for Get Fit, and the second box is for Studs INC.)",$20,$30,$40,$60,$100,
https://img.crackap.com/ap/eco/bro/a0021.png,"If a monopoly were able to practice perfect price discrimination, all of the following would occur EXCEPT:",The demand curve would equal the marginal revenue curve.,The monopoly will have greater profits than they would without price discrimination.,The consumer surplus would disappear.,The monopoly would be able to charge everyone a higher price.,The deadweight loss would disappear.,
https://img.crackap.com/ap/eco/bro/a0021.png,"Assume a monopoly is producing in the inelastic range of its demand curve. In order to maximize its total revenue, the monopoly should",decrease its output.,produce where price = marginal cost.,produce where marginal revenue is positive.,produce where marginal revenue is zero.,produce at the average total cost curve is at its minimum.,
,What question does an economy need to answer due to scarcity?,What to produce?,When should public schools begin their academic year?,Who will govern the nation?,How should building codes regulate construction height?,,
,Which term refers to how goods are created in an economy?,Production method,Distribution channel,Consumer feedback,Market stabilization,,
,What is an economic system?,A method for printing and distributing currency,Rules and institutions for managing resources,A comprehensive trade agreement between multiple countries,A digital financial management tool,,
,What does a command economy rely on for decision-making?,Supply and demand,Private corporations,Central authority,Market competition,,
,"In a market economy, what guides the distribution of goods and services?",Supply and demand,Government decrees,Social hierarchy,Historical customs,,
,Which type of economy combines market and command economic systems?,Communal economy,Traditional economy,Mixed economy,Technological economy,,
,What question deals with who consumes goods once they are produced?,What goods and services will be produced?,Why are goods and services produced?,How will the goods and services be produced?,For whom will the goods and services be produced?,,
,What type of economic system is based on customs and traditions?,Command economy,Traditional economy,Market economy,Digital economy,,
,"In a market economy, who primarily makes decisions about what to produce?",Producers and consumers,The government,International organizations,Military leaders,,
,What does a mixed economy use to allocate resources?,Neither market nor government intervention,Only government intervention,Only market mechanisms,A combination of market and government intervention,,
,How are goods usually distributed in a traditional economy?,Based on social and familial relationships,Through competitive markets,By auction,Random distribution,,
,What kind of economy permits free buying and selling of goods and services?,Command economy,Isolated economy,Traditional economy,Market economy,,
,What is the main focus of mixed economies?,Achieving only social goals,Balancing efficiency and social goals,Avoiding all market activities,Eliminating government intervention,,
,In what kind of economy does the government have complete control over resources?,Command economy,Traditional economy,Free-market economy,Mixed economy,,
,What drives firms in a market economy to innovate?,Government subsidies,Family inheritance,Consumer demand,Traditional methods,,
,In which economy is the division of labor often based on age and gender?,Traditional,Mixed economy,Command economy,Market economy,,
,Which economic system can involve government regulation of certain industries?,Subsistence economy,Command economy,Mixed economy,Free-market economy,,
,Which type of system uses prices as signals for resource allocation?,Market economy,Mixed economy,Traditional economy,Command economy,,
,Which economic system does Adam Smith associate with the 'invisible hand'?,Market economy,Mixed economy,Command economy,Traditional economy,,
,What is one potential downside of a market economy?,Income inequality,Decreased innovation,High levels of government control,Lack of competition,,
,In which economic system are resources most likely to be shared equally among community members based on customs and traditions?,Mixed economy,Traditional economy,Market economy,Command economy,,
,Which economic system is typically characterized by self-sufficiency and isolation?,Command economy,Market economy,Traditional economy,Mixed economy,,
,In which type of economy are resource allocation decisions made primarily by the government?,Mixed economy,Command economy,Market economy,Traditional economy,,
,Which system allows consumers to express preferences through purchasing decisions?,Traditional economy,Command economy,Market economy,Mixed economy,,
,What is one characteristic of a mixed economy?,Purely traditional practices,Government regulation and market freedom,Full central planning,Absence of government involvement,,
,How does a market economy influence resource allocation through price signals?,Prices remain constant to ensure resources are distributed equally across all sectors,Government officials set prices to maintain economic stability and prevent market fluctuations,Prices have no meaningful impact on how resources get allocated,Prices guide production decisions,,
,What is a primary reason that income inequality can exist in a market economy?,Wealth is inherited through traditional structures,Resources are shared equally among all community members,Resources are distributed based on government quotas,Those with capital can earn more by investing in businesses,,
,Why might a command economy be considered less efficient than a market economy?,Rapid changes in consumer preferences,Too much innovation leading to market instability,Lack of innovation due to limited profit incentive,Overreliance on technological advancements,,
,"In a mixed economy, what is a common role of government?",To control consumer purchasing decisions,To decide all aspects of product production and distribution,To eliminate all forms of private enterprise,To regulate industries to prevent negative externalities,,
,Which of these best explains how traditional economies maintain stability?,High degree of consumer choice and market demand,Customs and established social roles,Government planning ensures that each person's needs are met,Reliance on technological innovations,,
,How does the 'invisible hand' guide a market economy?,By military control of resources,By cultural norms dictating production,Through centralized government planning,Through individuals pursuing their own self-interest,,
,What type of economic system is likely to respond quickest to consumer demands?,Traditional economy,Market economy,Mixed economy,Command economy,,
,Why might a mixed economy choose to implement progressive taxation?,To limit private sector market participation,To reduce income inequality,To discourage wealth accumulation,To stimulate consumer spending patterns,,
,In what scenario might a government in a mixed economy intervene in the market?,Only during election cycles,To set all consumer prices,To allocate resources equally to all individuals,To correct market failures and protect consumers,,
,How are producers and consumers incentivized in a market economy?,Price signals and profit motives,Government regulations and mandatory compliance standards,Central planning directives,Community-based resource sharing,,
,What is a potential disadvantage of using a traditional economy?,Overemphasis on luxury goods and consumer spending,Poor adaptability to environmental changes,Reliance on constant government intervention,High levels of innovation and change,,
,Why might a command economy emphasize producing certain goods over others?,To expand international trade,To fulfill social goals set by the government,To cater to individual consumer preferences,To maximize profit for private companies,,
,Which economy largely depends on customs to decide resource allocation?,Command economy,Traditional economy,Market economy,Mixed economy,,
,Why does a mixed economy have both public and private sectors?,To eliminate the need for market regulation entirely,To avoid participation in international trade agreements,To combine market efficiency with government oversight,To ensure equal distribution of all resources,,
,How does a command economy address the allocation of scarce resources?,By relying on ancient customs,Through voluntary resource sharing,Through centralized planning and quotas,By allowing free market pricing,,
,What could be a cause for instability in a market economy?,High levels of government control,Fluctuating prices and demand,Ritualistic practices,Equal allocation of resources,,
,Which economic system aims to use resources efficiently while achieving social objectives?,Command economy,Mixed economy,Laissez-faire economy,Traditional economy,,
,"In a command economy, who typically decides what goods are produced?",International trade partners,Private corporations,The central government,Individual consumers,,
,"In a mixed economy, why might the government provide public goods?",To compete with private markets,To restrict consumer choice,To focus on luxury goods for the wealthy,To eliminate market failures,,
,Which system would most effectively address rapid technological changes in industry?,Traditional economy,Mixed economy,Command economy,Market economy,,
,Why might a command economy struggle with efficiency compared to a market economy?,Over-reliance on competitive pricing mechanisms and market forces,Excessive focus on innovation and technological advancement,Too much emphasis on consumer preferences and demand signals,Limited access to comprehensive market information,,
,How do mixed economies attempt to balance social goals with economic efficiency?,By allowing the market sole control over goods production,Through regulated public services and private markets,By eliminating import and export regulations entirely,By providing universal employment through government jobs,,
,In what way might a market economy inadvertently exacerbate income inequality?,Rigid adherence to traditional roles and customs,Unequal access to capital and investment opportunities,Over-distribution of resources,Government-imposed wage restrictions,,
,Why might a traditional economy struggle with adapting to technological advances?,Central planning interference,Excessive market competition,Strong reliance on cultural continuity,High levels of government subsidies,,
,How does the concept of 'economic surplus' differ between a market and command economy?,Only command economies can generate economic surplus through centralized planning,Market economies eliminate economic surplus through progressive taxation and redistribution,Market economies allocate surplus by demand; command economies prioritize social goals,Economic surplus is irrelevant in both systems,,
,How might government intervention in a mixed economy create conflicts of interest?,By stabilizing market fluctuations and preventing economic volatility,By fostering an overly competitive private sector,By balancing efficient resource allocation with the need for regulation,By favoring certain sectors or groups over others,,
,Why is the 'invisible hand' concept significant in understanding market economies?,It suggests that traditional economies should rely on central planning,It proposes that consumer preferences should be ignored,It illustrates how market forces and self-interest coordinate economic activity without centralized control,It mandates government intervention in all economic matters,,
,What inherent characteristic of market economies can lead to economic instability?,Price and demand volatility,Excessive government regulation of business practices,Minimal innovation,Universal income guarantees,,
,How do traditional economies determine which goods and services are produced?,Through customs and traditions,By analyzing net growth rates across different industries,Through democratic voting systems,Based on predicted demand and supply projections,,
,Why is access to capital a significant factor in income inequality within a market economy?,Capital access reduces overall market efficiency and productivity,Non-market economic systems are the only ones requiring capital access,Capital guarantees equal income distribution across all social classes,Capital enables wealth-building investments,,
,How does the government in a command economy prioritize resource allocation?,By relying exclusively on community feedback and local input,Through central authority goals,Based on international trade agreements and foreign partnerships,Through randomized decision-making processes,,
,Why might a mixed economic system be advantageous for addressing environmental concerns?,It prohibits all forms of industry that could potentially harm the environment,It relies solely on market-driven environmental solutions,It prevents consumers from influencing production methods,It combines regulation with market flexibility,,
,What role does specialization play in enhancing efficiency in a market economy?,It reduces costs and improves production processes,It requires all firms to produce identical goods and services using the same methods,It eliminates the need for consumer choices,It encourages unified production methods across sectors,,
,How might government-provided public goods in a mixed economy impact market dynamics?,By spurring private sector innovation and efficiency,By addressing market failures and providing goods that the private sector may underprovide,By primarily serving the interests of wealthy individuals and corporations,By making private business involvement unnecessary,,
,Why is a stable economic system essential for a society's overall development?,It fosters consistent growth and resilience against external shocks,It prevents income inequality,It adheres to traditional production methods,It ensures rapid innovation at any cost,,
,How might traditional economies influence the role of gender in resource allocation?,By ensuring equal roles in all sectors,By adhering to roles defined by cultural norms,By establishing random allocation processes,By providing government-directed equality programs,,
,Why might income redistribution be a focal point in a mixed economy?,To discourage consumer spending,To prevent efficiency in market operations,To support only the most economically productive sectors,To enhance equitable access to resources and opportunities,,
,How do market economies naturally address the question of 'for whom' goods are produced?,By maintaining traditional allocation roles,By government decree,Through subsidized pricing,By allowing consumers to express preferences through purchase decisions,,
,How could the cultural continuity of a traditional economy potentially inhibit economic growth?,By resisting innovation and new technologies,By preventing engagement in international trade and commerce,By over-relying on centralized planning frameworks,By overemphasizing competition,,
,What is one way mixed economies try to leverage the strengths of both market and command systems?,By eliminating private industry competition entirely and centralizing all production decisions,By adopting solely market-driven production decisions,By engaging in minimal international trade,By combining market efficiency with government social programs,,
,What two goods are used in a common example to illustrate the PPC in economics?,Cars and Computers,Books and Pencils,Shoes and Hats,Guns and Butter,,
,What does a point inside the PPC curve represent?,Underutilization of resources,Maximum production,Efficient use of resources,Unattainable outcome,,
,What does a point on the PPC curve represent?,Excess resources,Economic contraction,Unused resources,Efficient output,,
,What does the PPC describe?,The impact of government policies,The combination of goods and services that can be produced efficiently,The rate of inflation,The level of unemployment,,
,What assumption is NOT part of the PPC model?,Technology remains constant throughout the analysis,Available resources are fixed,Only two goods are produced,Three goods are made,,
,Which point on the PPC represents an unattainable level of production?,Outside the curve,A point below the curve,A point on the curve,A point inside the curve,,
,What concept does the PPC help illustrate using two products?,Employment rates,Inflation and deflation,Tax rates,Trade-offs and opportunity costs,,
,What happens to the PPC when an economy experiences growth?,It becomes steeper,It shifts left,It shifts right,It stays the same,,
,Which factor can cause the PPC to shift?,Change in technology,Traditional cooking methods,Population窶冱 fashion taste,Consumer preferences,,
,What does an outward shift in the PPC indicate?,Stagnation,Economic growth,Economic contraction,Resource depletion,,
,"If resources are fully and efficiently utilized, where will the production be on the PPC?",Above the curve,On the curve,Below the curve,Not on the graph,,
,What happens to the PPC curve if there is an economic contraction?,It disappears,It shifts outward,It becomes vertical,It moves inside the curve but does not shift inward,,
,What is the opportunity cost usually represented by on the PPC?,A horizontal line,A vertical line,The slope of the curve,The color of the curve,,
,What does a straight-line PPC indicate about opportunity costs?,Variable opportunity costs,Decreasing opportunity costs,Constant opportunity costs,Increasing opportunity costs,,
,What does a point on the PPC that reflects both allocative and productive efficiency imply?,Scarcity,Economic efficiency,Unlimited resources,Economic slack,,
,Which is a factor that can shift the PPC outward?,Decrease in technology,High unemployment,Decline in production,Increase in resources,,
,What does an inward shift of the PPC suggest about resource use?,Efficient use,Less availability of resources,Becoming more efficient,Steady state of resources,,
,What economic concept is demonstrated by moving along the PPC from one point to another?,Market price,Opportunity cost,Fixed cost,Monetary policy,,
,How is economic growth represented on the PPC?,Movement along the curve without moving outside it,Movement from the curve to a point inside the curve,Leftward shift of the curve,Rightward shift of the curve,,
,What does a bowed-out PPC indicate about opportunity cost?,Irregular opportunity cost,Constant opportunity cost,Decreasing opportunity cost,Increasing opportunity cost,,
,What factor would NOT cause the PPC to shift?,Taste and preferences,Natural disaster,Improvement in technology,Influx of resources,,
,"On a PPC, what does movement from a point within the curve to a point on the curve demonstrate?",Machinery breakdown,Improved productivity,Lost resources,Decreased efficiency,,
,"In an economy, what does it mean if production is at a point beyond the production possibilities curve (PPC)?",More resources or better technology are required to produce at that level,It indicates a recession in the economy,Current resources and technology make it achievable,It is achievable without trade,,
,Which scenario reflects an inefficient use of resources on the PPC?,Production at a point inside the curve,Production at a point beyond current capability,Production at a point outside the curve,Production at a point on the curve,,
,"If technology improves for producing one of the two goods in a PPC model, what happens to the PPC?",Shifts outward for the affected good,Shifts outward for both goods,Shifts inward for both goods,Remains unchanged,,
,What might cause a PPC to exhibit a straight-line shape rather than a bowed-out shape?,Decreasing production scales,Specialization of labor,Constant opportunity costs,Increasing resource variety,,
,Why might an economy operate inside its PPC?,Overutilization of resources,Full employment,Underutilized resources or unemployment,High levels of technological advancement,,
,How does an increase in the availability of labor affect the PPC?,Changes the PPC shape to concave,Shifts the PPC inward,Shifts the PPC outward,Moves a point along the PPC,,
,How is allocative efficiency achieved on the PPC?,Minimizing opportunity cost,Producing beyond the PPC,Producing the mix of goods most desired by society,Producing at the midpoint of the PPC,,
,A rightward shift of the PPC most likely results from which of the following?,Depletion of raw materials,Increasing regulatory measures,Advancement in production technology,Higher taxes,,
,"In the PPC model, if producing more of one good results in increasingly larger sacrifices of the other good, this indicates the presence of what?",Increasing opportunity costs,Constant opportunity costs,Decreasing opportunity costs,Non-existent opportunity costs,,
,What differentiates efficient output from a possible output?,Possible output refers to unattainable production,Efficient output uses all resources without waste,Efficient output requires less labor,Possible output requires less technology,,
,"If an economy experiences a natural disaster destroying substantial infrastructure, where would the PPC shift?",Rightward,Leftward,Downward shift along the curve,Remain unchanged,,
,How does a PPC illustrate the consequence of opportunity cost?,By depicting only attainable points,By portraying constant prices,By suggesting unlimited resources,By showing the trade-offs between two goods,,
,What can result in a point moving beyond the existing PPC?,Technological regression and decline in worker productivity,Reduction in labor force,Decline in productivity,New resource discovery,,
,Which scenario ensures movement from within to on the PPC without shifting it?,Technological removal,Improved resource usage,Government intervention,Natural resource depletion,,
,"If an economy using its resources fully is producing more consumer goods, what trade-off might it face?",More leisure time,Fewer capital goods,Higher taxes,Fewer consumer goods,,
,Which can create potential for new unattainable production points?,Reduction in available resources,Tax increases,Trade embargoes,Technological innovation,,
,What impact does an increase in unemployment typically have on the PPC?,Shrinks the PPC directly,Shifts the PPC outward,Tilts the PPC,Moves production inside the PPC,,
,"When an economy moves from a point inside the PPC to a point on the PPC, it implies which condition?",It has lost resources,It has improved efficiency,It is wasting resources,It has achieved economic expansion,,
,What is a probable economic condition if the PPC does not shift over time despite technological advances?,Large labor force,Higher opportunity costs,Stagnant resource base,Inefficient production methods,,
,Which aspect does the PPC fail to represent directly?,Economic choices,Attainable efficiency,Total output,Preferences of society,,
,Increased training for workers in an economy results in what change in the PPC?,Flattening of the line,An outward shift,A leftward shift,Helping acquire unattainable points,,
,Improvements in consumer technology have what effect on the PPC?,Keep it stable,They can shift it inward,Lead to resource strain,Cause a rightward shift,,
,Why does a bowed-out PPC indicate increasing opportunity costs?,Resources have different levels of adaptability,Consumer demand remains constant despite changes in resource allocation patterns,All production technology maintains uniform efficiency levels,Resources can substitute perfectly for one another,,
,How can the PPC be used to demonstrate the concept of scarcity?,By only showing attainable combinations of outputs,By illustrating infinite resource availability,By only indicating linear outcomes,By displaying economic indifference at all points,,
,What does an outward shift of the PPC most fundamentally imply about an economy窶冱 future possibilities?,Enhanced potential for higher levels of production,Stabilization of opportunity costs,Current underutilized resources,Diminishing returns,,
,"Considering the PPC, how could a decrease in the population impact a nation窶冱 economic capacity?",Shift the curve inward due to fewer available workers,Shift the curve outward indicating increased capacity,Simply move a production point away from the current curve,Leave the curve unchanged as population isn窶冲 a factor,,
,How do changes in technology influence the position of the PPC?,Enable movement of resource allocation along a fixed PPC,Lead to inward shifts exclusively within traditional industries,Cause a rightward shift if beneficial to production,Enhance the opportunity to convert consumer goods into capital goods,,
,"Considering allocative efficiency within the PPC, why might producing at a specific point, though efficient, not meet societal needs?",Technology constraints prevent expectations,Resources remain unused at efficient points,Determination solely by opportunity costs,Society may prioritize different combinations of outputs,,
,"If Point G represents an unattainable output, what combination of factors could lead to its attainable realization?",Technological innovation and resource expansion,Inflationary pressures coupled with demand shifts,Decrease in productivity,Reduction in economic scale,,
,How does incorporating the concept of opportunity costs affect an understanding of production possibilities?,By transforming the PPC into a straight line,By enforcing equal value for all goods produced,By highlighting trade-offs and their invisible costs,By establishing that choices do not lead to sacrifices,,
,In what way does productive efficiency impact societal welfare as reflected by the PPC?,Aligns cost reductions exclusively with favored industries,Ensures all resources are fully utilized minimizing waste,It guarantees meeting all individual needs despite limited resources,Constrains overall utility derived from innovation,,
,"Why does a movement from Points F to B within a PPC demonstrate increased economic performance, considering fixed resources?",It involves shifting production towards high-demand goods that consumers prefer most,Retains constant technology adjustments,Focuses solely on maintaining opportunity cost stability across all sectors,Shows movement from underutilization to full capacity,,
,How could an international trade agreement shift a nation's PPC outward?,By reallocating existing resources more efficiently within the economy,By diminishing economic expansion capacity,By making local production methods inefficient,By providing new resources and technology,,
,What does moving along a PPC imply about the opportunity cost of switching production efforts between two goods?,Opportunity cost is irrelevant to PPC movement,Opportunity cost decreases as more of one good is produced,Opportunity cost increases due to resource specificity,Opportunity cost remains unchanged between goods,,
,Why can underutilization of resources within a PPC result in potentially detrimental long-term economic effects?,"It indicates that the economy is not operating at full efficiency, which can hinder growth and delay improvements in living standards.",It highlights an abundance of resources.,Permanently shifts the PPC to reflect excess capability.,Results in allocative inefficiency leading to consumer dissatisfaction.,,
,How does allocative efficiency challenge producers amidst varying global market demands as observed on the PPC?,By dictating production levels according to shifting global demands,By search for unattainable points,By requiring consistent consumer preferences,By aligning societal needs with indefinable opportunity costs,,
,In what scenario does an economic contraction alter the PPC despite no technological or resource losses?,When opportunity costs decrease exponentially,When efficiencies climb unexpectedly,When high unemployment reduces potential output,When structural shifts from specialization occur,,
,How might an unequal distribution of labor skills affect the depiction of opportunity costs on a PPC?,Constant opportunity costs are portrayed evenly,Crippling inefficiencies manifest,Unexpected opportunity cost fluctuations occur,Increasing opportunity costs dominate production decisions,,
,How does specialization influence the nature of the PPC when resources become multifaceted?,Specialization leads to a linear PPC due to uniform adaptability,Results in technological specialization rendering other skills obsolete,"Amplifies increasing opportunity costs, influencing future shape",Encourages decreasing opportunity costs across all production combinations,,
,Under what conditions can the production possibilities curve (PPC) be used to make predictions about future economic behavior?,When scarcity is ignored in future projections,When assuming constant variables such as technology and resource supply,"When the PPC is used to predict outcomes in hypothetical, non-existent economies",When limiting variables such as changes in government policy are considered,,
,How does the concept of a straight-line PPC challenge traditional economic assumptions about resource allocation?,Creates inefficiencies due to equal variance in resource distribution,It implies that opportunity costs vary randomly across different sectors,It shows that resources are diverse in function allocation,Assumes resources adapt equally across uses,,
,Why is understanding opportunity cost critical in evaluating differing PPC points from an economic policy standpoint?,Links policy decisions to resource trade-offs and their costs,Facilitates the perception that trade-offs are non-influential in economic outcomes,Fixates on irrelevant variables disconnected from production,It portrays policy implications as static,,
,What is comparative advantage?,Ability to import goods at a lower cost,Ability to produce a good at a lower opportunity cost,Ability to consume more goods and services,Ability to produce more of a good with the same resources,,
,"Which concept best describes the act of exchanging goods and services between countries, individuals, or businesses?",Trade,Specialization,Opportunity cost,Comparative advantage,,
,Which type of problem focuses on how much of a good can be produced with a given amount of resources?,Trade problems,Output problems,Specialization problems,Input problems,,
,What is the opportunity cost?,The next best alternative foregone,The cost of importing goods,The cost of labor in a country,The amount of money needed to produce one good,,
,What does 'OOO' or 'Output Other Over' represent?,A measure of absolute advantage in international trade,A mnemonic for calculating opportunity cost in input problems,A mnemonic for comparative advantage in output problems,A specialized code used for tracking exported goods overseas,,
,What does 'IOU' or 'Input Other Under' represent?,An economic theory about consumption,A mnemonic for calculating comparative advantage in input problems,A mnemonic for calculating opportunity cost in output problems,A type of trade regulation,,
,What is the primary focus of input problems?,Determining amount of resources needed for production,Estimating market demand,Calculating production capacity,Assessing trade agreements,,
,"Based on the production data below, which country has an absolute advantage in coal production? Daily Coal Production (tons): Brazil: 850 United States: 2,400 Japan: 320 Canada: 1,200",Brazil,United States,Japan,Canada,,
,Absolute advantage is determined by which factor?,More efficient consumption,Higher trade tariffs,Maximum production with fewer resources,Higher opportunity cost,,
,Comparative advantage results in specialization in what?,Areas with fewer trade barriers,Goods where a country has a comparative advantage,Services with higher consumer demand,Goods where a country has an absolute advantage,,
,"If both countries can produce the same amount of a good using the same amount of resources, which is true?",Both have a comparative advantage,Opportunity costs are equal,Neither has an absolute advantage,Trade will not benefit either country,,
,Per unit opportunity cost is calculated using which formula in output problems?,Export/Import,Gain/Give up,Give up/Gain,Production/Consumption,,
,Specialization based on comparative advantage leads to what?,Lower trade deficits,Increased efficiency,Higher tariffs,Decreased opportunity costs,,
,Which is true about terms of trade?,They determine which countries have absolute advantage,They must benefit only one country in the trade relationship,They fall between countries' opportunity costs,They are fixed and cannot be negotiated,,
,Why is it not possible for a country to have a comparative advantage in both goods?,It is determined by market demand,It is a result of economic policy,It will lead to higher production costs,Comparative advantage depends on opportunity cost,,
,Why do countries engage in trade based on comparative advantage?,To specialize in high-cost goods,To benefit from higher production efficiency,To increase tariffs,To consume more resources,,
,"If Japan has a comparative advantage in steel, what should Japan do?",Increase tariffs on steel,Stop producing steel,Import more steel,Export steel,,
,What does specialization and trade help countries do?,Isolate from global markets,Decrease consumption levels,Increase efficiency and production,Limit resource consumption,,
,"According to the article, free trade does what to overall welfare?",Negatively affects it,Decreases it,Has no effect,Boosts it,,
,"In input problems, which type of advantage is determined by using less resources?",Absolute advantage,Export advantage,Opportunity cost advantage,Cost reduction advantage,,
,"For mutually beneficial trade, terms of trade should be chosen how?",Between the absolute advantages of those involved,To favor dominant economies,To increase domestic production,Between the opportunity costs of those involved,,
,What happens if there is no difference in opportunity cost between two countries?,Both should specialize in the same goods,Only one has an absolute advantage,Both will benefit equally from trade,Neither will benefit from trade,,
,What is the term for increased efficiency and production resulting from trade between individuals or nations?,Trade surplus,Comparative advantage,Comparative consumption,Trade deficit,,
,What is the result when a country specializes based on its comparative advantage?,Reduced economic growth and lower living standards,Less production of all goods,Consumption beyond the PPC,More exports and fewer imports,,
,"If a country can produce both cars and bikes, but it has a lower opportunity cost for bikes, what should it do?",Stop producing both,Produce both equally,Specialize in bikes,Specialize in cars,,
,What best describes the relationship between opportunity costs and comparative advantage?,Comparative advantage only exists without opportunity costs,Higher opportunity costs lead to comparative advantage,Lower opportunity costs determine comparative advantage,Opportunity costs do not affect comparative advantage,,
,How does absolute advantage differ from comparative advantage in decision-making?,Both focus solely on resource usage,Comparative advantage focuses on opportunity costs; absolute advantage focuses on production levels,Absolute advantage is about trade barriers; comparative advantage is about tariffs,Absolute advantage focuses on opportunity costs; comparative advantage focuses on production levels,,
,"If Country A uses fewer resources than Country B to produce a good, what does Country A have?",Economies of scale,Absolute advantage,Trade surplus,Comparative advantage,,
,Why might a country with an absolute advantage still choose to trade with another country?,To specialize based on comparative advantage,To reduce trade barriers and eliminate tariffs,To harm the other country's economy,To boost domestic employment levels,,
,How does specialization according to comparative advantage impact global production?,Causes an imbalance in resource allocation,Increases global efficiency and production,Reduces the number of goods produced,Decreases total production,,
,"When determining comparative advantage in input problems, what is the key metric?",Total labor hours,Total output,Market demand,Amount of resources used per unit,,
,"If two countries have different opportunity costs, what does trade between them achieve?",Equality in production,Gains from trade,Reduced economic welfare,Competitive disadvantage,,
,Why can't a country have a comparative advantage in all goods?,Resource equality is impossible,Opportunity costs vary for different goods,It's a political decision,Trade laws prevent it,,
,What role does opportunity cost play in determining a country's specialization?,It affects tariffs and trade policies,It dictates which goods to focus on,It has no effect,It encourages equal production of all goods,,
,"Comparing opportunity costs for steel and coal, which is true for determining comparative advantage?",Comparative advantage is ignored,The good with a lower opportunity cost is selected,The good with a higher opportunity cost is selected,Both goods are produced equally,,
,"In output problems, how do you identify which country has a comparative advantage?",By analyzing political relations between countries,By determining which country can import more,By comparing absolute production levels alone,By calculating opportunity cost and choosing the lower one,,
,"If two countries have the same opportunity cost for producing a good, what is true?",One has a significant absolute advantage,Both should trade extensively,Both have a comparative advantage,Neither has a comparative advantage,,
,What results when two countries specialize and trade based on comparative advantage?,Expanded consumption possibilities,Decreased economic output for both nations,Isolation from global market opportunities,Reduced competition in domestic markets,,
,"If a country exports a good in which it has a comparative advantage, what is likely true?",The country will reduce efficiency,The country will improve its welfare,The country will have excess production costs,The country will experience a trade deficit,,
,Why is it beneficial for countries to import goods they don't have a comparative advantage in?,It allows the import of higher-cost goods,It reduces their opportunity cost,It enhances their absolute advantage,It improves trade barriers,,
,"In terms of trade, what ensures that both countries benefit?",Mutually agreed upon opportunity costs,Consistent production outputs,Both having the same resource needs,Favorable political conditions,,
,"When determining terms of trade, why must they fall between the opportunity costs?",To ensure maximum profit generation for exporters,To maximize total export volume,Both nations must benefit,To maintain stable exchange rates,,
,A country has a comparative advantage in producing electronics. What should it do?,Focus on electronics production and trade for other goods,Stop trading and focus solely on domestic consumption,Diversify equally across all goods production,Increase electronics imports,,
,"If a country has high opportunity costs for producing a good, what is advised?",To continue producing domestically to maintain self-sufficiency,To export the good at higher prices,To impose tariffs on that good,To import that good instead,,
,Why might a country with an absolute advantage in all goods still benefit from trade?,It allows for better tariffs in foreign markets,It increases its absolute advantages further,Trade can reduce the opportunity cost of producing goods,Absolute advantages eliminate the need for trade,,
,How does the concept of opportunity cost affect specialization and trade?,It guides countries to specialize where they have the lowest opportunity cost,Countries specialize in goods with the highest opportunity cost,It encourages countries to produce their most resource-intensive goods,It is irrelevant to the decision of specialization,,
,Why is it said that comparative advantage leads to increased efficiency in production?,It reduces the total amount of resources used globally,It challenges countries to compete in all industries,It aligns production with the lowest opportunity costs,It ensures every country produces all goods effectively,,
,"In a trading scenario, what could cause the terms of trade to become unfavorable for one country?",Changes in comparative advantage due to economic growth,Increase in the importing capacity of a trading partner,Increase in global production costs,Equal opportunity costs for both countries,,
,How can specialization according to comparative advantage alter a country's PPC (Production Possibility Curve)?,It causes no change in the PPC,It enables consumption beyond the PPC,It restricts the country to only producing goods within its original production possibilities,It shifts the PPC inward,,
,Why can't the same country have a comparative advantage in both goods when using these economic models?,It would prevent specialization,Opportunity costs differ for producing different goods,Economic models are designed this way to simplify calculations,This is a result of trade restrictions,,
,What happens if a country's opportunity cost changes and becomes higher for a particular good?,It gains a new market position in international trade,It loses comparative advantage in that good,Its absolute advantage increases substantially,It necessitates increased protectionism,,
,How do changes in opportunity cost affect global trade dynamics?,They cause a permanent cessation of trade,They stabilize international commodity prices and exchange rates,They shift comparative advantages and trade relations,They determine monetary policy changes,,
,Why is opportunity cost crucial when evaluating absolute versus comparative advantage?,It directly maximizes opportunity gains for trading partners,It helps identify potential areas for import substitution policies,It provides the basis for comparative advantage,It assists in determining absolute resource usage patterns,,
,How do countries benefit by exporting goods in which they have a comparative advantage?,It ensures a trade surplus with all trading partners,It decreases competition in their own domestic market,It allows them to increase prices in domestic markets,It maximizes resource productivity,,
,Why might a country choose to import a good even if it has an absolute advantage in producing it?,To experiment with different trading logistics and supply chain management,Because it has a comparative advantage elsewhere,To maintain adequate foreign exchange reserves,To comply with international trade agreements,,
,How does specialization based on comparative advantage align with the concept of opportunity cost?,It prioritizes production activities with the highest opportunity costs,It emphasizes zero-cost production strategies,It narrows the focus solely on resource acquisition,It focuses on areas with lower opportunity costs,,
,What might a rising opportunity cost for producing a domestic good indicate about trade?,Domestic resource surplus,Decreasing necessity for trade agreements,Necessity for importing the good to save resources,Elevation in absolute advantage,,
,How can trade lead to consumption possibilities that exceed a country's PPC?,Trade lowers domestic demand for certain goods and services,Trade decreases resource availability for production,Trade enables specialization and imports,Trade reallocates domestic production capabilities,,
,"In an input problem scenario, how is comparative advantage determined with respect to resource usage?",By exporting the good that uses the most resources,By minimizing the resource cost per unit produced,By ensuring equal resources for all goods,By achieving maximum resource allocation,,
,Why is it important to choose terms of trade that fall between opportunity costs of trading partners?,To ensure maximum domestic employment levels,To ensure mutual benefit,To secure exclusive trading rights with partners,To balance state-controlled economies,,
,How can fluctuating opportunity costs impact a country's trade strategy over time?,They require dynamic adaptation of trade partnerships,They solidify unchanging trade relations,They eliminate the need for comparative advantage assessments,They necessitate tariffs to stabilize prices,,
,What role does calculation of opportunity cost play in resource allocation decisions?,It determines where resources could be optimally utilized,It disincentivizes global trade,It increases per unit cost analysis complexity,It directs capital investment strategies,,
,"When comparative advantage shifts, why might countries need to reevaluate their trade agreements?",To adjust for new trade competitive edges,To balance domestic consumption patterns,To obtain political leverage,To increase export tariffs,,
,How do input problems emphasize a country窶冱 production capabilities in terms of efficiency?,By ensuring equal resource distribution,By maximizing resource consumption,By neglecting opportunity cost assessments,By evaluating the conversion of inputs to outputs per unit,,
,Which of the following is an example of an explicit cost?,Time spent on a project,Foregone interest,Cost of raw materials,Personal labor input,,
,What is another term for implicit costs?,Direct costs,Opportunity costs,Variable operating costs,Fixed costs,,
,What is utility in economic terms?,The total cost of manufacturing and distributing a product,The satisfaction gained from a product,The market price that consumers pay for a good,A company's revenue,,
,"If a business owner uses their own money for a project, what is the implicit cost?",Advertising and promotional expenses,Monthly rent and facility costs,Foregone investment returns,Employee wages and benefits,,
,"In economics, what does the term 'marginal' typically refer to?",Additional or incremental changes,Total costs,Fixed costs,Average costs,,
,What does the law of diminishing marginal utility state?,Costs decline with more production,Utility increases indefinitely with consumption,Total cost increases with consumption,Utility decreases after a certain point with each additional unit,,
,Which of the following is NOT an explicit cost?,Utility expenses,Monthly rent payments,Opportunity cost,Employee salaries,,
,What is the benefit of analyzing both explicit and implicit costs?,Better resource allocation decisions,To reduce unnecessary operating expenses,To calculate profit margins,To minimize tax liability,,
,Which measure is used to evaluate consumer satisfaction?,Utility,Revenue,Price,Cost,,
,When is total benefit maximized according to cost-benefit analysis?,When marginal benefit equals marginal cost,When total benefit minus total cost is greatest,When marginal cost is zero,When total cost is highest,,
,Which scenario describes negative marginal utility?,Each additional unit decreases total satisfaction,Each unit consumed provides increasing satisfaction over time,The next unit consumed maintains current satisfaction levels,The first unit provides the maximum possible satisfaction,,
,"When MB > MC, what should a rational consumer do?",Stop consuming,Reduce consumption,Continue consuming,Increase prices,,
,How are explicit costs typically recorded?,In the company's mission statement,In employee contracts,In financial accounting records,In marketing brochures,,
,Which cost type represents potential earnings lost?,Implicit cost,Sunk cost,Fixed cost,Variable cost,,
,What happens when marginal benefit equals marginal cost?,There is optimal consumption or production,Costs are minimized,Total benefit is declining,Benefits are minimized,,
,Which cost is directly associated with money payment?,Unpaid cost,Explicit cost,Implicit cost,Opportunity cost,,
,"If the cost of a good remains the same for each additional unit produced, what kind of cost is it?",Implicit cost,Variable cost,Fixed cost,Marginal cost,,
,What is the opportunity cost of attending college for a student?,Cost of living expenses,The total cost of tuition,The cost of textbooks,Forgone wages at a job,,
,How do businesses use cost-benefit analysis?,To resolve workplace conflicts,To make legal decisions,To hire employees,To evaluate projects,,
,What is meant by total costs in economics?,Only fixed costs incurred by a firm,Projected or forecasted costs for future production,The additional cost of producing one more unit of output,The sum of all explicit and implicit costs incurred in production,,
,A person buys a single pizza slice for 4. 相 邃� 綜 贈 走 蔵 贈 邃� 葬 霜 綜 臓 藻 走 騒 綜 鎗 草 像 蔵 贈 像 蒼 聡 造 即 走 騒 藻 綜 蔵 葬 草 像 騒 荘 蔵 鎗 走 草 葬 綜 贈 贈 邃� 葬 蔵 綜 霜 葬 増 臓 走 草 葬 像 蒼 4.Whatisthemarginalcostofbuyingasecondsliceatthesamepriceof4?,The marginal cost is $0,The marginal cost is $4,The total cost is $4,The utility is exactly twice,,
,What does a cost-benefit analysis help to determine regarding a project?,Its environmental impact,Its marketing strategy,Its legality,Its financial viability,,
,Why might a business consider implicit costs along with explicit costs?,To enhance marketing efforts,To better understand true economic profitability,To simplify accounting processes,To increase employee salaries,,
,What does the total benefit to a consumer measure?,The consumer's total satisfaction or utility,The consumer's total expenses,The consumer's income,The consumer's long-term savings,,
,"When making economic decisions, why is it crucial to consider both explicit and implicit costs?",To increase profit margins and improve overall business performance,To determine true economic cost,To minimize explicit costs,To avoid potential legal complications,,
,How does the concept of diminishing marginal utility impact a consumer's decision to buy additional units of a product?,It makes additional units more valuable to the consumer,It reduces satisfaction from each additional unit,It encourages consumers to purchase more units of the product,It increases the cost of additional units,,
,"If a business experiences a constant marginal cost for a product, what does this imply about its production process?",Each unit costs the same to produce,Marginal benefit decreases with each additional unit produced,Fixed costs are increasing,Production becomes more efficient and cheaper over time,,
,In what scenario might the law of diminishing marginal utility lead to negative marginal utility?,When the utility of the product remains constant,When excessive consumption leads to dissatisfaction,When the first unit provides maximum satisfaction,When a product's price drops,,
,Why would a company include opportunity costs in its project evaluations?,To lower its tax liability,To recognize potential gains from alternative investments,To account for money already spent,To ensure all direct expenses are covered,,
,Which factor is crucial in determining a consumer's total benefit from consuming a good?,Total revenue generated from sales,Marginal cost of the good,Total utility or satisfaction derived,Explicit costs associated with production,,
,How does a rational agent determine the optimal level of consumption according to the cost-benefit maximizing principle?,By equating marginal benefit to marginal cost,By ensuring that total costs are always equal to total benefits,By setting marginal utility to zero,By maximizing explicit costs,,
,What happens when the marginal benefit of a good is less than its marginal cost?,The good should be discontinued,The price of the good should be increased to reflect higher costs,The good should be consumed more,Production of the good should increase,,
,Why might a business prioritize projects with higher total benefits rather than focusing solely on low-cost projects?,To reduce opportunity costs across all business operations,To minimize explicit costs,Because high costs equate to higher quality,To maximize overall profit,,
,How do businesses use cost-benefit analysis to improve long-term decision-making?,By avoiding explicit costs,By comparing the total benefits and total costs,By focusing on short-term profitability,By ignoring implicit costs,,
,What role does the concept of utility play in consumer decision-making?,It measures satisfaction from consumption,It determines the production costs for manufacturing goods,It calculates total revenue for businesses,It assesses financial viability,,
,How does the cost-benefit maximizing principle guide efficient resource allocation?,By ensuring that each resource maximizes its utility,By minimizing costs regardless of benefits,By comparing marginal benefits to marginal costs,By equating total revenue to total cost,,
,What is the impact of marginal cost remaining constant as production increases?,Costs decrease exponentially,Production becomes more unpredictable,Each additional unit adds a uniform cost,Revenue fluctuates widely,,
,In which situation would you expect to see a decline in total utility?,When consumption exceeds the point of diminishing marginal utility,When costs decrease,When production becomes more efficient,When a product is scarce,,
,Why might a firm choose not to pursue a project even if it has high total benefits?,Because it minimizes marginal benefit,Because implicit costs exceed the benefits,Because explicit costs are completely ignored in the analysis,Because total benefits exactly equal total costs,,
,How are the law of diminishing returns and the law of diminishing marginal utility related?,They both suggest that satisfaction increases as more units are consumed or produced.,They both show that total output or utility always decreases with each additional unit.,"They both describe a decrease in additional benefit from each additional unit窶俳ne in production, the other in consumption.",They both indicate that costs decrease as more units are produced or consumed.,,
,How does considering opportunity costs improve decision-making?,By increasing the total fixed costs of production,By maximizing short-term gains,By ignoring implicit costs,By revealing alternative resource uses,,
,"When making choices, why is it insufficient to consider only explicit costs?",Because explicit costs are constantly fluctuating and unreliable,Because implicit costs are always higher than explicit costs,Because it overlooks direct monetary costs,Because it ignores opportunity costs,,
,What strategy would a consumer use to maximize their total utility from a set of goods?,Focusing solely on high-margin items,Purchasing only the cheapest goods available in the market,Consuming until explicit costs are minimized,Equating marginal utility per dollar across goods,,
,What does marginal analysis help businesses to achieve?,To ignore opportunity costs completely,To determine optimal production levels by comparing marginal benefit and marginal cost,To maximize total revenue regardless of cost,To reduce implicit costs to zero,,
,Why is it important for a business to consider both explicit and implicit costs when evaluating a potential project?,To reduce unnecessary paperwork,To avoid market competition,To minimize direct expenses,To ensure profitability by including forgone opportunities,,
,How can a constant marginal cost influence the pricing strategy of a company?,It provides a stable basis for competitive pricing,It necessitates frequent price adjustments,It allows for decreasing prices as volume increases,It results in increased variable costs over time,,
,Why might a decrease in total utility occur even when marginal utility is positive?,It cannot; total utility increases as long as marginal utility is positive.,From an increase in production efficiency,Because total cost exceeds total benefit,Due to a decline in explicit costs,,
,How does the cost-benefit analysis ensure optimal resource allocation in a non-profit organization?,By reducing taxes paid,By focusing on profit maximization,By evaluating the trade-off between potential costs and benefits,By maximizing marginal costs,,
,When should a business decide to discontinue a product according to cost-benefit principles?,When marginal costs exceed marginal benefits,When the company is operating at maximum production capacity,When explicit costs are too high,When total costs exceed total benefits,,
,Why is the understanding of the law of diminishing marginal utility crucial for marketing strategies?,It guides pricing and promotional decisions,It helps companies streamline operational processes and reduce costs,It clarifies production timelines,It determines optimal inventory levels,,
,How might a company adjust its strategic planning if it consistently encounters negative marginal utility in its products?,Maintain status quo,Increase production,Expand market reach aggressively,Introduce product diversification,,
,What is the potential effect of ignoring implicit costs in long-term investment decisions?,Improved balance sheets and financial reporting,Overestimated performance,Enhanced project management capabilities,Strategy optimization,,
,How can marginal analysis influence sustainable business practices?,By guiding resource allocation toward sustainable options,By maximizing short-term profits regardless of environmental impact,By minimizing immediate profits,By ignoring incremental costs,,
,"Why might a firm still consider a project with a marginal benefit that is slightly below the marginal cost, even if it appears unprofitable in the short term?",To meet short-term financial targets,To achieve long-term strategic goals,To boost market share,To reduce operational risks,,
,How does cost-benefit analysis apply to government policy decisions?,By minimizing budget allocations,By evaluating social and economic impacts through cost-benefit comparisons,By solely calculating explicit costs,By emphasizing tax reduction,,
,How can diminishing marginal utility affect consumer choices under budget constraints?,Consumers will increase their spending on luxury items and high-end goods,Consumers maintain constant quantity consumption,Consumers diversify their purchases,Consumers continue to buy more of the same good,,
,What is a possible outcome for a project if a firm only evaluates explicit costs?,Improved cost efficiency and better resource allocation,Misjudgment of economic value,More balanced investment decisions,Lower risk of financial loss,,
,How does the concept of marginal surplus assist businesses in evaluating project viability?,It evaluates net benefits from additional units,It focuses exclusively on fixed costs and overhead expenses,It reduces accounting discrepancies,It disregards opportunity costs,,
,How can an understanding of implicit costs impact personal financial decisions?,By ensuring short-term profits are maximized,By evaluating forgone alternatives,By prioritizing leisure activities over work commitments,By increasing spending on necessities,,
,In what way does cost-benefit analysis influence new technology adoption?,By focusing on equipment depreciation,By examining the potential return on investment against implementation costs,By evaluating increased labor costs,By primarily reducing explicit costs,,
,Why might companies revisit their cost-benefit analyses periodically?,To increase advertising budgets and expand marketing reach,To adapt to changing economic conditions,To consolidate financial reports,To reduce workforce,,
,How might a government use cost-benefit analysis in disaster response planning?,By ignoring long-term economic impacts and focusing solely on immediate costs,By handling post-disaster funding without considering prevention strategies,By minimizing insurance coverage to reduce government expenditures,By evaluating resource allocation for prevention efforts,,
,What strategy might a business utilize based on understanding diminishing marginal utility?,Reducing product availability,Keeping prices constant,Ignoring consumer demand,Offering volume discounts,,
,Why is it necessary to balance both marginal benefits and marginal costs in achieving economic efficiency?,To enhance wage structures and improve labor market dynamics,To optimize resource allocation,To increase market competition and promote consumer welfare,To decrease tax liabilities,,
,"In economics, what does 'utility' refer to?",Total income earned,Satisfaction,Quantity produced,Production cost,,
,What is known as the satisfaction from consuming goods and services?,Budgeting,Demand,Utility,Supply,,
,What is marginal utility?,Total utility,The cost of a good,Diminishing returns,Satisfaction from one additional unit,,
,What is the first step in solving utility maximization problems?,Purchase the least expensive goods available,Split income evenly among all goods,Find marginal utility,Find total utility,,
,How do consumers decide which good to buy next?,They make random choices based on impulse,They consider only the price of the good,They focus on total utility alone,Marginal utility per dollar,,
,What should MU/P equal at the point of utility maximization?,Total cost of production,MU/P of other goods,0,Total utility,,
,What does 'MU/P' stand for?,Marginal Usage and Price,Marginal Utility per Dollar,Maximum Utility possible from consumption,Minimal Utility per Period,,
,When is utility maximized between two goods?,MU1 is greater than MU2,MU1 is less than MU2,MU1/P1 is greater than P1,MU1/P1 equals MU2/P2,,
,What happens when MU1/P1 > MU2/P2?,Consume more of good 1,Stop consuming both,Increase price of good 2,Consume more of good 2,,
,What economic principle describes decreased satisfaction with additional units of a good?,Law of Demand,Diminishing Marginal Utility,Increasing Costs,Law of Supply,,
,What guides consumers in maximizing utility with a given budget?,Number of goods available,Marginal utility per dollar,Total utility,Price of goods,,
,What is the ultimate goal of utility maximization?,Maximum satisfaction,Purchasing the most expensive goods available,Increase total cost,Spend all income,,
,How does a rational consumer decide the optimal consumption bundle?,When income is exhausted,When MU/P is zero,When the marginal utility per dollar (MU/P) is equal across all goods,When prices drop,,
,What does a higher MU/P indicate about a good?,It is more expensive,It is less satisfying,It is inferior,It provides better value per dollar,,
,What happens to marginal utility as more of a good is consumed?,It becomes zero immediately,It usually decreases,It remains constant,It always increases,,
,Which concept is similar to 'bang for your buck'?,Marginal utility,Marginal cost of production,Marginal utility per dollar,Total expenditure,,
,What is the impact of diminishing marginal utility on consumption?,Additional satisfaction decreases,Consumption drops to zero,Consumption always increases,Consumption increases costs,,
,"In marginal analysis, what is compared with additional cost?",Fixed benefits,Total benefit,Fixed costs,Additional benefit,,
,What is the term for satisfaction obtained from consuming an additional unit of a good?,Average utility,Opportunity cost,Marginal utility,Total utility,,
,When is total utility maximized given a consumer's budget constraint?,When total cost is minimized,When MU/P is equal across all goods,When income is unlimited,When marginal utility equals zero,,
,What determines the decision to increase or decrease consumption in marginal analysis?,Marginal benefit and cost,Average cost,Total benefit,Fixed benefit,,
,What does a consumer achieve by equating the MU/P of two goods?,Minimum cost,Total equilibrium,Maximum utility,Zero satisfaction,,
,What signifies that consumption should be increased of one good over another?,Lower marginal cost,Higher MU/P,Higher total utility,Lower fixed benefit,,
,What is the 'optimal quantity' in marginal analysis?,When fixed costs are zero,When total benefits exceed total costs significantly,When marginal benefits equal marginal costs,When fixed benefits are highest,,
,"If a consumer is choosing between goods with different prices and utilities, what should they consider to make a rational choice?",Total quantity of goods purchased,Lowest priced good available,Marginal utility per dollar,Marginal utility alone,,
,"In utility maximization, what role does the budget constraint play?",Establishes the market prices for all available goods and services,Restricts total income available,Shows feasible consumption bundles,Calculates overall consumer satisfaction,,
,What is the likely effect of diminishing marginal utility on a consumer's decision to keep purchasing a good?,Increase consumption,Decrease consumption,Ignore price changes,Maintain consumption,,
,Why is marginal utility per dollar used instead of just marginal utility in consumer decision-making?,It eliminates the need to consider budget constraints,It maximizes total expenditure across all goods,It is much easier to calculate than marginal utility,It adjusts for price differences,,
,How does a consumer achieve equal marginal utility per dollar across different goods?,By purchasing more of the less expensive goods,By consuming until MU/P is equal across goods,By purchasing only one type of good,By saving all income,,
,What happens if the MU/P ratio is higher for one good compared to another?,Spend less on the higher MU/P good,Ignore the higher MU/P good,Spend more on the higher MU/P good,Return to purchasing more of all goods,,
,"If MU1/P1 > MU2/P2, what should the consumer do to maximize utility?",Purchase more of good 1,Purchase equal quantities of both goods,Stop purchasing both goods,Purchase more of good 2,,
,Why does the concept of diminishing marginal utility suggest about consuming multiple units of the same good?,Consumption should increase indefinitely,Each unit offers less satisfaction,Each unit offers more satisfaction,Each unit offers the same satisfaction,,
,Why might a consumer choose to purchase a good that has the lowest marginal utility (MU) among available options?,"It costs less than other options, making the MU per dollar higher",It reduces total utility,It has a higher marginal utility per dollar (MU/P) than other options,It has brand value,,
,Which scenario correctly illustrates maximizing utility between two goods?,Consuming only the cheaper good,Consuming both until MU1 = MU2,Consuming until MU1/P1 = MU2/P2,Consuming only the good with higher MU,,
,"In utility theory, why should a budget be fully utilized?",To ensure maximum satisfaction from consumption,To ensure equal distribution among goods,To increase marginal utility of one good,To minimize prices,,
,"When determining which good to buy, why does a rational consumer compare MU/P values?",To maintain current consumption levels,To decrease the number of goods consumed,To ensure they are choosing the most satisfying good for the cost,To ensure they are choosing the least expensive good,,
,What is the primary reason for equalizing MU/P across goods?,Equalize prices,Maximize total utility given the budget constraint,Minimize spending,Maximize consumption of one good,,
,What would be a rational consumer's response if the cost of a good decreases while its MU stays constant?,Maintain the current consumption level,Ignore this good,Decrease the consumption of this good,Increase the consumption of this good,,
,How does the idea of 'bang for your buck' relate to consumer behavior?,Guides spending towards higher utility per dollar,Encourages saving,Prioritizes the good with the lowest price,Minimizes total utility,,
,"In the context of utility maximization, why is it important to consider both MU and price?",It goes beyond marginal cost analysis,It guarantees the lowest price,It ensures spending is below budget,It helps decide which goods offer the most value,,
,When is the rule of equal MU/P applicable?,When spending is less than budget,When determining which goods to reduce,When comparing fixed costs,When choosing between two goods to maximize utility,,
,What decision might a consumer make if MU/P is not equal across goods?,Buy more of the good with higher MU/P,Stop purchasing the good with the higher marginal utility per dollar,Maintain current spending patterns,Continue buying in equal proportions,,
,What strategy should a consumer use to alter consumption according to the law of diminishing marginal utility?,Ignore diminishing benefits,Increase consumption with each purchase,Switch to another good after utility decreases,Maintain the same consumption level for all goods,,
,What does the statement 'MU decreases as quantity consumed increases' imply for consumer behavior?,Consumers will continue purchasing the same good indefinitely without stopping,Overall consumer spending will decline across all categories,Consumption will increase without any limits or constraints,Consumers shift to goods with higher marginal utility,,
,How does the concept of diminishing marginal utility affect the strategy for equalizing MU/P across multiple goods?,Requires continuous adjustment of purchasing decisions,Eliminates the need to consider budget constraints when making purchases,Reduces focus on prices,Encourages equal spending,,
,When might a consumer override the principle of MU/P equalization even if MU/P for one good is higher?,When preferences change despite high MU/P,When total utility exceeds budget,When diminishing returns don't apply,When additional goods are cheaper,,
,Why might equal marginal utility per dollar (MU/P) not always lead to maximized total satisfaction if preferences are not strictly quantifiable?,It ignores the satisfaction derived from variety or diversity in consumption,It can result in spending beyond the consumer's budget,Subjective satisfaction may not be accurately captured by numerical marginal utility values,Budget constraints prevent equalizing MU/P across all goods,,
,How might external factors affect utility maximization even if MU/P is balanced among goods?,Decreases in all prices,Shifts in consumer preferences and external influences,Changes in total utility,Increases in total income alone,,
,How can consumers simultaneously increase utility while facing a fixed budget constraint?,By increasing budget,By reallocating spending to higher MU/P goods,By reducing consumption of all goods,By solely purchasing high-cost goods,,
,Why might a consumer opt to maintain a suboptimal MU/P ratio in the presence of risk or uncertainty?,To ignore budget constraints and maximize spending,To conform to established behavioral patterns,To maximize immediate utility,To hedge against risk or uncertainty,,
,How does the interplay between MU/P and budget limits inform real-world purchasing decisions?,It simplifies choice to price only,It stems from income increases,It leads consumers to ignore their past consumption patterns entirely,It shows how consumers balance desires and means,,
,How does the assumption of constant utility per unit impact understanding of real-world consumption?,It increases the validity of MU/P calculations,It neglects varying personal satisfaction,It simplifies budget constraints,It mirrors real-world experiences,,
,"If faced with diminishing marginal returns, what consideration can lead a consumer to purchase more of a good even when the marginal utility per dollar (MU/P) is not equalized across goods?",Irrelevance of diminishing returns,Fixed budgets,Desire for diverse consumption,Constant prices,,
,Explain how understanding the concept of marginal utility per dollar (MU/P) can help consumers make more rational decisions and overcome biases in their spending behavior.,Reinforces emotional decision-making by validating impulsive choices,"Helps consumers identify the most value-efficient purchases, reducing the influence of irrational preferences",Encourages consumers to spend equally on all goods regardless of utility,Simplifies budgeting by recommending fixed spending percentages for each category,,
,How might the perception of risk influence the adherence to utility maximization principles?,It causes suboptimal spending to hedge against uncertainty,It dismisses the fundamental importance of market pricing mechanisms,It leads to strict adherence,Promises consistent satisfaction,,
,"In conditions where actual spending deviates from theoretical utility maximization, what could account for the discrepancy?",Stable market conditions with predictable pricing patterns,Psychological influences and perceived value,Inflexible budget constraints that limit consumer choices,Consistent utility preferences,,
,"Why might MU/P balance be considered inadequate in some consumption contexts, especially as related to long-term goals?",Ignores health and other non-monetary costs,It assumes consumers have unlimited financial resources,Reduces income,It sidesteps immediate satisfaction,,
,How might changes in a consumer's income shift the balance of MU/P optimization?,"It changes the consumer's budget constraint, affecting the optimal consumption bundle",It fundamentally restricts the consumer's ability to maximize utility,It disrupts accurate price assessment,It maintains consistent spending patterns,,
,Explain how intrinsic value perception can adjust a consumer's approach to MU/P balance?,It has no effect,It may override numeric utility in favor of emotional satisfaction,It reinforces equilibrium,It aligns strictly with price,,
,In what situations might the concept of utility maximization be limited by non-financial considerations?,Emotional and health factors,Constant marginal utility across all goods,External macroeconomic stability,Market price fluctuations,,
,How might long-term utility considerations diverge from short-term MU/P alignment in consumer behavior?,Eliminates income variations,Highlights deferred gratification and future planning priorities,Neglects personal growth,Emphasizes immediate costs,,
,Why might a uniform MU/P not reflect the dynamic nature of consumer preferences for certain goods?,Taste and preferences change over time,Ignores the psychological comfort consumers derive from consumption patterns,Limits market response,Simplifies consumer behavior,,
,When can a rigid adherence to MU/P equality be considered impractical or unrealistic?,When facing consistent uniform pricing,When large-scale consumption is involved,During life changes impacting priorities,When the same satisfaction is guaranteed across diverse contexts,,
,How does the concept of 'bang for your buck' influence purchasing choices beyond just marginal utility per dollar (MU/P) calculations?,Focuses exclusively on the monetary cost without considering other factors,"Incorporates quality, brand loyalty, and other non-monetary factors into value assessment",Simplifies satisfaction measures to only price-based metrics,Encourages maintaining consistent price points across all product categories,,
,Which of the following is considered a factor of production?,Inflation,Interest,Labor,Profit,,
,What are resources that are naturally available called?,Labor,Land,Capital,Entrepreneurship,,
,What does scarcity force individuals and societies to do?,Make trade-offs,Avoid spending,Print money,Borrow resources,,
,Which type of resource is described as non-rival?,Land,Labor,Raw materials,Established knowledge,,
,What is the term for the next best alternative foregone when making a decision?,Trade-off,Profit,Benefit,Opportunity cost,,
,What is an example of a natural resource?,Water,Money,Machinery,Human capital,,
,Which factor of production involves human effort and skills?,Land,Capital,Resources,Labor,,
,What does trade-off mean in economics?,Decreasing costs,Gaining all options,Increasing benefits,Choosing one option over another,,
,Which of the following would be a decision made due to scarcity?,Importing resources,Printing more money,Increasing consumption,Allocating resources to specific uses,,
,Which term describes the coordination of resources to produce goods or services?,Capitalism,Labor,Trade,Enterprise,,
,What do trade-offs mainly require you to consider?,Time of day,Physical ability,Number of choices,Costs and benefits,,
,What kind of economic decisions do firms make due to scarcity?,How much to borrow,How much to save,What currency to use,How to allocate resources,,
,What is a fundamental concept causing societies to make choices?,Inflation,Economic growth,Interest rates,Scarcity,,
,Which resource category involves machinery and buildings?,Labor,Capital,Human capital,Natural resources,,
,What type of scarcity is faced by all societies and economic systems?,Resource scarcity,Monetary scarcity,Time scarcity,Technology scarcity,,
,What is the result of having unlimited wants but limited resources?,Poverty,Scarcity,Abundance,Wealth,,
,"When facing scarcity, what must societies determine?",Resource allocation,Resource devaluation,Resource preservation,Resource avoidance,,
,Which economic problem arises because of scarcity?,Resource competition,Surplus,Abundance,Infinite resources,,
,"When resources are scarce, what kind of choices need to be made?",Unlimited choices,Informed choices,Arbitrary choices,Random choices,,
,Which type of capital is based on education and skills?,Natural capital,Financial capital,Human capital,Physical capital,,
,How do firms react to resource scarcity?,Make trade-offs,Increase scarcity,Ignore scarcity,Limit production,,
,What does the term 'allocation' refer to in economics?,Cost reduction,Waste management,Income generation,Resource distribution,,
,Which factor of production is associated with innovation and management?,Land and natural resources,Enterprise,Capital,Labor,,
,"In economic terms, what does scarcity require us to do?",Ignore choices,Make choices,Simplify decisions,Eliminate needs,,
,Which of the following best explains why scarcity leads to opportunity costs?,Scarcity decreases the overall value of available goods and services.,Scarcity increases the availability of resources.,Scarcity requires making choices.,Scarcity eliminates the need for economic trade-offs and decisions.,,
,How do trade-offs influence the allocation of resources in a firm?,By establishing competitive pricing strategies,By eliminating market competition,By prioritizing valuable uses,By maximizing production output,,
,Why is it important for societies to understand the concept of opportunity cost?,To make informed decisions about resource use,To reduce government spending,To eliminate scarcity,To increase the supply of resources,,
,What is the relationship between scarcity and the need for economic systems?,Economic systems are a result of unlimited resources,Economic systems arise to manage scarce resources,Economic systems eliminate scarcity,Economic systems avoid the use of trade-offs,,
,Which scenario best exemplifies a trade-off influenced by scarcity?,A government chooses to increase taxes during a budget surplus to fund new infrastructure projects.,A farmer decides to plant a new type of crop without considering market demand.,A family spends their vacation budget on home repairs instead.,A company hires additional employees despite having no budget constraints or financial limitations.,,
,How does understanding trade-offs impact business decisions?,It allows businesses to avoid all risks and negative outcomes.,It simplifies the decision-making process entirely.,It helps businesses weigh costs against benefits.,It eliminates the need for opportunity costs.,,
,How do opportunity costs affect consumer behavior?,Opportunity costs force consumers to purchase goods only during sales.,Opportunity costs lead consumers to desire more goods than they can afford.,Consumers ignore opportunity costs in decision-making.,Consumers consider opportunity costs when choosing between options.,,
,Which of the following statements is true about non-rival resources?,One person's consumption doesn't reduce availability for others.,Their use by one person significantly diminishes availability to others.,They include tangible goods like food and water.,They are more susceptible to depletion over time.,,
,What is the cause-and-effect relationship between resource scarcity and market prices?,Resource scarcity typically causes market prices to increase.,Resource scarcity has no impact on market prices.,Resource scarcity leads to a stabilization of market prices.,Resource scarcity generally causes market prices to decrease.,,
,In what way does scarcity create competition among businesses?,Businesses struggle to find practical uses for infinite resources.,Businesses no longer need to attract consumers due to resource abundance.,Businesses seek to reduce excess resources.,Businesses compete to allocate limited resources to maximize output.,,
,What role does entrepreneurship play in responding to resource scarcity?,Entrepreneurship eliminates the concept of scarcity entirely through market mechanisms.,Entrepreneurship centralizes resources without innovation.,Entrepreneurship typically ignores resource limitations in favor of growth.,Entrepreneurship creates innovative solutions for scarce resources.,,
,How do opportunity costs relate to decision-making in resource allocation?,Opportunity costs encourage completely randomized resource allocation strategies.,Opportunity costs require weighing trade-offs between options.,Opportunity costs eliminate the need to compare different alternatives.,Opportunity costs have no bearing on allocation decisions.,,
,Which factor of production is least likely to be affected by scarcity?,Physical Capital,Established knowledge,Land,Labor,,
,How does understanding scarcity impact policies on environmental conservation?,It leads to unlimited exploitation of resources.,It promotes responsible use and protection of natural resources.,It disregards the importance of future resource availability.,It encourages no action since resources are infinite.,,
,Which factor of production is primarily associated with human endeavors and efforts?,Land,Entrepreneurship,Capital,Labor,,
,What is the effect of limited resources on the production possibilities of a society?,It restricts production to feasible combinations of goods.,It prompts constant resource regeneration.,It leads to infinite production capabilities.,"It eliminates choices, leaving only one product option.",,
,What is likely to happen when society allocates resources inefficiently?,Maximum satisfaction of wants and needs across all sectors,Rapid economic growth and expansion,Unmet needs and wasted resources,Complete elimination of opportunity costs,,
,What is the impact of scarcity on the potential economic growth of a nation?,Scarcity limits the potential for economic growth.,Scarcity accelerates economic growth.,Scarcity has no impact on economic growth.,Scarcity ensures equal distribution of growth benefits.,,
,How does the concept of scarcity shape consumer priorities?,Consumers prioritize based on value and necessity.,Consumers ignore scarcity and make purchases based solely on personal desires and immediate wants.,Consumers can simultaneously satisfy all wants.,Scarcity eliminates differences in consumer preferences.,,
,Why might a nation focus on developing its labor force as part of its economic strategy?,Labor force improvements have no effect on economic outcomes.,Labor is the only factor of production that cannot be scarce.,Increasing the labor force automatically increases natural resources.,A skilled labor force can enhance productivity despite resource limitations.,,
,How does the concept of scarcity influence economic growth and environmental protection strategies?,Scarcity makes it easier to balance economic growth with environmental protection goals.,Scarcity has no meaningful impact on economic growth or environmental protection strategies.,Scarcity encourages unlimited exploitation of resources to maximize economic growth.,Scarcity requires trade-offs between growth and sustainability.,,
,Why is the understanding of opportunity cost crucial for efficient resource allocation?,It helps evaluate the relative benefits of different resource uses.,It ensures the maximum satisfaction of all needs and wants in society.,It allows resources to be used without limits.,It eliminates the need for decision-making in resource allocation.,,
,How might firms adjust production processes in response to scarce resources and input costs?,Firms innovate and optimize resource efficiency.,Firms stop production to conserve resources.,Firms ignore scarcity and continue as usual.,Firms increase resource usage despite rising costs.,,
,How does microeconomic analysis differ from macroeconomic analysis in dealing with scarcity?,"Microeconomics examines resource allocation at the individual or firm level, while macroeconomics looks at economic policy and broader impacts.","Microeconomics ignores scarcity, whereas macroeconomics focuses on it.","Microeconomics resolves scarcity issues, while macroeconomics creates them.","Microeconomics always results in economic growth, while macroeconomics leads to scarcity.",,
,In what ways can governments utilize the understanding of scarcity to influence economic stability?,By ignoring scarcity and focusing exclusively on controlling inflation rates,By ensuring every need and want is immediately satisfied through unlimited spending,By adjusting monetary and fiscal policies to balance resources,By creating artificial scarcity through unnecessary resource limitations,,
,Why does scarcity lead to a need for specialization and trade among nations?,Scarcity allows countries to produce everything they need efficiently within their own borders.,Scarcity eliminates the possibility of international exchange.,Scarcity requires countries to be completely self-sufficient.,Scarcity leads countries to specialize and trade based on comparative advantage.,,
,How do trade-offs relate to the fundamental economic question of resource allocation to maximize benefits?,Trade-offs are essential for optimal resource allocation.,Trade-offs have no meaningful impact on how societies allocate their scarce resources.,Trade-offs complicate the process of maximizing benefits.,Trade-offs eliminate the need for deciding how to maximize benefits.,,
,How can an understanding of scarcity influence consumer behavior in a competitive market?,It encourages consumers to weigh costs and benefits when purchasing.,It reduces consumer choice by limiting the availability of products in the marketplace.,It forces consumers to buy less globally competitive products.,It leads consumers to ignore price changes completely.,,
,Why might a society prioritize investment in human capital despite limited resources?,It improves productivity and long-term economic growth.,Human capital investment has no opportunity costs.,Humans naturally allocate resources more efficiently.,Investment in human capital is less risky than other investments.,,
,How does the interplay between scarcity and opportunity cost affect national policy-making?,It simplifies policy-making by eliminating the need to consider trade-offs between different programs.,It leads policymakers to disregard resource limitations.,Policy-making becomes unaffected by economic constraints and resource availability issues.,It forces difficult choices between competing priorities.,,
,"In a society where resources are extremely scarce, what kind of economic system might emerge?",A system with highly centralized control over resource allocation,A system that allows for unlimited consumption,A system that guarantees equal distribution of resources to all,A system with no need for resource management,,
,How does opportunity cost influence choices in developing versus developed countries?,Opportunity cost is only relevant to developing countries.,Opportunity cost drives resource prioritization in both developing and developed countries.,Developed countries face higher opportunity costs due to less resource abundance.,Developing countries face lower opportunity costs as they have more resources.,,
,Why is it necessary to consider non-material opportunity costs when evaluating economic activity?,They reveal the true trade-offs in decision-making.,They are inherently less important than material costs.,Non-material costs have no bearing on economic decisions.,They simplify the calculation process and reduce complexity in economic analysis.,,
,How does entrepreneurship play a crucial role in addressing the challenges of scarcity?,Entrepreneurs actually worsen scarcity problems by depleting resources through excessive innovation and market expansion.,Entrepreneurship has no meaningful impact on scarcity issues.,Entrepreneurs ignore scarcity constraints when developing business strategies.,Entrepreneurs create innovative solutions for limited resources.,,
,What are the implications of limited resources on international competitiveness?,Resources have no impact on international competitiveness.,Nations must focus on areas where they can efficiently use resources.,Limited resources ensure equal competitiveness across all sectors.,Limited resources automatically reduce a country's competitiveness.,,
,Why might scarcity lead to increased innovation within industries?,Scarcity ensures that industries focus only on profit-maximization strategies.,Scarcity eliminates the need for innovation.,Scarcity drives more efficient resource use.,Scarcity prevents industries from investing in research and development activities.,,
,How does the concept of opportunity cost inform decisions in public policy?,It allows policymakers to ignore alternative policies.,It helps evaluate the trade-offs between different policy options.,Opportunity cost is irrelevant to public policy decisions.,It guarantees one best policy choice.,,
,How can understanding scarcity improve strategic planning within a business?,By helping businesses avoid all risks associated with resource use,By encouraging effective prioritization and efficiency in resource allocation,By slowing down decision-making processes,By eliminating the need for supply chain management,,
,How might scarcity and trade-offs shape long-term economic development goals?,They have no bearing on the formation of long-term goals.,They ensure all resources are used for short-term gains rather than invested in future development.,They discourage any form of economic planning.,They require balancing current needs with future sustainability.,,
,"How does the allocation of labor, in response to scarcity, affect the efficiency of production?",Proper skill allocation improves efficiency.,Labor allocation has no meaningful impact on production efficiency outcomes.,It creates unlimited resource availability.,Less labor always increases efficiency.,,
,"According to the law of demand, what happens when price increases?",Consumer demand remains unchanged,Quantity demanded increases,Quantity demanded decreases,Supply doubles,,
,What is the relationship between price and quantity demanded called?,Market surplus,Law of demand,Law of supply,Consumer equilibrium,,
,"On a demand curve, what does a low price typically result in?",Increased inventory,Low quantity demanded,Decreased supply,High quantity demanded,,
,"In a grocery store, if the price of oranges rises from 1 贈 像 1to10, what is likely to happen to the quantity demanded?",It will decrease,It will stay the same,It will fluctuate temporarily,It will increase,,
,What does the supply curve show?,Consumers' preferences,Historical sales data,Quantity supplied at various price points,Market prices,,
,"According to the law of supply, what happens as price increases?",Quantity supplied rises,Market demand decreases significantly,Demand remains unchanged,Quantity supplied falls,,
,What happens to the quantity supplied of a product when the price falls?,It becomes unpredictable,It decreases,It remains constant,It increases,,
,What defines the market equilibrium?,Supply exceeds demand,Quantity demanded equals quantity supplied,Prices are arbitrary,Demand exceeds supply,,
,"At equilibrium, what are q and p known as?",Equilibrium quantity and price,Consumer surplus and producer surplus,Demand and supply,Profit and loss,,
,What term describes the actual number demanded at a certain price?,Demand,Supply,Surplus,Quantity demanded,,
,What causes a movement along the demand curve?,Changes in technology,Changes in consumer tastes,Changes in regulation,Changes in price,,
,What is necessary for the market system to function well?,Surplus production capacity,High consumer demand,Property rights,Low supply levels,,
,What happens to the demand curve when there is a change in consumer income?,It shifts,It disappears,It remains unchanged,It becomes vertical,,
,What describes a decrease in quantity demanded due to higher prices?,Supply effect,Law of demand,Diminishing returns,Demand saturation,,
,Which curve slopes downwards due to diminishing marginal utility?,Surplus curve,Supply curve,Equilibrium curve,Demand curve,,
,What does a shift in the demand curve indicate?,Increase in production cost,Change in supply conditions,Government intervention,Change in consumer preferences or income,,
,What results from adding up all individual demand curves?,Supply curve,Surplus curve,Market price,Market demand curve,,
,What impact does an increased price generally have on quantity demanded?,Doubles it,Has no impact,Increases it,Decreases it,,
,What term is used for a shift in the entire demand curve?,Surplus adjustment,Quantity demanded,Supply change,Change in demand,,
,What happens at the point where the supply and demand curves intersect?,Demand exceeds supply,Prices rise,Surplus is maximized,Market equilibrium is achieved,,
,"If demand for a product increases while supply stays constant, what generally happens to the price?",Increases,Becomes unpredictable,Decreases,Stays the same,,
,What is shown on the horizontal axis of a demand curve?,Consumer preferences,Market trends,Price,Quantity demanded,,
,"What typically happens to demand when consumer income increases, assuming it's a normal good?",Demand remains unchanged,Demand increases,Demand decreases,Demand shifts to the left,,
,What effect does a decrease in the price of a substitute good have on the demand for the original product?,Has no effect,Increases it,Decreases it,Doubles it,,
,What is a likely outcome if a government imposes a price ceiling below the equilibrium price?,Shortage of goods,Surplus of goods,Decrease in demand,Equilibrium remains,,
,How does an increase in consumer income affect the demand curve for normal goods?,The curve shifts right,The curve remains unchanged,The curve shifts left,The curve becomes steeper,,
,"If the price of a complement good increases, what happens to the demand for the related good?",It increases,It decreases,It remains unchanged,It becomes elastic,,
,Which factor would cause a shift in the demand curve for a product?,Change in supply,Change in consumer preferences,Change in production technology,Change in the number of suppliers,,
,"When the price of a product decreases, which term refers to the movement along the demand curve?",Equilibrium shift,Change in demand,Change in supply,Quantity demanded changes,,
,Which scenario results in a movement down along the demand curve?,An increase in the price of substitutes,A decrease in the product's price,An increase in consumer income,An increase in the number of consumers,,
,What would cause the demand curve for a product to shift to the left?,A decrease in the price of complement goods,A decrease in the number of consumers,An increase in consumer preferences for the product,An increase in consumer income,,
,How does a decrease in consumer preferences for a product affect its market?,Moves demand curve up,No impact on demand curve,Shifts supply curve right,Shifts demand curve left,,
,"If a severe weather event destroys crops, what happens to the supply curve for that agricultural product?",Moves along the supply curve,Supply curve shifts left,Supply curve shifts right,No change to supply curve,,
,What illustrates the concept of diminishing marginal utility?,More satisfaction from each additional unit consumed,No change in satisfaction per unit,Increased utility regardless of consumption level,Less satisfaction from each additional unit consumed,,
,"If both supply and demand increase simultaneously, what can be said about the equilibrium price?",It is unaffected,It will increase,"It may increase, decrease, or remain the same",It will decrease,,
,How does a successful advertising campaign affect the demand curve for a product?,Makes demand curve vertical,Shifts demand curve right,No effect on demand curve,Shifts demand curve left,,
,"If a technological advancement reduces production costs, what happens to the supply curve?",Becomes steeper,It shifts right,It shifts left,It remains unchanged,,
,"In the context of supply and demand, what does it mean when we say the market is in equilibrium?",The market has excess demand,Prices are constantly fluctuating,The market has excess supply,Quantity demanded equals quantity supplied,,
,Why might the demand curve for a luxury good shift to the right?,An increase in the price of substitute goods,A decrease in consumer income,A rise in production costs,Greater consumer confidence,,
,"What key event could cause the equilibrium quantity to increase, holding other factors constant?",Fall in production costs,Lower public demand,Increased taxation on goods,Natural disaster affecting production,,
,How does the presence of a large number of buyers and sellers in a market typically affect prices?,Prices are higher,Prices decrease,Prices are stabilized,Prices are unpredictable,,
,Which condition would lead to both supply and demand curves shifting to the right?,Decrease in consumer confidence,Higher input costs,Improved technology and increased consumer income,Bad weather and increased taxation,,
,What term describes the relationship between the price of a good and the quantity that buyers are willing and able to purchase at each price?,Equilibrium state,Quantity demanded,Demand schedule,Market supply,,
,"If the government introduces a subsidy for production, what happens to the supply curve?",It shifts left,It shifts right,It does not change,It becomes vertical,,
,Why does the demand curve slope downward from left to right?,Due to the law of supply,"Because as price increases, demand increases",Due to the income and substitution effects,Because consumers buy more at higher prices,,
,How can an increase in technological advancement in production affect both supply and equilibrium price?,Leads to higher costs for producers,"Supply decreases, equilibrium price rises","Supply increases, equilibrium price lowers","Supply remains unchanged, equilibrium price rises",,
,"How is it possible for both supply and demand curves to remain the same, yet the quantities supplied and demanded change?",Through technological advances,Through government intervention,By introducing new substitutes,Through a shift in price,,
,In what situation might a good's supply curve shift to the left?,If consumer income increases substantially,If production is disrupted,If consumer demand grows consistently over time,If production costs decrease,,
,How could an improvement in technology affect the law of supply?,It may cause a rightward shift in the supply curve,It affects only consumer preferences,It could lead to decreased interaction between supply and demand,It leads to a decrease in the quantity supplied,,
,Why might businesses be less sensitive to changes in price when considering the law of supply?,They prefer consistent output levels,They use long-term contracts,They prioritize consumer preferences,They may face capacity or resource constraints in the short run,,
,How does consumer expectation about future prices affect current demand?,No effect since consumer expectations don't affect demand,Could shift the demand curve depending on expectations of price rise or fall,Leads to price controls by government,Increases quantity demanded regardless of prices,,
,What can cause a simultaneous increase in both demand and supply in a market?,Natural disasters combined with widespread inflation throughout the economy,A decrease in consumer income but increase in production costs,Reduced price of substitutes,Technology improvements and rising consumer preferences,,
,How can the interaction of supply and demand explain shortages?,When government sets a price ceiling above equilibrium,By increasing production without considering demand,When supply exceeds demand at the current price,When demand exceeds supply at the current price,,
,Why is it crucial to distinguish between 'quantity demanded' and 'demand'?,Because demand is affected by minor price fluctuations throughout the market,Because quantity demanded involves emotional consumer behavior,Because changes in price only affect demand and not other market variables,Because quantity demanded moves along the curve while demand shifts,,
,"Why do producers produce more when prices rise, according to the law of supply?",To meet competitive standards in the marketplace,To gain greater market share,Higher prices increase profit potential,To invest in new technology,,
,What happens if a product reaches a market equilibrium where quantity demanded equals quantity supplied?,Prices tend to rise significantly above the equilibrium point,No shortages or surpluses persist,Demand curves become fixed and cannot shift,Production levels will decrease,,
,How does the concept of diminishing marginal utility relate to consumer behavior along a demand curve?,It shows why consumers purchase more with each additional unit,It means consumers become more satisfied with every purchase,It explains why consumers buy less at higher prices,It makes the demand curve horizontal,,
,Why might the equilibrium price and quantity in a market remain stable over an extended period?,Supply and demand factors remain constant,Perfect elasticity exists in the supply curve,Consumer behavior patterns are unpredictable,Production costs shift frequently due to external factors,,
,How can understanding shifts in supply and demand curves help businesses in decision-making?,It allows them to control consumer behavior,It guides them in setting future production levels and pricing strategies,It reduces their need for market research,It allows them to guess competitor intentions,,
,When is a market said to be experiencing disequilibrium?,When quantity supplied equals quantity demanded,When prices are consistent,When external factors no longer affect supply,When either a surplus or a shortage exists,,
,"Why do firms react to price changes, in contrast to consumers?",Their primary concern is maintaining market power,Firms are impacted by fashion trends,Firms focus on maintaining loyal customer bases,They adjust output to maximize revenue and minimize costs,,
,How is market efficiency achieved through supply and demand?,Through minimal government intervention and allowing free interaction,By ensuring a constant influx of new competitors,Through strict regulation of prices by authorities,By creating price ceilings and floors,,
,How do different elasticities in supply and demand affect market responses to changes?,They make markets unpredictable and create volatile price fluctuations,They universally increase marginal utility,They affect equilibrium adjustments,They alter external market conditions,,
,Why can the actual market price change temporarily without a shift in the demand or supply curves?,Because of shifts in unrelated markets,Because price is influenced by temporary factors like seasonal demand,Due to natural cyclical economic patterns,Due to sudden technological change,,
,What happens to the supply when there are higher subsidies for suppliers?,Supply increases,Supply remains unchanged,Supply becomes unstable,Supply decreases,,
,"If the price of a resource decreases, what is the expected impact on supply?",Supply decreases,Supply remains unchanged,Supply becomes unpredictable,Supply increases,,
,What effect does improved technology have on supply?,Supply becomes sporadic,Supply remains unchanged,Supply decreases,Supply increases,,
,"If more sellers enter the market, what happens to the supply?",Supply increases,Supply remains unchanged,Supply decreases,Supply becomes restricted,,
,How does an increase in the price of a substitute in production affect the supply of a good?,Supply of the good increases,Supply of the good becomes erratic,Supply of the good decreases,Supply of the good remains unchanged,,
,What is the expected supply response if sellers expect future prices to rise?,Supply remains unchanged,Supply stabilizes,Supply increases now,Supply decreases now,,
,"If the government imposes higher taxes on suppliers, what is the effect on supply?",Supply fluctuates randomly,Supply increases,Supply decreases,Supply remains unchanged,,
,What happens to the supply of a product if the number of sellers decreases?,Supply becomes excessive,Supply remains unchanged,Supply increases,Supply decreases,,
,"If a new technology is adopted that reduces production costs, what is the effect on supply?",Supply becomes irregular,Supply decreases,Supply increases,Supply remains unchanged,,
,"When the price of a substitute product increases, what happens to the demand for the current product?",Demand increases,Demand decreases,Demand remains unchanged,Demand becomes erratic,,
,What effect does a drop in resource prices have on the ability to produce goods?,Ability becomes unpredictable,Ability increases,Ability remains unchanged,Ability decreases,,
,"If sellers expect future prices to drop, what is the likely effect on current supply?",Supply remains unchanged,Supply oscillates,Supply decreases,Supply increases,,
,What occurs to supply when the number of sellers in the market rises?,Supply remains unchanged,Supply increases,Supply diminishes,Supply decreases,,
,How do higher taxes on a product affect supplier behavior?,Suppliers produce less,Suppliers remain unaffected,Suppliers produce more,Suppliers become unstable,,
,What happens to the supply if subsidies are lowered for a specific good?,Supply becomes excessive,Supply decreases,Supply increases,Supply remains unchanged,,
,"When resource prices rise, what is the expected impact on the production of goods?",Production becomes chaotic,Production decreases,Production remains unchanged,Production increases,,
,"If a new seller enters the tea market, what will likely happen to the supply of tea?",Supply stabilizes,Supply decreases,Supply becomes variable,Supply increases,,
,How does an increase in technology efficiency affect supply?,Supply stagnates,Supply decreases,Supply increases,Supply remains unchanged,,
,"If sellers expect a substantial price drop in the future, how might they act currently with supply?",Suppress supply,Decrease supply,Keep supply constant,Increase supply,,
,What happens to market supply if the price of a key resource falls significantly?,Supply increases,Supply decreases,Supply becomes obsolete,Supply remains unchanged,,
,"When sellers anticipate higher prices in the future, what happens to current supply?",Supply stabilizes,Supply increases,Supply becomes dynamic,Supply decreases,,
,"If the price of coffee increases and you're a tea producer, what should you do?",Produce more coffee,Produce more tea,Produce less tea,Stop production entirely,,
,What is a predicted effect on supply if there is an advancement in production technology?,Supply becomes erratic,Supply increases,Supply remains unchanged,Supply decreases,,
,"If a production subsidy is introduced for a product, what happens to the supply?",Supply increases,Supply remains unchanged,Supply decreases,Supply is unaffected,,
,How do higher resource costs influence the supply of a product?,Supply increases,Supply decreases,Supply remains constant,Supply stabilizes,,
,What is the likely effect on the supply curve when the government reduces subsidies on a good?,The supply curve remains unchanged,The supply curve shifts to the left,The supply curve becomes vertical,The supply curve shifts to the right,,
,"How might an increase in the number of sellers in a market affect supply, assuming other factors remain constant?",Supply increases,Supply becomes more elastic,Supply decreases,Supply remains unchanged,,
,"If a producer expects their resources to become more expensive in the near future, how might they adjust current supply?",Increase current supply,Halt production,Decrease current supply,Maintain current supply,,
,What impact does a technological advancement have on the supply of goods in competitive markets?,Supply increases,Supply becomes more inelastic without shifting,No effect on supply occurs,Supply decreases,,
,How do taxes on suppliers affect the supply curve if the tax is increased?,The supply curve shifts to the left,The supply curve is unaffected,The supply curve shifts to the right,The supply curve becomes perfectly elastic,,
,Why might a decrease in resource prices lead to a shift in the supply curve?,"Because it lowers production costs, shifting supply right",Because it increases the cost of production,Because it discourages investment in other markets,Because it decreases the availability of resources,,
,What is a potential outcome if a seller anticipates a future price decrease for their product?,They increase production costs,They increase current supply,They lower product quality,They decrease current supply,,
,How would you describe the relationship between technology and supply in modern markets?,Improved technology increases supply,Technology causes supply to fluctuate randomly,Technology has no impact on supply,Improved technology decreases supply,,
,"If the price of a substitute product falls, how might this impact the demand for the current product?",Demand for the current product increases,Demand for the current product remains unchanged,The market abandons the current product,Demand for the current product decreases,,
,"Under what condition might a seller deliberately reduce supply, despite stable resource prices?",Newly imposed subsidies,Increase in the number of competitors,Technological regress,Expectations of rising future prices,,
,What is the effect on supply if a natural disaster disrupts the availability of key resources?,The supply curve shifts to the right,The supply curve remains unchanged,The effect depends solely on technology,The supply curve shifts to the left,,
,How does an increase in taxes influence producers' decisions regarding supply?,Producers are unaffected by tax changes,Producers decrease supply to reduce tax burden,Producers supply more to offset tax costs,Producers increase investment in other products,,
,"If two related goods are substitutes in production, how does an increase in the price of one affect the supply of the other?",The two markets become indistinguishable,Supply decreases for the other,Supply increases for the other,Supply remains constant for the other,,
,What might a producer do if they expect a decrease in future demand for their product?,Diversify into unrelated markets,Increase supply now,Keep supply levels unchanged,Decrease supply now,,
,Why would a firm choose to produce less of a currently profitable item?,Established market dominance,Expectations for reduced taxes,Technological enhancements,Anticipation of future better profitability,,
,How does a market typically react to the entry of numerous sellers in terms of supply?,Supply and price remain unchanged,Supply decreases and prices increase,Supply increases and prices stabilize,Supply becomes more uniform,,
,In what situation does a supply curve typically shift left?,When technology advances,When resources become cheaper,When subsidies are introduced,When taxes are increased on the product,,
,How might an increase in production technology affect a producer's operational costs?,Costs become unreliable,Costs decrease due to technology efficiency,Costs increase due to equipment upgrades,Costs remain constant as technology is a long-term factor,,
,What is a common effect of subsidies on market supply?,They increase supply by lowering production costs,They have no predictable effect,They decrease supply by complicating logistics,They cause prices to soar uncontrollably,,
,"When a firm's expectations about future prices lead them to adjust current supply, what economic principle is primarily at work?",Expectations about future prices,Law of demand,Scarcity principle,Law of supply,,
,Why might a firm reduce current supply if it expects significant future price increases?,To maintain their current market share position,To avoid overproduction costs,To maximize future profits,To stimulate immediate consumer demand,,
,How could an increase in subsidies impact the competitive landscape of a market?,By leading to the exit of smaller competitors,By decreasing supply variability,By harming technological development,By encouraging more firms to enter the market,,
,In what way might a decrease in resource prices indirectly influence consumer prices?,Consumer prices may decrease as supply increases,Consumer prices remain constant due to stable demand,Consumer prices increase due to inflationary pressures,Consumer prices may increase due to reduced supply,,
,Which scenario could lead to a simultaneous increase in demand and supply?,Introduction of new taxes on production and consumption,Technology advances and higher incomes,Anticipated scarcity of key resources,Price decline in substitute goods,,
,What might explain why a significant increase in the number of sellers does not always lower market prices?,Constant prices of related goods,Lack of technological advancements,Increase in demand parallel to the increase in supply,Inelasticity of demand for the product,,
,Why would a producer continue producing a good even if prices in related markets are rising?,To maintain existing consumer relations,To establish stronger market competition,To capitalize on a low elasticity of demand in the current market,Due to high fixed costs associated with switching products,,
,How does the concept of opportunity cost relate to a producer's decision to switch from one product to another due to price changes in related goods?,It emphasizes the sunk costs in product switching,It is irrelevant in this context,It represents the lost potential earnings from not producing the original good,It highlights the technological investment necessary for new production,,
,"In terms of market equilibrium, how would a simultaneous increase in both supply and demand affect the market?",Supply shortages would occur throughout the market,Prices would certainly rise,It would result in decreased market competition and reduced efficiency,"Quantity increases, but price effects are uncertain",,
,Why might a producer resist incorporating new technology even if it could increase supply?,High upfront costs and obsolescence risk,Fear of increasing market saturation and reduced profitability,High elasticity of demand,Reduction in variable costs,,
,What is an indirect consequence of an increase in the price of a key resource on technological development efforts?,Increases innovation incentives,Stabilizes market prices across competing industries,Reduces incentive to develop new technologies,Encourages market exit for less competitive firms,,
,How can subsidized production in one industry create positive externalities in related markets?,By creating monopolistic market conditions that reduce competition,By reducing input costs for related firms,By decreasing overall production efficiency across sectors,By increasing costs in unrelated industries,,
,Which factor might compel a firm to increase production despite lower market prices?,Expectations of future subsidies,Economies of scale achieved through higher production volumes,Reduced tax incentives,Increased cost of resources,,
,How might government-imposed taxes intended to reduce supply inadvertently affect quality control measures?,Deter quality improvements due to increased focus on cost reduction,Improve quality as firms pass on costs to consumers,Reduce market competition,Lead to higher subsidies for quality control,,
,Why would a fall in the price of complementary goods indirectly trigger investments in related industries?,To capitalize on increased demand for the complementary good,Due to decreased production costs across the board,To take advantage of anticipated future shortages,To stabilize market prices,,
,How can the anticipation of future resource scarcity alter current supply strategies?,By increasing reliance on government subsidies,By reducing demand for unrelated goods,By leading to immediate decreases in production,By encouraging hoarding and early production,,
,What is a potential unintended consequence of increased supply due to technological advancement on market wages?,Decrease in market wages due to automation,Stabilization of wages across markets,Increase in demand for unskilled labor,Increase in market wages due to higher demand,,
,Why could technological stagnation in one industry lead to shifts in others?,It creates resource surpluses,It causes price decreases in unrelated markets,It drives investments in competitive technologies,It increases cross-industry collaboration,,
,What role do seller expectations play in how new trends affect supply?,They modify supply only in technologically advanced industries,They guide long-term strategic planning affecting current supply,They allow for immediate adjustments in supply regardless of current conditions,They lead to increased demand for substitutes,,
,How does an increase in the price of a substitute good lead to strategic shifts in supply?,By increasing stakeholder engagement with regulatory bodies and government agencies,By stabilizing input costs across the industry,By decreasing the elasticity of demand,By pushing firms toward more profitable alternatives,,
,What could explain a counterintuitive decrease in supply despite technological improvements?,Supplier collusion to reduce output,Increase in taxes offsets technological gains,Excessive market competition leading to reduced margins,Anticipated regulatory changes in technology use,,
,What happens to the supply when there are higher subsidies for suppliers?,Supply increases,Supply remains unchanged,Supply becomes unstable,Supply decreases,,
,"If the price of a resource decreases, what is the expected impact on supply?",Supply decreases,Supply remains unchanged,Supply becomes unpredictable,Supply increases,,
,What effect does improved technology have on supply?,Supply becomes sporadic,Supply remains unchanged,Supply decreases,Supply increases,,
,"If more sellers enter the market, what happens to the supply?",Supply increases,Supply remains unchanged,Supply decreases,Supply becomes restricted,,
,How does an increase in the price of a substitute in production affect the supply of a good?,Supply of the good increases,Supply of the good becomes erratic,Supply of the good decreases,Supply of the good remains unchanged,,
,What is the expected supply response if sellers expect future prices to rise?,Supply remains unchanged,Supply stabilizes,Supply increases now,Supply decreases now,,
,"If the government imposes higher taxes on suppliers, what is the effect on supply?",Supply fluctuates randomly,Supply increases,Supply decreases,Supply remains unchanged,,
,What happens to the supply of a product if the number of sellers decreases?,Supply becomes excessive,Supply remains unchanged,Supply increases,Supply decreases,,
,"If a new technology is adopted that reduces production costs, what is the effect on supply?",Supply becomes irregular,Supply decreases,Supply increases,Supply remains unchanged,,
,"When the price of a substitute product increases, what happens to the demand for the current product?",Demand increases,Demand decreases,Demand remains unchanged,Demand becomes erratic,,
,What effect does a drop in resource prices have on the ability to produce goods?,Ability becomes unpredictable,Ability increases,Ability remains unchanged,Ability decreases,,
,"If sellers expect future prices to drop, what is the likely effect on current supply?",Supply remains unchanged,Supply oscillates,Supply decreases,Supply increases,,
,What occurs to supply when the number of sellers in the market rises?,Supply remains unchanged,Supply increases,Supply diminishes,Supply decreases,,
,How do higher taxes on a product affect supplier behavior?,Suppliers produce less,Suppliers remain unaffected,Suppliers produce more,Suppliers become unstable,,
,What happens to the supply if subsidies are lowered for a specific good?,Supply becomes excessive,Supply decreases,Supply increases,Supply remains unchanged,,
,"When resource prices rise, what is the expected impact on the production of goods?",Production becomes chaotic,Production decreases,Production remains unchanged,Production increases,,
,"If a new seller enters the tea market, what will likely happen to the supply of tea?",Supply stabilizes,Supply decreases,Supply becomes variable,Supply increases,,
,How does an increase in technology efficiency affect supply?,Supply stagnates,Supply decreases,Supply increases,Supply remains unchanged,,
,"If sellers expect a substantial price drop in the future, how might they act currently with supply?",Suppress supply,Decrease supply,Keep supply constant,Increase supply,,
,What happens to market supply if the price of a key resource falls significantly?,Supply increases,Supply decreases,Supply becomes obsolete,Supply remains unchanged,,
,"When sellers anticipate higher prices in the future, what happens to current supply?",Supply stabilizes,Supply increases,Supply becomes dynamic,Supply decreases,,
,"If the price of coffee increases and you're a tea producer, what should you do?",Produce more coffee,Produce more tea,Produce less tea,Stop production entirely,,
,What is a predicted effect on supply if there is an advancement in production technology?,Supply becomes erratic,Supply increases,Supply remains unchanged,Supply decreases,,
,"If a production subsidy is introduced for a product, what happens to the supply?",Supply increases,Supply remains unchanged,Supply decreases,Supply is unaffected,,
,How do higher resource costs influence the supply of a product?,Supply increases,Supply decreases,Supply remains constant,Supply stabilizes,,
,What is the likely effect on the supply curve when the government reduces subsidies on a good?,The supply curve remains unchanged,The supply curve shifts to the left,The supply curve becomes vertical,The supply curve shifts to the right,,
,"How might an increase in the number of sellers in a market affect supply, assuming other factors remain constant?",Supply increases,Supply becomes more elastic,Supply decreases,Supply remains unchanged,,
,"If a producer expects their resources to become more expensive in the near future, how might they adjust current supply?",Increase current supply,Halt production,Decrease current supply,Maintain current supply,,
,What impact does a technological advancement have on the supply of goods in competitive markets?,Supply increases,Supply becomes more inelastic without shifting,No effect on supply occurs,Supply decreases,,
,How do taxes on suppliers affect the supply curve if the tax is increased?,The supply curve shifts to the left,The supply curve is unaffected,The supply curve shifts to the right,The supply curve becomes perfectly elastic,,
,Why might a decrease in resource prices lead to a shift in the supply curve?,"Because it lowers production costs, shifting supply right",Because it increases the cost of production,Because it discourages investment in other markets,Because it decreases the availability of resources,,
,What is a potential outcome if a seller anticipates a future price decrease for their product?,They increase production costs,They increase current supply,They lower product quality,They decrease current supply,,
,How would you describe the relationship between technology and supply in modern markets?,Improved technology increases supply,Technology causes supply to fluctuate randomly,Technology has no impact on supply,Improved technology decreases supply,,
,"If the price of a substitute product falls, how might this impact the demand for the current product?",Demand for the current product increases,Demand for the current product remains unchanged,The market abandons the current product,Demand for the current product decreases,,
,"Under what condition might a seller deliberately reduce supply, despite stable resource prices?",Newly imposed subsidies,Increase in the number of competitors,Technological regress,Expectations of rising future prices,,
,What is the effect on supply if a natural disaster disrupts the availability of key resources?,The supply curve shifts to the right,The supply curve remains unchanged,The effect depends solely on technology,The supply curve shifts to the left,,
,How does an increase in taxes influence producers' decisions regarding supply?,Producers are unaffected by tax changes,Producers decrease supply to reduce tax burden,Producers supply more to offset tax costs,Producers increase investment in other products,,
,"If two related goods are substitutes in production, how does an increase in the price of one affect the supply of the other?",The two markets become indistinguishable,Supply decreases for the other,Supply increases for the other,Supply remains constant for the other,,
,What might a producer do if they expect a decrease in future demand for their product?,Diversify into unrelated markets,Increase supply now,Keep supply levels unchanged,Decrease supply now,,
,Why would a firm choose to produce less of a currently profitable item?,Established market dominance,Expectations for reduced taxes,Technological enhancements,Anticipation of future better profitability,,
,How does a market typically react to the entry of numerous sellers in terms of supply?,Supply and price remain unchanged,Supply decreases and prices increase,Supply increases and prices stabilize,Supply becomes more uniform,,
,In what situation does a supply curve typically shift left?,When technology advances,When resources become cheaper,When subsidies are introduced,When taxes are increased on the product,,
,How might an increase in production technology affect a producer's operational costs?,Costs become unreliable,Costs decrease due to technology efficiency,Costs increase due to equipment upgrades,Costs remain constant as technology is a long-term factor,,
,What is a common effect of subsidies on market supply?,They increase supply by lowering production costs,They have no predictable effect,They decrease supply by complicating logistics,They cause prices to soar uncontrollably,,
,"When a firm's expectations about future prices lead them to adjust current supply, what economic principle is primarily at work?",Expectations about future prices,Law of demand,Scarcity principle,Law of supply,,
,Why might a firm reduce current supply if it expects significant future price increases?,To maintain their current market share position,To avoid overproduction costs,To maximize future profits,To stimulate immediate consumer demand,,
,How could an increase in subsidies impact the competitive landscape of a market?,By leading to the exit of smaller competitors,By decreasing supply variability,By harming technological development,By encouraging more firms to enter the market,,
,In what way might a decrease in resource prices indirectly influence consumer prices?,Consumer prices may decrease as supply increases,Consumer prices remain constant due to stable demand,Consumer prices increase due to inflationary pressures,Consumer prices may increase due to reduced supply,,
,Which scenario could lead to a simultaneous increase in demand and supply?,Introduction of new taxes on production and consumption,Technology advances and higher incomes,Anticipated scarcity of key resources,Price decline in substitute goods,,
,What might explain why a significant increase in the number of sellers does not always lower market prices?,Constant prices of related goods,Lack of technological advancements,Increase in demand parallel to the increase in supply,Inelasticity of demand for the product,,
,Why would a producer continue producing a good even if prices in related markets are rising?,To maintain existing consumer relations,To establish stronger market competition,To capitalize on a low elasticity of demand in the current market,Due to high fixed costs associated with switching products,,
,How does the concept of opportunity cost relate to a producer's decision to switch from one product to another due to price changes in related goods?,It emphasizes the sunk costs in product switching,It is irrelevant in this context,It represents the lost potential earnings from not producing the original good,It highlights the technological investment necessary for new production,,
,"In terms of market equilibrium, how would a simultaneous increase in both supply and demand affect the market?",Supply shortages would occur throughout the market,Prices would certainly rise,It would result in decreased market competition and reduced efficiency,"Quantity increases, but price effects are uncertain",,
,Why might a producer resist incorporating new technology even if it could increase supply?,High upfront costs and obsolescence risk,Fear of increasing market saturation and reduced profitability,High elasticity of demand,Reduction in variable costs,,
,What is an indirect consequence of an increase in the price of a key resource on technological development efforts?,Increases innovation incentives,Stabilizes market prices across competing industries,Reduces incentive to develop new technologies,Encourages market exit for less competitive firms,,
,How can subsidized production in one industry create positive externalities in related markets?,By creating monopolistic market conditions that reduce competition,By reducing input costs for related firms,By decreasing overall production efficiency across sectors,By increasing costs in unrelated industries,,
,Which factor might compel a firm to increase production despite lower market prices?,Expectations of future subsidies,Economies of scale achieved through higher production volumes,Reduced tax incentives,Increased cost of resources,,
,How might government-imposed taxes intended to reduce supply inadvertently affect quality control measures?,Deter quality improvements due to increased focus on cost reduction,Improve quality as firms pass on costs to consumers,Reduce market competition,Lead to higher subsidies for quality control,,
,Why would a fall in the price of complementary goods indirectly trigger investments in related industries?,To capitalize on increased demand for the complementary good,Due to decreased production costs across the board,To take advantage of anticipated future shortages,To stabilize market prices,,
,How can the anticipation of future resource scarcity alter current supply strategies?,By increasing reliance on government subsidies,By reducing demand for unrelated goods,By leading to immediate decreases in production,By encouraging hoarding and early production,,
,What is a potential unintended consequence of increased supply due to technological advancement on market wages?,Decrease in market wages due to automation,Stabilization of wages across markets,Increase in demand for unskilled labor,Increase in market wages due to higher demand,,
,Why could technological stagnation in one industry lead to shifts in others?,It creates resource surpluses,It causes price decreases in unrelated markets,It drives investments in competitive technologies,It increases cross-industry collaboration,,
,What role do seller expectations play in how new trends affect supply?,They modify supply only in technologically advanced industries,They guide long-term strategic planning affecting current supply,They allow for immediate adjustments in supply regardless of current conditions,They lead to increased demand for substitutes,,
,How does an increase in the price of a substitute good lead to strategic shifts in supply?,By increasing stakeholder engagement with regulatory bodies and government agencies,By stabilizing input costs across the industry,By decreasing the elasticity of demand,By pushing firms toward more profitable alternatives,,
,What could explain a counterintuitive decrease in supply despite technological improvements?,Supplier collusion to reduce output,Increase in taxes offsets technological gains,Excessive market competition leading to reduced margins,Anticipated regulatory changes in technology use,,
,What does the law of demand state?,"As price increases, quantity demanded increases.",Price has no effect on quantity demanded.,"As price increases, quantity demanded decreases.","As price decreases, quantity demanded decreases.",,
,What is measured by price elasticity of demand?,Changes in income levels.,Total expenditure over time.,Responsiveness of quantity demanded to price changes.,Changes in consumer satisfaction.,,
,What does a downward sloping demand curve represent?,Quantity increases regardless of price changes.,"As price increases, demand becomes infinite.",Price and quantity have no relationship.,"As price decreases, quantity demanded increases.",,
,Which of the following is a reason for the law of demand?,Gravitational forces affect market prices,Echo Effect,Thermal Effect,Substitution Effect,,
,What effect does a decrease in price have on purchasing power?,Eliminates purchasing power.,Decreases purchasing power.,Leaves purchasing power unchanged.,Increases purchasing power.,,
,What is the term for the additional satisfaction from consuming another unit of a good?,Marginal Cost,Marginal Utility,Externality,Total Profit,,
,"When a demand curve shifts right, what does this indicate?",No change in demand,Demand becomes perfectly elastic,Increase in demand,Decrease in demand,,
,Which of the following would cause a rightward shift in the demand curve for a normal good?,A decrease in the price of the good,An increase in consumer income,An increase in the price of a complement good,A decrease in the number of buyers in the market,,
,What impact does the availability of substitutes have on demand?,No impact,Eliminates demand,Decreases elasticity,Increases elasticity,,
,What does elasticity > 1 indicate?,Elastic demand,Unit elastic demand,Inelastic demand,No demand,,
,Which curve is downward sloping due to the law of demand?,Supply Curve,Total Cost Curve,Demand Curve,Income Curve,,
,What happens to total revenue if demand is elastic and price decreases?,Total revenue increases.,Total revenue stays the same.,Total revenue is unpredictable.,Total revenue decreases.,,
,What does the 'income effect' describe?,How income impacts consumer ranking systems.,How quantity demanded affects market supply.,How price changes alter buying power.,How consumer satisfaction is measured.,,
,"If demand is unit elastic, what is the elasticity value?",Zero,Equal to 1,Less than 1,Greater than 1,,
,What is a characteristic of inelastic demand?,Demand increases sharply with minor price increases.,Quantity demanded changes little with price changes.,Demand stays constant regardless of price.,Demand decreases with minor price changes.,,
,What happens when price elasticity is zero?,Quantity demanded remains constant.,All products in the market become perfect substitutes for each other.,The demand curve becomes perfectly horizontal.,Quantity demanded changes by an infinite amount.,,
,Which factor does NOT cause a shift in demand?,Consumer income,Prices of related goods,Price of the good itself,Consumer tastes,,
,Which of the following describes unit elastic demand?,Proportional change in price and quantity demanded,No change in quantity with price change,Quantity doubles with price increase,Price remains unchanged with doubling quantity,,
,Total expenditure is affected by elasticity. What happens when demand is elastic and price falls?,Total expenditure decreases.,Total expenditure increases.,Total expenditure remains constant.,Total expenditure becomes zero.,,
,Which of these causes an increase in demand?,Decrease in the price of substitute goods,Decrease in consumer income,Decrease in consumer taste,Increase in the number of consumers,,
,Which scenario is associated with the substitution effect?,Buying more complementary goods.,Price decreases and purchasing power falls.,Consuming more due to unchanged destination.,Price increases and consumers buy less of a similar cheaper product.,,
,What occurs when demand shifts left?,No change in demand,Increase in demand,Infinite demand,Decrease in demand,,
,How is price elasticity calculated?,Total quantity divided by total price.,% change in price divided by % change in quantity.,% change in quantity divided by % change in price.,% change in income divided by % change in experience.,,
,How does taste affect demand?,It makes demand inelastic.,It causes income effects to be negligible.,It causes demand to shift right if the good becomes more fashionable.,It increases substitutability.,,
,"When quantity demanded decreases solely due to an increase in price, what has happened?",Decrease in total expenditure,Increase in total demand,Movement along the demand curve,Demand curve shifted,,
,"If the price of a substitute good decreases, what effect might you expect on the demand curve of the original good?",Demand curve shifts left.,Demand curve remains unchanged.,Demand curve becomes vertical.,Demand curve shifts right.,,
,Which effect helps justify why consumers might buy more of a good when their income increases?,Demand Effect,Income Effect,Price Effect,Substitution Effect,,
,An increase in the number of consumers in a market typically leads to what change in the demand curve?,Leftward shift,Rightward shift,No shift,Demand elasticity changes,,
,"If the price elasticity of demand is greater than 1 and price decreases, what happens to total revenue?",Total revenue increases.,Total revenue remains constant.,Total revenue decreases.,The effect on total revenue cannot be determined.,,
,Which determinant of demand reflects anticipation of future changes?,Taste,Number of Consumers,Expectation,Income,,
,How does the law of diminishing marginal utility contribute to a downward sloping demand curve?,"Additional units provide progressively less satisfaction, reducing quantity demanded as price rises.",It causes the demand curve to slope upwards.,It causes consumers to desire more goods as consumption increases.,It leads to a constant consumption rate.,,
,How might an increase in consumer income affect the demand for luxury goods?,Demand decreases.,Demand remains the same.,Demand shifts left.,Demand increases.,,
,Why might demand for a good be inelastic?,There are many substitutes available.,The good is a necessity.,The price of the good is very high.,The good is a luxury item.,,
,"If two goods are complements, what is the likely effect on the demand for one good if the price of the other falls?",Demand becomes perfectly elastic.,Demand decreases.,Demand increases.,Demand remains unchanged.,,
,What role does consumer taste play in the demand curve for certain goods?,It has no impact on demand.,It only affects luxurious goods.,It can increase or decrease demand.,It can only decrease demand.,,
,"When price decreases and demand is inelastic, what is the expected effect on total revenue?",Total revenue decreases.,Total revenue remains unchanged.,Total revenue becomes very high.,Total revenue increases.,,
,What effect does an increase in income have on inferior goods?,Demand for inferior goods shifts horizontally.,Demand for inferior goods decreases.,Demand for inferior goods increases.,Demand for inferior goods remains unchanged.,,
,Why might two goods have a high cross-price elasticity?,They are substitute goods.,Both goods are necessities.,They are complementary goods.,They are unrelated goods.,,
,"If total revenue remains unchanged as price rises, what is the elasticity of demand?",Inelastic,Perfectly inelastic,Elastic,Unit elastic,,
,What can cause an entire demand curve to shift instead of just a movement along the curve?,A change in price of the good,A temporary price discount,A change in consumer preference,A change in the quantity supplied,,
,How might the availability of substitutes influence elasticity?,It makes demand more elastic.,It makes demand less elastic.,It makes demand perfectly inelastic.,It has no influence.,,
,How do you expect elasticity to vary along a linear demand curve?,Elasticity varies and is not the same as the slope.,Elasticity increases at both ends.,Elasticity is constant.,Elasticity is inversely proportional to slope.,,
,"When the demand curve is perfectly inelastic, what happens to quantity demanded as the price changes?",Quantity demanded increases.,Quantity demanded remains unchanged.,Quantity demanded decreases.,Quantity demanded becomes negative.,,
,"If consumers expect prices to rise in the future, how might this influence current demand?",Current demand increases.,Current demand decreases.,Current demand becomes non-existent.,Current demand remains constant.,,
,Which aspect of demand does not involve elasticity?,Responsiveness to price changes,Changes in consumer preferences,Precise measurement of satisfaction,Degree of necessity,,
,Why does the demand curve typically slope downward from left to right?,Due to constant changes in market supply.,"Because as price decreases, purchasing power increases, encouraging higher quantity demanded.",Because demand and supply are unrelated concepts.,Due to government regulations affecting market prices.,,
,How does the substitution effect explain changes in consumer behavior with price fluctuations?,It dismisses price changes as irrelevant to consumer demand patterns.,It predicts sharp demand declines even when prices decrease significantly.,It shows consumers switch to alternative goods when prices rise.,It assumes consumers maintain the same purchasing quantities regardless of any price changes.,,
,What mechanism explains the relationship between diminishing marginal utility and the shape of the demand curve?,It requires static consumer preferences over time.,It ensures quantity demanded increases unconditionally.,Diminishing satisfaction from additional consumption results in less willingness to pay as quantity increases.,It affirms the inverse relationship between demand and supply.,,
,How do changes in consumer income act as a determinant for shifting the demand curve?,"Income solely affects the supply side, not demand.",Higher income often leads to increased demand for some goods while reducing demand for inferior goods.,Income changes affect only luxury goods and not necessities.,Increased income increases demand for all types of goods regardless of price.,,
,Why might the price elasticity of demand fluctuate along different points of a linear demand curve?,It implies price changes should remain consistent throughout the curve.,Elasticity is unrelated to the slope or positioning of the curve.,Elasticity changes as different sections of the curve reflect varying levels of responsiveness.,Because elasticity is constant and independent of price value.,,
,In what way can consumer expectations about future prices shift the current demand curve?,Expectations create market instability and cause unpredictable supply curve shifts.,Expected price increases boost current demand through earlier purchasing.,Future price expectations consistently increase market supply levels.,Expectations have no measurable impact on demand.,,
,What illustrates the distinction between a change in quantity demanded and a change in demand?,Price changes affect quantity demanded; non-price factors shift demand.,Both concepts are graphically identical and cannot be distinguished on a demand curve.,A change in price simultaneously shifts the entire demand curve and alters quantity.,The terms are synonymous in economic analysis.,,
,What role do complementary goods play in influencing the demand of a related good?,Related goods' demand increases as complementary goods become more necessary.,Complementary goods have no impact on related goods' demand.,Demand correlation is negligible between complementary and related goods.,Increase in demand for complementary goods usually reduces demand for related goods.,,
,How can one utilize the concept of price elasticity to determine business pricing strategies?,Elasticity should only factor into long-term projections.,Pricing can be adjusted knowing how responsive quantity demanded is to price changes.,Pricing is solely reliant upon consumer income changes.,Price elasticity is irrelevant to setting business prices.,,
,Why might an economist analyze the demand curve using historical data when predicting future market behavior?,Demand curve predictions rely solely upon upcoming technological advances.,Historical data only provides irrelevant variables.,It helps validate current consumer behavior and its potential evolution.,Historical data can be misguiding in all contexts.,,
,What is inferred by a leftward shift in the demand curve?,Quantity demanded rises irrespective of initial price changes.,Substitutes become more in-demand compared to the original product.,An increase in income leads to less quantity demanded.,There is a decrease in quantity demanded at every price level.,,
,How does diminishing marginal utility illustrate more profound economic behaviors influencing consumer choices?,"Satisfaction decreases with each additional unit, reducing willingness to pay.",Consumers maintain steady spending patterns because they assume utility remains constant across all purchases.,"This principle applies only to luxury items, not to essential goods and services.",Satisfaction actually increases with each additional unit consumed.,,
,What can a perfectly inelastic demand curve suggest about consumer necessity?,Necessity is strong; quantity demanded stays constant regardless of price.,Quantity demanded fluctuates significantly as prices change throughout the market.,Discretionary spending patterns become more prevalent among consumers.,Elasticity cannot be determined for essential goods in this scenario.,,
,"When introducing substitutes, how might market equilibrium be affected in terms of demand behavior?",Equilibrium shifts due to enhanced competition from alternatives.,Demand equilibrium relies solely upon consumer budgets.,Market equilibrium stabilizes as substitutes become abundantly integrated.,Substitute introduction leads to isolated market effects.,,
,How might the interplay between income and substitution effects manifest when a consumer encounters a price increase?,Income ceases to interact with substitute goods in any meaningful way.,Only the substitution effect influences consumer reactions to price changes.,Both effects shift demand through purchasing power and preference changes.,"Income remains static, while substitution dictates inconsistent consumer choices.",,
,Why do historical roots place quantity on the x-axis when graphing demand despite it determined by price?,Customary graphing puts dependent variables on the x-axis.,It aligns traditional data presentation with current economic standards.,It maintains conventional graphing practices devised by early economists.,Historical graphs prioritized quantity over price.,,
,What insight can be gathered by analyzing how consumer tastes shift the demand curve?,Trends in taste signal minor relevance to demand.,Consumer preferences shift demand away from equilibrium.,Understanding tastes offers insights into elasticity fluctuations over time.,Taste changes only affect short-term demand.,,
,How might understanding demand elasticity facilitate better resource allocation?,Elasticity information only reflects disposable resource utilization patterns.,Resources become unaffected by demand elasticity and remain illogically distributed throughout markets.,Elasticity insights enable strategic resource deployment.,Resource allocation operates independently of consumer demand knowledge.,,
,Why is quantity demanded considered a point on the demand curve rather than the curve itself?,It's impossible to graph quantity alongside demand curves in economic models.,Quantity always mirrors the demand curve's overall shape and direction.,Quantity demanded affects entire market shapes but not isolated coordinate points.,Quantity demanded represents consumer behavior at one specific price.,,
,In what ways do consumers navigate changes in complementary goods when estimating their own purchasing decisions?,Complementary goods maintain fixed pricing structures that eliminate the need for additional consumer considerations during purchase decisions.,Complementary goods remain independent of individual purchases.,It's irrelevant as only substitutions influence consumer purchases.,Consumers evaluate bundled pricing when calculating total costs.,,
,What is supply in economics?,The demand from consumers,The price at which goods are sold,The equilibrium point in a market,The quantity a producer is willing to sell,,
,"According to the Law of Supply, as the price of a good increases, what happens to the quantity supplied?",It increases,It becomes zero,It decreases,It remains the same,,
,"In a supply curve, what is plotted on the x-axis?",Quantity supplied,Time,Consumer income,Price,,
,What does an upward-sloping supply curve represent?,Inelastic supply,Constant supply,Increasing supply,Decreasing supply,,
,Which of the following is a determinant of supply?,Resource costs,Substitute goods,Complementary goods,Consumer preferences,,
,What happens to supply if resource costs increase?,Supply decreases,Supply remains constant,Supply increases,Supply becomes elastic,,
,How do taxes typically affect the supply of a good?,They stabilize supply,They increase supply,They have no effect,They decrease supply,,
,What effect can technological advancements have on supply?,No effect on supply,Make supply unstable,Decrease supply,Increase supply,,
,"If producers expect a future recession, what might happen to supply?",It will increase,It will fluctuate randomly,It will remain the same,It will decrease,,
,What effect does an increase in the number of sellers have on supply?,Supply decreases,Supply is unchanged,Supply increases,Supply becomes inelastic,,
,What does price elasticity of supply measure?,The change in supply costs,The equilibrium market price,The responsiveness of quantity supplied to price changes,Consumer demand fluctuations,,
,What is considered an elastic supply range?,Equal to 1,Greater than 1,Less than 1,Negative,,
,What is the relationship between price change and total revenue known as?,Cost analysis,Market clearing,Demand equilibrium,Elasticity,,
,"If the price elasticity of supply is 1, how is the supply described?",Perfectly elastic,Elastic,Inelastic,Unit elastic,,
,What factor can increase price elasticity of supply?,High production costs,Abundant alternative inputs,Government restrictions,Limited technology,,
,"If the price elasticity of supply is less than 1, what does this indicate?",Inelastic supply,Elastic supply,Unit elastic supply,Supply is constant,,
,"If price changes cause proportional changes in quantity supplied, the supply is...",Unit elastic,Elastic,Inelastic,Perfectly inelastic,,
,Which term describes the effect where the quantity supplied is not responsive to a price change?,Inelastic,Perfectly elastic,Elastic,Unit elastic,,
,How can a subsidy affect the supply of a good?,Decrease supply,Make supply volatile,Have no effect,Increase supply,,
,Which graph axis usually shows the price in a supply curve?,Both,x-axis,y-axis,Neither,,
,What typically happens to supply when production technology improves?,It remains constant,It becomes fixed,It increases,It decreases,,
,"If a government imposes a tax on a product, the supply will likely...",Decrease,Increase,Remain the same,Be unaffected,,
,"When a supply curve shifts to the right, what does this indicate?",A decrease in supply,Supply is inelastic,A decrease in demand,An increase in supply,,
,When does supply generally decrease?,When taxes are removed,When resource costs fall,When production costs rise,When technology improves,,
,What happens to supply when there are fewer producers in the market?,Supply decreases,Supply becomes volatile,Supply increases,Supply remains the same,,
,Which factor is likely to shift the supply curve to the left?,A new tax on production,A decrease in resource costs,An increase in subsidies,Improved production technology,,
,What is the primary reason for the upward slope of the supply curve?,Decreasing production costs,Decreasing demand,Increasing consumer income,Increasing marginal cost,,
,"If the price of inputs doubles, what is the most likely initial response from suppliers?",Increase prices,Decrease the production of goods,Increase the production of goods,Remove supply from the market,,
,How would an expectation of future higher prices affect current supply?,Current supply increases,Future supply decreases,Current supply decreases,Current supply remains the same,,
,How does the introduction of more efficient production technology initially affect supply?,Supply becomes unpredictable,Supply increases due to reduced costs,Supply decreases due to higher costs,Supply remains unchanged,,
,What is the most likely effect on supply if multiple producers exit the market?,Supply becomes elastic,Supply decreases due to fewer producers,Supply increases due to reduced competition,Supply remains stable,,
,In what situation would a supply curve become almost vertical?,High supply elasticity,Perfectly inelastic supply,High demand elasticity,Perfectly elastic supply,,
,What happens to supply when government subsidies are removed?,Supply decreases,Supply increases,Supply becomes inelastic,Supply remains the same,,
,Which statement explains why supply might decrease despite stable production costs?,Expectations of future price drops,Increased taxes on goods,Technological advancements,Rising demand from consumers,,
,How does the marginal cost of production relate to the supply curve's shape?,It flattens the slope,It causes a downward slope,It causes an upward slope,It does not affect the slope,,
,Why might a producer lower supply even when market prices rise?,Rising marginal production costs,Anticipation of new competitors,Higher expectations of price stability,Lower taxes,,
,Which scenario could make the supply curve steeper?,Increased supply elasticity,Decreased production flexibility,Increased technological advances,Decreased resource costs,,
,"If supply is described as inelastic, which of the following is likely true?",Quantity supplied has no limits,Production costs are decreasing,A large price change results in a small change in quantity supplied,Supply quickly adjusts to price changes,,
,What could cause a temporary reduction in supply despite full production capacity?,Increased consumer income,New competitor entry,Supply chain disruptions,Decreased taxes,,
,"If the quantity supplied responds minimally to price increases, the supply is known as:",Perfectly elastic,Unit elastic,Elastic,Inelastic,,
,What could be a result of a subsidy removal on a previously subsidized product?,Stable supply with improved efficiency,Supply reduction due to decreased production costs,Increased supply due to higher prices,Decreased supply due to higher production costs,,
,Which impact does an anticipated drop in consumer demand have on supply?,Supply decreases,Supply remains unchanged,Supply increases,Supply becomes elastic,,
,What condition might lead to supply becoming more elastic?,Fixed resource costs,High government regulation,High availability of alternative inputs,Limited production capabilities,,
,Under what circumstance can supply decrease even if the number of producers remains constant?,Lower production costs,Decreased consumer demand,Advances in technology,Increased resource costs,,
,"When a supply curve is less responsive to price changes, it is considered:",Unit elastic,Elastic,Perfectly elastic,Inelastic,,
,Why is the marginal cost of production crucial in understanding the upward slope of the supply curve?,It stabilizes market demand,It defines consumer preferences,It affects the willingness of producers to supply more at higher prices,It directly correlates with production profits,,
,How can producer expectations of future economic downturns immediately affect current market supply?,Decrease supply as a precaution,Increase costs to discourage competitors,Keep supply constant as prices will stabilize,Increase supply to saturate the market,,
,Why might a subsidy not always lead to a proportionate increase in supply?,Supply chains are at capacity,Market saturation occurs before supply can fully respond,Consumer demand decreases,Subsidies have minimal impact on production decisions,,
,In what way does an unexpected increase in resource costs shift the supply curve?,No shift occurs because market prices remain constant,Rightward shift due to improved production efficiency,Flattening occurs due to decreased consumer demand,Leftward shift from higher costs,,
,How does technology's role as a determinant of supply suggest the potential volatility of the supply curve over time?,Technology remains constant over time,Quick technological changes can cause frequent supply shifts,It makes the supply curve completely inelastic,Technology only affects demand,,
,Why does the law of supply not create multiple effects like the law of demand?,Supply has fewer variables than demand,Demand is the only influential market force,Supply reactions are pre-determined and uniform,It's based solely on cost structures,,
,"In markets where supply is almost perfectly inelastic, which determinant becomes most critical?",Price of substitutes,Change in demand,Production timeline,Availability of resources,,
,Why might an increase in the number of producers not always lead to a straightforward increase in market supply?,Fixed costs are high,The market may already be saturated,Producers might produce different goods,Consumer preferences change rapidly,,
,What makes the supply curve steeper in an industry with high capital requirements?,Total dependence on consumer demand,Difficulty in adjusting to price changes,Easier entry and exit,Flexibility in output levels,,
,How do taxes influence supply differently compared to other determinants?,They impact long-term decisions more significantly,They stabilize the supply curve,They act more slowly,They provide direct financial pressure,,
,"If a single factor were to cause an immediate shift to the right on the supply curve, which would it most likely be?",Fluctuating consumer demands,Immediate productivity boost,Geographical relocation,Sudden increase in costs,,
,Why is it inappropriate to assume that a decrease in supply will always result in higher prices?,The law of demand may counteract price increases,Other market entrants might substitute the supply,Resource costs might decrease simultaneously,Producers can increase output with technological gains,,
,How might future expectations of a dramatic shift in consumer preferences affect current supply levels?,Change production methods immediately,Stabilize supply to maintain current status,Decrease supply to prepare for different future products,Increase current supply to buffer potential future drops,,
,How does elasticity of supply illustrate potential challenges faced by producers when adjusting to market disruptions?,It provides data on competitor actions,It remains constant regardless of market conditions,It indicates complete market independence,It shows how inflexible production is to change,,
,Why might advancements in technology not uniformly lead to increased supply in all sectors?,Innovation might increase competitor numbers,Labor constraints remain unchanged,Some sectors rely less on technology,Excessive focus on technology alters demand,,
,What role does government intervention play in potentially distorting the natural supply equilibrium?,It reduces market competition and eliminates price flexibility,It corrects imbalances exclusively through targeted policies,It disrupts supply-demand balance,It maintains strict adherence to market principles,,
,In what scenario might an increase in productivity not increase supply?,During an economic boom,When taxes are reduced,When resource costs decrease,When demand is low,,
,Why is the supply curve critical for predicting future market behaviors involving new competitors?,It defines the fundamental limits of consumer buying behavior and purchasing patterns,It outlines exact profit margins,It provides a comprehensive demand roadmap,It analyzes production capabilities,,
,How do high barriers to entry in a market indirectly influence the elasticity of supply?,They make supply more elastic by encouraging competition,They limit supply responsiveness,They cause rapid shifts in supply,They increase consumer flexibility,,
,What critical role does the law of supply play in understanding producer behavior in price-variable markets?,It underlies the trade-offs made when optimizing production quantities,It establishes consumer expectations,It minimizes production risk,It standardizes pricing processes,,
,What does Price Elasticity of Demand (PED) measure?,Consumer sensitivity to price changes,Supplier sensitivity to demand changes,Total market revenue,Quantity of goods supplied,,
,"When the price of a good increases, what generally happens to the quantity demanded?",It increases,It stays the same,It doubles,It decreases,,
,What is the formula for calculating Price Elasticity of Demand?,P / Qd,%ΔP / %ΔQd,Qd * P,%ΔQd / %ΔP,,
,"In the context of elasticity, what does a negative elasticity coefficient indicate?",Increase in demand,Constant revenue,Decrease in quantity demanded,Increase in supply,,
,What type of demand has a price elasticity coefficient of exactly 1?,Perfectly elastic,Unit elastic,Perfectly inelastic,Relatively inelastic,,
,Which type of elasticity suggests that quantity demanded does not change with price?,Unit elastic,Perfectly inelastic,Perfectly elastic,Relatively elastic,,
,Which type of demand is highly responsive to price changes?,Relatively elastic,Perfectly inelastic,Relatively inelastic,Unit elastic,,
,What do we call a demand curve where price and quantity demanded change proportionally?,Perfectly inelastic demand,Perfectly elastic demand,Relatively inelastic demand,Unit elasticity,,
,Which example is used to illustrate perfectly inelastic demand?,Movie tickets,Insulin,Designer clothing,Generic food brands,,
,"If the price elasticity of demand is above 1, how is demand described?",Perfectly inelastic,Relatively inelastic,Relatively elastic,Unit elastic,,
,What is meant by 'total revenue'?,Total goods demanded,Total supply,None of the above,Total income earned by producers,,
,"Under elastic demand, a price increase leads to what change in total revenue?",Double,Increase,No change,Decrease,,
,What does a price elasticity of demand coefficient equal to zero imply?,Unit elastic,Perfectly inelastic,Perfectly elastic,Relatively elastic,,
,What does the absolute value of the price elasticity coefficient indicate?,Demand elasticity ignoring sign,Supply elasticity,Revenue generation,Production cost,,
,When is demand categorized as perfectly elastic?,When Ed is zero,When Ed is between 0 and 1,When Ed is infinite,When Ed is exactly 1,,
,What type of goods might have relatively inelastic demand?,Gasoline,Movie tickets,Luxury cars,Infinitely substitutable goods,,
,What concept involves how total revenue changes with price changes?,Price elasticity test,Supply elasticity test,Total revenue test,Quantity demanded formula,,
,Which type of demand is unaffected in quantity by a price change?,Relatively inelastic,Perfectly inelastic,Relatively elastic,Perfectly elastic,,
,"In a perfectly elastic demand scenario, what happens as price approaches zero?",Price remains constant,Quantity approaches zero,Demand becomes equal to supply,Quantity becomes infinite,,
,What does the 'Law of Demand' suggest about price and quantity?,They are independent,They stay proportional,They move in the same direction,They move in opposite directions,,
,"When demand curve elasticity differs even with a constant slope, what varies?",Supplier cost,Revenue margins,Absolute demand,Percentage change,,
,What happens to total revenue under unit elastic demand when price changes?,Decreases,No change,Increases,Doubles,,
,What type of product demand is exemplified by leisure activities such as movies?,Unit elastic,Relatively elastic,Perfectly inelastic,Relatively inelastic,,
,"When analyzing demand, what signifies consumers' proportional responsiveness to price change?",Relatively elastic demand,Perfectly inelastic demand,Perfectly elastic demand,Unit elastic demand,,
,"If a 10% increase in price results in an 8% drop in quantity demanded, what type of elasticity is this?",Perfectly elastic,Relatively elastic,Relatively inelastic,Perfectly inelastic,,
,"If the price of a good increases and total revenue decreases, what type of elasticity does the demand have?",Relatively elastic,Relatively inelastic,Perfectly inelastic,Unit elastic,,
,Which scenario best illustrates a relatively elastic demand for a product?,Proportional change in quantity to price,No change in quantity demanded with any price change,Huge changes in quantity with a small price adjustment,The quantity demanded changes slightly with a big price change,,
,What is likely to happen to the quantity demanded if a product with relatively inelastic demand sees a price increase?,Decrease slightly,Increase significantly,Stay the same,Decrease significantly,,
,"When comparing gasoline and luxury cars, which one likely has a higher price elasticity of demand?",Both have the same elasticity,Neither has elasticity,Gasoline,Luxury cars,,
,"If Sally's price elasticity of demand for sandwiches is less than Harry's, what does this imply about her price sensitivity?",Same price sensitivity,Less price sensitive,Not affected by price,More price sensitive,,
,"What happens to a demand curve's elasticity as you move down along it, even if the slope remains constant?",Becomes infinite,Increases,Stays constant,Decreases,,
,"In the case of insulin, why is its demand considered perfectly inelastic?",It is a luxury good with high income elasticity,It has many close substitutes available,Its price is regulated and remains constant,It's a necessity regardless of price,,
,"If a 20% rise in price results in a 20% drop in quantity demanded, what type of elasticity does this indicate?",Relatively inelastic,Perfectly inelastic,Perfectly elastic,Unit elastic,,
,How does the total revenue test help in understanding demand elasticity?,It identifies market supply,It sets new price points,It measures demand quantity,It connects price changes to revenue changes,,
,Which product is more likely to have a perfectly elastic demand curve?,Unique branded products,Essential medicines,Generically branded food items,Custom luxury cars,,
,Which factor most directly influences whether demand is elastic or inelastic?,The visual design and branding elements of the product,Color of the product,Substitute availability,Seasonal market fluctuations,,
,"When the percentage change in quantity demanded exceeds the percentage change in price, what is the elasticity of demand?",Relatively elastic,Unit elastic,Relatively inelastic,Perfectly inelastic,,
,Why might the demand for concert tickets be relatively elastic?,Availability of leisure activity alternatives,High cost leads to unit elasticity,Lack of substitutes,Necessity of the product,,
,How does a product with many substitutes affect the elasticity of demand?,Makes demand unit elastic,Makes demand unpredictable,Makes demand perfectly inelastic,Makes demand relatively elastic,,
,In which scenario would a producer be indifferent to a price increase in terms of total revenue?,Relatively inelastic demand,Perfectly inelastic demand,Unit elastic demand,Relatively elastic demand,,
,"When describing elasticity, why is the absolute value of the coefficient often used?",To avoid negative numbers,To simplify the elasticity coefficient,To always equal constant revenue,To prevent zero elasticity,,
,Why is demand for gasoline considered relatively inelastic?,Lack of viable alternatives for motor fuel,Automotive luxury status,Seasonal consumption patterns,Frequent price declines,,
,"If price elasticity of demand for a good is less than 1, inelastic demand implies that...",Total revenue will rise if price rises,Price changes have no effect,Total revenue will fall if price rises,Quantity demanded is highly sensitive,,
,What does perfect inelasticity imply about a consumer's behavior?,Quantity demanded is constant regardless of price changes,They avoid purchasing unless prices drop,They buy only at high prices,Demand increases as price increases,,
,"Under unit elasticity, how does a price change affect total revenue?",Total revenue decreases with price,Total revenue increases with price,Total revenue stays constant,Total revenue fluctuates randomly,,
,Why might perfect elasticity and inelasticity not be observed practically in real markets?,They result in infinite revenue,They are purely theoretical constructs,They require exact substitute availability,Markets are always unit elastic,,
,How does the concept of elasticity differ from the slope in economic terms?,Slope is dependent on price only,Slope uses absolute changes,Elasticity is a curved line,Elasticity considers percentage changes,,
,Why does a constant slope on a demand curve still lead to varying elasticity along the curve?,Price remains stable throughout the curve,Slope fluctuates constantly,Elasticity measures exchange rates,Percentage changes vary by position,,
,How could the presence of close substitutes affect the elasticity of a product?,Make elasticity undefined,Result in perfect inelasticity,Increase elasticity,Increase inelasticity,,
,Why is understanding elasticity critical for businesses when setting prices?,To maintain constant supply levels across all markets,To predict revenue and pricing impact,To stabilize global economic conditions,To minimize advertising costs,,
,How can the total revenue test simplify the understanding of demand elasticity without calculating exact coefficients?,Converts elasticity measurements into inelasticity assessments for comparative analysis,Identifies fixed costs directly,Calculates supply demand based on consumer need,Shows elasticity through revenue changes,,
,Why does perfectly inelastic demand often apply to necessities rather than luxury items?,Luxuries have a higher market share,Necessities have no alternative,Luxury goods are cheaper,Necessities are simple to manufacture,,
,How does the elasticity of a demand curve inform strategic consumer pricing for a retailer?,Indicates market monopoly status,Assesses how price changes affect revenue,Guarantees consumer loyalty,Predicts direct production costs,,
,What does it mean if a product experiences unit elasticity across various price points?,Revenue stays unchanged with price shifts,Inelasticity constantly fluctuates,Demand reduces to zero with price change,The demand remains infinitely strong,,
,How might price elasticity of demand inform sustainable economic policy design?,Through determining tax impacts on consumption,Through reducing product variety,By stabilizing all market trends,By assuming constant inflation,,
,Under which elasticity type might consumers be entirely indifferent to significant price increases?,Perfectly inelastic,Perfectly elastic,Unit elastic,Relatively elastic,,
,Why does a high elasticity require businesses to be more cautious with pricing decisions?,Regulatory bodies enforce stricter controls,It secures market monopoly,Consumer response magnifies revenue risk,It guarantees increased competition,,
,How do external factors and market conditions influence the demand curve's elasticity?,They predict total revenue outcomes across different market scenarios,They ensure constant elasticity along the curve,They alter price sensitivity,They stabilize price changes,,
,Why might it be necessary to consider the absolute value of price elasticity coefficient when interpreting elasticity?,To avoid creating negative perceptions in economic analyses,For simplifying the visual interpretation on graphs and charts,To measure absolute consumer surplus changes,To focus on sensitivity magnitude,,
,What insight can price elasticity provide about market competitiveness and consumer choice freedom?,It shows available substitutes and competition levels,It demonstrates how government regulation controls market pricing,It indicates product dependency on government subsidies,It suggests fixed supply limitations,,
,How does elasticity affect governmental policy on essential goods during times of scarcity?,Government policy maintains full elasticity across all market sectors,Reduces demand through taxation,Price controls due to inelasticity,Focuses on perfectly elastic goods,,
,Why might firms selling relatively elastic products need to be more innovative and adaptable?,To predict seasonal demand fluctuations accurately,To stabilize product pricing,To avoid inelasticity consequences,To address consumer price sensitivity,,
,"Considering a product whose demand is based largely on teaching rigor (like textbooks), under what conditions might its elasticity change over time?",Consistent curriculum standards across institutions,Perfect monopolies in educational material,Uniformity in educational protocols,New educational alternatives emerge,,
,What does the presence of relative elasticity suggest about a product's profitability potential during market expansion?,It's sensitive to price adjustments and consumer trends,It remains fixed despite consumer base expansion,It strongly increases with higher taxes,It solely depends on product production costs,,
,How can understanding elasticity aid businesses in competitive markets to differentiate their product offerings?,By analyzing consumer responsiveness to guide differentiation,By disregarding consumer preferences and market feedback entirely,By eliminating price sensitivity considerations,By standardizing all product features,,
,What does price elasticity of supply measure?,Consumer's sensitivity to price changes,Producer's sensitivity to price changes,Government intervention in markets,Total market demand,,
,How is price elasticity of supply calculated?,Q1 - Q2,%ΔQd / %ΔP,P2 - P1,%ΔQs / %ΔP,,
,What is the price elasticity of supply if a 50% price increase leads to a 100% increase in quantity supplied?,1.5,0.5,1,2,,
,Which type of supply is not responsive to price changes?,Perfectly inelastic supply,Unit elastic supply,Relatively elastic supply,Perfectly elastic supply,,
,What is the price elasticity of supply if the quantity supplied does not change regardless of price changes?,Infinite,Zero,Greater than one,One,,
,What does it mean if supply is unit elastic?,Supply becomes infinite,Quantity supplied is highly responsive,Quantity supplied does not change,% change in quantity supplied equals % change in price,,
,Which type of supply has an elasticity coefficient greater than one?,Unit elastic supply,Perfectly inelastic supply,Relatively inelastic supply,Relatively elastic supply,,
,What is the elasticity of supply for commodities with unlimited suppliers?,Infinite,Zero,One,Greater than one,,
,Which of the following is an example of a perfectly elastic supply?,Wheat as a commodity,Unique handmade product,High fixed cost good,Monopoly product,,
,What is the primary focus of price elasticity of supply?,Changes in consumer income,Consumer trends,Producer's reaction to price changes,Government regulations,,
,"Who is more sensitive to price changes, Firm A with a small increase in supply or Firm B with a large increase?",Both equally,Neither firm,Firm A,Firm B,,
,What does a price elasticity of supply of 2 imply about responsiveness?,Not responsive,Highly responsive,Proportional response,Slightly responsive,,
,Which type of supply is associated with a large fixed cost?,Perfectly elastic supply,Unit elastic supply,Relatively inelastic supply,Perfectly inelastic supply,,
,What happens to the quantity supplied in perfectly inelastic supply as price changes?,It becomes infinite,It decreases,It remains constant,It increases,,
,What is an example of a perfectly inelastic supply scenario?,Flexible production firm,Monopoly control,Commodity market,Seasonal product,,
,What does a supply elasticity of zero signify?,No responsiveness,Partial responsiveness,Equal responsiveness,Infinite responsiveness,,
,"If supply is perfectly elastic, what happens when prices rise?",Supply decreases slightly,Supply remains the same,Supply increases infinitely,Supply decreases,,
,Which supply elasticity type results in a significant supply increase with price rise?,Perfectly inelastic,Relatively inelastic,Unit elastic,Perfectly elastic,,
,What characterizes a unit elastic supply?,Equal percentage change,Infinite response,Zero response,Greater than one response,,
,"In a unit elastic supply scenario, if price increases by 10%, how does supply change?",Increases by 5%,Increases by 10%,Increases by 20%,Increases by 0%,,
,Which condition describes when no additional suppliers enter the market as price rises?,Unit elastic supply,Perfectly inelastic supply,Perfectly elastic supply,Relatively elastic supply,,
,What is the reaction of relatively elastic supply to price increases?,No change in supply,Infinite increase in supply,Slight increase in supply,Significant increase in supply,,
,"When supply is unit elastic, what is the elasticity coefficient?",Zero,Infinite,One,Greater than one,,
,"In a scenario where supply is perfectly elastic, what is the elasticity coefficient?",Zero,Infinite,One,Greater than one,,
,What indicates a supply elasticity where price and quantity supplied are proportionally related?,Perfectly elastic,Perfectly inelastic,Relatively elastic,Unit elastic,,
,"If a firm experiences a large increase in supply in response to a small price increase, what type of elasticity does this demonstrate?",Relatively inelastic,Perfectly inelastic,Unit elastic,Relatively elastic,,
,Which of the following best explains the supply behavior in a commodity market with many suppliers?,Perfectly inelastic supply,Perfectly elastic supply,Unit elastic supply,Relatively inelastic supply,,
,How would a monopolistic firm most likely respond to an increase in price?,Gradual increase in quantity supplied,No change in quantity supplied,Sudden stop in production,Dramatic increase in quantity supplied,,
,Which scenario would result in a unit elastic supply response?,Price decrease with no supply change,Price increase with infinite supply response,Equivalent percent change in price and quantity supplied,Small price increase with large supply increase,,
,Why might a company with high fixed costs have a relatively inelastic supply?,They have flexible production costs,Their production is less sensitive to price changes,They can sell unlimited quantities,They can easily increase production,,
,In what situation would a perfectly elastic supply be most likely encountered?,An agricultural product with many producers,A service with limited providers,A critical technology under patent,A unique product with no substitutes,,
,How can the price elasticity of supply be used to infer a firm’s ability to adjust production?,It shows production flexibility,It highlights marketing strategies,It indicates cost structures,It helps in understanding consumer preferences,,
,When would a supply curve be considered perfectly inelastic?,When supply decreases significantly as price rises,When supply does not change with any price change,When supply increases are proportional to price increases,When small price changes cause large shifts in supply,,
,What role does the price elasticity of supply play in a competitive market setting?,It determines government policy decisions,It influences supply chain logistics and distribution networks,It determines consumer purchasing values,It predicts supply quantity changes,,
,What is one key characteristic of a market in which supply is unit elastic?,Supply changes less than price changes,Supply changes more than price changes,Supply and price changes are equal in percentage,Supply remains constant despite price changes,,
,What impact does a perfectly elastic supply have on consumer choices?,Limits consumer options because suppliers cannot adjust production levels,Forces unpredictable price fluctuations in the marketplace,Unlimited quantity at set price,Creates artificial scarcity,,
,"If a firm's price elasticity of supply is 0.5, what can be inferred about its supply response to price changes?",No response,Slightly responsive,Completely inelastic,Highly responsive,,
,What does a price elasticity of supply greater than one indicate about the supply?,Perfectly inelastic supply,Fixed supply regardless of price,High responsiveness to price changes,Constant supply with price volatility,,
,In what way does a firm's production ability relate to its price elasticity of supply?,Fixed production costs lead to perfectly elastic supply,Less flexible production results in unlimited supply,High production costs lead to perfectly inelastic supply,More flexible production allows for higher elasticity,,
,How does an infinite elasticity of supply affect market dynamics?,Government fiscal policies determine and fix supply quantities,Supply remains completely unchanged despite market conditions,Supply becomes infinite above current price,Demand shifts have no impact on supply levels,,
,What significance does the elasticity of supply have in resource allocation decisions?,It determines the level of consumer subsidies provided by government,It establishes appropriate tax rates,It helps producers decide output levels,It maintains stable currency exchange rates,,
,How can high price elasticity of supply be advantageous for firms during peak demand periods?,It maintains fixed supply levels regardless of market conditions,It keeps production costs at their lowest possible point,It enables quick production increases,It reduces dependency on raw materials,,
,When would a price increase have no impact on the quantity supplied by a firm?,When supply is unit elastic,When supply is perfectly inelastic,When supply is perfectly elastic,When supply is relatively elastic,,
,Which factor most directly influences whether a supply is considered elastic or inelastic?,Government regulations,Time needed to adjust production,Consumer trends,Availability of substitutes,,
,Why is price elasticity of supply important for understanding market efficiency?,It influences employment rates in the labor market,It helps predict tax revenue,It causes decrease in production costs,It affects price adjustment speed,,
,Why might a company with high demand and low production costs have a relatively elastic supply?,High barriers to entry prevent competitors from responding to market signals,Their production capacity is constrained by limited resource availability,They can quickly scale up production,They face significant delays due to lengthy production cycles,,
,How does the presence of a large fixed cost influence a firm’s price elasticity of supply?,It results in relatively inelastic supply,It results in infinite elasticity,It increases the ability to adjust production rapidly,It makes supply perfectly elastic,,
,What leads to zero change in quantity supplied in a perfectly inelastic supply scenario?,No substitutes for the product,High flexibility in production methods,Easy entry for new suppliers,Rapid adaptation to price changes,,
,How would a perfectly competitive market impact the price elasticity of supply for firms within it?,It would lead to inelastic supply due to fixed costs,It would create a monopoly-like environment,It would cause a unit elastic supply,It would foster a perfectly elastic supply,,
,"If firm A’s price elasticity of supply is 0.5 and firm B’s is 2, how do their supply responses compare?",Both firms are equally responsive,Firm B is more responsive than firm A,Firm A is more responsive than firm B,Neither firm responds to price changes,,
,Why might two companies producing the same product have different price elasticities of supply?,They face the same demand curves in their markets,Different production flexibility or costs,They have the same supply constraints,They both have identical production processes and equipment,,
,How does an infinite price elasticity of supply influence market entry for new firms?,It encourages new suppliers as price increases,It prevents market saturation,It reduces incentives for new firms,It limits new entries due to high costs,,
,"When analyzing supply elasticity, why is it important to consider the degree of monopolistic control a firm has?",Monopoly restricts supply elasticity,Monopoly increases competitive pressures,Monopoly allows for greater supply flexibility,Monopoly creates a more elastic supply,,
,How might an increase in production costs affect a firm's supply elasticity?,It has no effect on the firm's supply elasticity,It makes the supply perfectly elastic,It leads to infinite supply response to price changes,It makes supply more inelastic,,
,Why might a supply with a coefficient of elasticity greater than one be favored during rapid price increases?,It restricts supply chain flexibility and limits market responsiveness,It enables higher production when prices rise,It limits production capacity in response to market changes,It prevents new competitor entry into the market,,
,What effect does elasticity coefficient have on market stability in perfect competition?,Perfect elasticity maintains supply stability,High elasticity creates significant market instability and unpredictable price swings,Zero elasticity leads to shortages,Low elasticity increases volatility,,
,What would a rapidly scaling startup be concerned about regarding its supply elasticity?,Reducing production time to maintain relative elasticity,Maximizing supply inelasticity during early growth,Increasing their fixed costs to improve supply,Stabilizing supply by decreasing responsiveness,,
,In what scenario might a monopoly maintain a constant quantity supplied despite price changes?,When supply is perfectly inelastic,When supply is perfectly elastic,When there are many product substitutes,When the demand is perfectly elastic,,
,Why do companies with more flexible production processes typically have higher elasticity of supply?,They have access to abundant and readily available raw materials,They can quickly adjust output to price changes,They face greater government regulation and oversight,Their production costs are fixed,,
,What reasoning explains a supply curve's movement in a market with infinite elasticity when prices adjust upwards?,Supply becomes completely fixed regardless of price changes,Supply reduces to create artificial scarcity,Supply increases without limitation,No change in supply occurs,,
,How can a relatively elastic supply benefit a firm in an industry experiencing technological innovations?,By enabling quick technological adaptation,By maintaining stable production levels despite market disruptions,By restricting supply changes,By maintaining traditional methods,,
,Why would a firm producing a highly perishable good aim for a higher elasticity of supply?,To reduce spoilage costs through rapid production changes,To stabilize supply over time,To limit supply to maintain prices,To decrease market volatility,,
,In what way can government subsidies impact the price elasticity of supply for certain industries?,Increase supply elasticity by lowering production barriers,Reduce supply elasticity by fixing production,Restrict change within industry supply chains,Create uniform supply regardless of the price,,
,What strategic advantage does relatively elastic supply afford industries with unpredictable consumer demand?,Ability to scale production up and down effectively,Consistent pricing across all markets,Reduction in cost per unit,Improved demand forecasting,,
,How does the nature of raw materials in an industry affect its price elasticity of supply?,Easy resource access leads to higher elasticity,Abundant resources lead to inelastic supply,Renewable resources reduce elasticity,Scarce materials make supply more elastic,,
,What is income elasticity of demand a measure of?,Sensitivity of income to price changes,Sensitivity of price to demand changes,Sensitivity of quantity demanded to income changes,Sensitivity of quantity demanded to price changes,,
,"If a good is considered a normal good, what happens to demand when income increases?",Demand stays the same,Demand becomes zero,Demand decreases,Demand increases,,
,What does it indicate if the income elasticity coefficient is negative?,The good is a complement,The good is a substitute,The good is inferior,The good is normal,,
,Which type of good has an upward sloping demand curve?,Sticky good,Giffen good,Normal good,Inferior good,,
,What is cross-price elasticity used to determine?,Exchange rate changes,Inflation rate,Substitutability and complementarity of goods,Economic growth,,
,What happens to the demand for a substitute good if the related good's price increases?,Demand increases,Demand remains unchanged,Demand becomes zero,Demand decreases,,
,What indicates that two goods are complements based on cross-price elasticity?,Negative elasticity,Zero elasticity,Infinite elasticity,Positive elasticity,,
,"If the cross-price elasticity coefficient is zero, what does that indicate about the two goods?",Unrelated,Complements,Perfect complements,Substitutes,,
,Which formula represents income elasticity of demand?,Ei = %ΔQd / %ΔP,Ei = %ΔQd / %ΔI,Ei = %ΔI / %ΔQd,Ei = %ΔP / %ΔQd,,
,What happens to the quantity demanded for an inferior good when income decreases?,It increases,It becomes zero,It decreases,It stays the same,,
,What is the term for goods whose demand does not change when consumer income changes?,Inferior goods,Giffen goods,Perfectly income inelastic goods,Normal goods,,
,Which of the following is most likely to be considered a normal good?,Ramen noodles,Luxury meals,Public transportation,Used cars,,
,What type of elasticity helps us understand Pepsi and Coca-Cola's market relationship?,Income elasticity,Exchange rate elasticity,Price elasticity,Cross-price elasticity,,
,What is the impact on consumer patterns if income elasticity is high?,Goods are unaffected by income changes,Goods are independent,Goods are inferior,Goods are highly responsive to income changes,,
,A negative cross-price elasticity generally indicates what relationship?,Complements,Perfect substitutes,Unrelated goods,Substitutes,,
,What does an income elasticity value of zero indicate about a good?,It is a normal good,It is a Giffen good,It is a good for which demand does not change with income,It is an inferior good,,
,What calculation would you use to determine a product as an inferior good?,Zero cross-price elasticity,Negative income elasticity,Positive cross-price elasticity,Positive income elasticity,,
,Which variable typically represents income in the income elasticity of demand formula?,I,Qd,E,D,P,
,"If Pepsi's price rises and Coke's demand increases, what type of goods are they?",Inferior goods,Substitutes,Sticky goods,Complements,,
,"If the price of milk rises, causing cereal demand to fall, what is their relationship?",Complements,Substitutes,Unrelated,Competitive goods,,
,What does it mean when the cross-price elasticity coefficient is above zero?,Complements,Substitutes,Perfect complements,Unrelated,,
,"To determine if pencils are a normal good, which coefficient is relevant?",Positive income elasticity,Zero cross-price elasticity,Positive cross-price elasticity,Negative income elasticity,,
,What does a necessity good's demand do in response to income change?,Stay relatively unchanged,Fluctuate randomly,Increase significantly,Decrease significantly,,
,A large positive cross-price elasticity suggests two goods are:,Strong substitutes,Weak substitutes,Unrelated,Strong complements,,
,Which good is most likely to see demand rise with an income increase?,Designer clothes,Instant noodles,Bus tickets,Used textbooks,,
,"If a 5% increase in income results in a 10% decrease in the quantity demanded for used cars, which term best describes used cars?",Inferior good,Sticky good,Normal good,Giffen good,,
,"When considering cross-price elasticity, why might a price increase in coffee reduce the quantity demanded of cream?",Cream is an inferior good,Coffee and cream are complements,Coffee and cream are substitutes,Coffee and cream are unrelated,,
,"If pencils have an income elasticity coefficient of 0.5, what does this suggest about their demand relative to income changes?",Demand is highly sensitive to income changes,Demand inversely reacts to income changes,Demand is moderately sensitive and pencils are normal goods,Demand is not sensitive at all,,
,What might cause the cross-price elasticity between two goods to change over time?,Changes in income levels,Changes in consumer preferences,Shifts in supply curves,Introduction of new substitute goods,,
,What insight does a zero cross-price elasticity provide about two goods?,They are strong complements,They are perfect substitutes,They are independent goods,They are normal goods,,
,How does the demand curve for an inferior good shift when consumer income increases?,Shifts left,Becomes vertical,Shifts right,Remains constant,,
,What happens to consumer surplus when the price of a complement increases?,It remains unchanged,It increases,It decreases,It becomes zero,,
,"If the quantity demanded for a product is unresponsive to income changes, what term best describes the elasticity coefficient?",Positive,Zero,Negative,Infinite,,
,"Assuming the price of bread doubles, what might you expect to happen to the demand for peanut butter if these goods are complements?",Demand for peanut butter rises,Demand for peanut butter remains unchanged,Demand for peanut butter falls,Demand for peanut butter becomes elastic,,
,"If the income elasticity of luxury cars is higher than 1, which category do they fit into?",Sticky goods,Giffen goods,Luxury goods,Inferior goods,,
,"Considering cross-price elasticity, which scenario is likely if the price of tea increases, given that coffee and tea are substitutes?",Increased demand for coffee,Demand for coffee remains unchanged,Increased demand for tea,Decreased demand for coffee,,
,How does one interpret an income elasticity of demand greater than one?,The good is inferior,The good is a Giffen good,The good is sticky,The good is a luxury normal good,,
,Why might a business be interested in knowing the income elasticity of demand for its products?,To adjust prices relative to income changes,To forecast demand based on economic conditions,To determine supply chain needs,To evaluate production efficiency,,
,What does a high positive cross-price elasticity indicate about two goods?,They are strong substitutes,They are complements,They are weak substitutes,They are unrelated,,
,Which of the following is most likely if the income elasticity of demand for a good is low?,The good is a necessity,The good is a luxury,The good is a Giffen good,The good is an inferior good,,
,Why might demand for a specific brand of soda remain steady despite an increase in price?,It is a sticky good with consumer loyalty,It has low price elasticity of demand,It has few close substitutes,It is a Giffen good,,
,Which reaction best describes consumer behavior when the price of a normal good and consumer income both decrease simultaneously?,Demand becomes inelastic,Demand remains unchanged,Demand decreases,Demand increases,,
,What might result from a 10% decrease in the price of ground beef if ground beef and chicken are substitutes?,No change in the demand for chicken,Decrease in the demand for chicken,An increase in beef imports,Increase in the demand for chicken,,
,How does one interpret a negative income elasticity for a good in terms of consumer behavior?,"The good is a necessity, and demand increases less than proportionally with income","The good is a luxury, and demand increases more than proportionally with income","The good is considered inferior, and demand decreases as income increases",The good's demand is unaffected by changes in income,,
,"Given the cross-price elasticity of two goods is positive, what economic strategy might a company use to gain market advantage?",Lower the price to increase demand,Increase advertising for its complementary goods,Optimize production to reduce costs,Align resources to differentiate its product from substitutes,,
,Why might the concept of elasticity provide deeper insights into consumer behavior than simply observing price changes alone?,Elasticity considers sensitivity in variables other than price,Elasticity accounts for how much quantity demanded changes in response to price changes,Elasticity only focuses on price sensitivity,Elasticity incorporates both supply and demand shifts,,
,How might understanding cross-price elasticity influence marketing strategies for complementary goods?,It suggests reducing prices of complementary goods simultaneously to maximize overall sales,It causes companies to focus solely on price changes rather than other factors,It enables targeted promotions based on related goods' pricing,It helps in setting a higher price to increase demand,,
,Why could a product with a positive cross-price elasticity with another indicate potential market share growth?,It serves as a substitute good,The product maintains completely independent demand patterns,The product is a Giffen good,The product is a luxury good,,
,How would a business utilize knowledge of income elasticity to optimize inventory management during an economic boom?,Focus on unrelated goods,Reduce production of normal goods,Increase inventories of inferior goods,Stock up more on normal goods with high elasticity,,
,What advanced understanding does income elasticity provide when assessing the necessity versus luxury status of goods within different economic contexts?,How consumers prioritize spending during income changes,Price stickiness patterns unrelated to supply and demand shifts,Whether demand remains stable,Information on production cost fluctuations,,
,"Given the income elasticity of demand for public transportation is negative, what could be inferred about its status as economic conditions improve?",It becomes a normal good,It shifts demand curve right,It faces declining demand,It is unaffected by GDP growth,,
,Why might calculating income elasticity be particularly challenging in a mixed-economy environment?,Due to stable consumer preferences,Adverse market competition,It universally categorizes goods as normal,Variability in income distribution impacts elasticity measurement,,
,"If an economic study shows that an increase in luxury tax didn't affect luxury goods' demand, what might this suggest about their elasticity?",High demand elasticity for luxury items,Low income elasticity of demand,Inelastic demand,Perfectly elastic demand,,
,How do cross-price elasticity dynamics inform competitive pricing strategies in oligopolistic markets?,By responding to substitute price changes,By maintaining consistent pricing across all market segments,By disregarding competitor pricing decisions,By focusing on complementary goods pricing,,
,Why might a giffen good defy conventional expectations associated with elasticity and demand?,Its demand increases with price,Consumers see it as inferior,It declines rapidly with price,Inelastic response to supply shifts,,
,"In considering elasticity, why is it essential for policy-makers to explore both income and cross-price elasticity when designing fiscal policies?",To analyze broader economic impacts and consumer substitution patterns,To assess currency devaluation effects,To set single-dimensional pricing standards,To determine the instant change in GDP,,
,How does elasticity knowledge help businesses anticipate consumer behavior during economic downturns?,It helps distinguish necessities from luxury goods,It guarantees stable consumer demand regardless of economic conditions,It only measures inflationary trends,It maintains fixed pricing structures,,
,"When cross-price elasticity between tea and coffee is noted as high, what strategic maneuvers might a company harness within a substitute marketing framework?",Separate goods' appeal focusing solely on price,Joint promotions with non-related goods,Increase prices universally,Bundling offers to encourage joint consumption,,
,Why does a substantial increase in income elasticity suggest pricing power within upscale market segments?,Cross-price elasticity becomes less relevant to consumer decisions,Supply curve shifts create greater market sensitivity,Demand becomes less responsive to price changes,Higher perceived value justifies premium pricing,,
,How does understanding elasticity types empower investors to assess potential ROI in diverse markets?,Focusing solely on price freeze policies,Arbitrarily set market expansion plans,Through insights into market adaptability and potential resilient product categories,By neglecting income forecasts,,
,Why is it essential for firms relying on inferior goods to monitor trends in economic recovery signals?,Economic recovery reduces demand for their products,To maintain predictable demand patterns throughout market cycles,Consumer preferences remain stable,Supply chain optimization,,
,"If a product's demand decreases as consumer incomes rise, what can be inferred about consumer preferences and product's future in growing economies?",Market dynamics will remain stable over time,The product requires rebranding as a normal good,Strong potential for sustained market growth,Risk of market contraction,,
,"Despite market complexities, how do elasticity concepts serve as a guide in enhancing consumer satisfaction?",Matching products to consumer demand,Raising prices to determine maximum consumer tolerance levels,Disregarding cross-market influences,Restricting product variety,,
,How might a change in cross-price elasticity between two products reflect shifts in industry standards or lifestyle changes?,By indicating evolving consumer preferences and competitive dynamics,By ignoring digital consumption trends,By showcasing static consumer habits,By stabilizing product supply channels,,
,Why would a luxury brand with high income elasticity focus on maintaining brand image and value perception more than pricing tactics?,To emphasize low-cost production methods and operational efficiency,To capture price-sensitive consumers in competitive markets,To benefit from high substitution potential,To reinforce luxury status and exclusivity,,
,"In a market, what is the equilibrium price?",The highest price consumers are willing to pay,The price at which quantity supplied equals quantity demanded,The lowest price producers are willing to accept,Any price above the market price,,
,What does consumer surplus represent?,The cost of production,The difference between what consumers are willing to pay and what they actually pay,The total revenue of producers,The tax paid on goods,,
,What refers to the situation when quantity supplied equals quantity demanded?,Equilibrium,Market disequilibrium,Economic surplus,Price elasticity,,
,What is producer surplus?,The total amount of taxes that producers must pay to the government,The difference between the price received and willingness to sell,The overall cost of producing goods and services,The maximum quantity that producers can supply,,
,What is the condition of a market called when it is allocatively efficient?,When supply exceeds consumer demand,When consumer needs are met,When only producers benefit from trade,When there is excess demand,,
,"In a supply and demand graph, what does the area above the equilibrium price represent?",Demand,Producer surplus,Supply,Consumer surplus,,
,Which factor determines producer surplus?,Consumer preferences and market demand,Cost of living adjustments,The maximum price consumers are willing to pay for goods,Minimum price producers will accept,,
,What is necessary for voluntary exchange to occur in a market?,Trade barriers,Government intervention,Mutually beneficial transactions,Fixed prices,,
,What does total economic surplus consist of?,Only consumer surplus,Only producer surplus,Taxes collected by the government,The sum of consumer and producer surplus,,
,"On a supply and demand graph, producer surplus is represented by the area...",Below the demand curve and above the equilibrium price,Below the supply curve,"Above the supply curve, below equilibrium price",Above the demand curve,,
,What does the demand curve represent?,Government subsidies,Quantity consumers are willing to buy at different prices,Amount of tax paid,Supply levels at different prices,,
,What happens when the price is above the equilibrium price?,Market is efficient,Prices remain the same,Surplus occurs,Shortage occurs,,
,How can consumer surplus be visually determined on a graph?,The area above price and below the demand curve,By calculating the area underneath the supply curve at equilibrium,By finding the intersection of supply and demand curves,By measuring the total government tax revenue collected,,
,What role does the supply curve play in a market?,It shows quantity supplied at different price levels,It demonstrates how consumers respond to changing market conditions,It indicates the level of government intervention,It shows the level of demand at various prices,,
,Which term describes the highest price a consumer is willing to pay?,Economic equilibrium,Consumer preference,Market price,Buyer's maximum willingness to pay,,
,What happens when market equilibrium is reached?,No excess demand occurs,Excess supply still exists,Only consumers benefit from the outcome,Allocative efficiency occurs,,
,Which concept shows the mutual benefits of transactions in a market?,Equilibrium price determination,Tax incidence,Voluntary exchange,Government subsidy programs,,
,What does the term 'allocative efficiency' mean?,Resources allocated to their best use,Excessive government regulation of private markets,Maximum waste levels,Surplus of goods,,
,Where is consumer surplus found in relation to the demand curve?,Directly on the demand curve itself,In the area below the supply curve,"Above price, below demand",Above the supply curve,,
,"If a producer sells a good at a higher price than their minimum acceptable price, what do they earn?",Producer surplus,Tax revenue,Economic loss,Consumer surplus,,
,What is the equilibrium quantity?,The highest quantity that consumers will demand,The quantity at which demand exceeds supply,Where supply equals demand,None of the above,,
,Which area is used to calculate producer surplus on a graph?,Below the demand curve,Below the equilibrium price,Above the demand curve,Above the supply curve and below the market price,,
,What happens if the price is below the equilibrium price?,No change in market,Shortage of goods,Surplus of goods,Decrease in supply,,
,What does it mean if a market is in equilibrium?,Supply equals demand,Demand shifts downward due to consumer preferences,Government intervenes,Supply increases,,
,Who benefits from consumer surplus?,Producers,Consumers,Suppliers,Government,,
,"If the market price of a good rises above the equilibrium price, what is the most likely immediate impact on the quantity supplied?",Quantity supplied will decrease,Quantity demanded will increase,Quantity supplied will increase,Quantity supplied will remain constant,,
,How does an increase in consumer income generally affect consumer surplus in a normal good market?,Decreases consumer surplus,Has no effect on consumer surplus,Eliminates consumer surplus,Increases consumer surplus,,
,"If a new technology reduces production costs, what is the expected effect on producer surplus?",Producer surplus will not change,Producer surplus will decrease,Producer surplus will increase,Producer surplus will disappear,,
,What likely occurs to the market equilibrium when there is a simultaneous increase in demand and supply?,Equilibrium price rises,Equilibrium quantity rises,Equilibrium price falls,Equilibrium quantity falls,,
,"When a market is in equilibrium, any deviation from this point will result in...",A decrease in total economic surplus,No change in total economic surplus,An increase in total economic surplus,Excessive profits for producers,,
,An increase in consumer desire for a product will primarily affect which of the following?,Equilibrium quantity will decrease significantly,Demand curve shifts right,Equilibrium price falls below market value,Supply curve shifts left,,
,How is total producer surplus represented on a supply and demand graph?,Area beyond the equilibrium point where supply exceeds demand,Area between supply curve and price,Area below the demand curve and above equilibrium price,Area above the demand curve,,
,"If a market is experiencing a surplus, what adjustments are expected to occur?",Supply will continue to increase until the market clears,Price will fall to equilibrium,Demand will decrease significantly,Price will rise to equilibrium,,
,What is the relationship between consumer surplus and the willingness to pay?,Consumer surplus is the difference between willingness to pay and market price,Consumer surplus increases as willingness to pay decreases,Consumer surplus decreases only when the market price exceeds willingness to pay,Consumer surplus is unaffected by willingness to pay,,
,Under what circumstance will producer surplus be zero?,When the market price exceeds the maximum willingness to pay,When the market price is lower than the minimum acceptable price,When demand decreases significantly,When the market price equals the highest price producers are willing to accept,,
,"In a competitive market, what role does voluntary exchange play?",It causes equilibrium price to decrease,It increases only producer surplus,It maximizes total economic surplus,It decreases market efficiency,,
,How does a decrease in production costs affect market equilibrium?,Causes a rightward shift in the supply curve,Increases equilibrium price,Causes a leftward shift in the demand curve,Decreases equilibrium quantity,,
,When does a market achieve allocative efficiency?,When there is no consumer surplus,When the total surplus is maximized,When consumer preferences are ignored,When all producer surpluses are maximized,,
,"If a market is not in equilibrium, what typically results?",Allocative efficiency,Surplus or shortage,Optimal production,Stable pricing,,
,What is the most likely impact on total consumer surplus if a popular substitute good increases in price?,Eliminates total consumer surplus,No effect on total consumer surplus,Decreases total consumer surplus,Increases total consumer surplus,,
,Producer surplus will most likely decrease when...,Consumer preferences improve,Market demand shifts right,Production costs increase,A substitute good's price increases,,
,A producer's willingness to accept affects which economic measurement?,Total revenue,Market demand,Producer surplus,Consumer surplus,,
,How does a shift to the right in the demand curve affect equilibrium?,Lowers equilibrium price,Increases equilibrium quantity,Causes a surplus,Causes a shortage,,
,"In a market where a price ceiling is imposed below the equilibrium price, what generally occurs?",Increased price,Surplus of goods,Decreased demand,Shortage of goods,,
,"When the equilibrium quantity is achieved, what is maximized?",Consumer surplus only,Both consumer and producer surpluses,Producer surplus only,Government tax revenues,,
,Why is market equilibrium described as allocatively efficient?,Because it maximizes consumer profit only,Because it eliminates all market surpluses,Because the total welfare of consumers and producers is maximized,Because it minimizes the cost of production,,
,How does voluntary exchange contribute to market equilibrium?,It reduces consumer choices,It forces price controls,It increases market inefficiencies,"It maximizes utility and profits, aligning supply and demand",,
,What is the effect of a decrease in consumer willingness to pay on consumer surplus?,Decreases consumer surplus,Consumer surplus remains the same,Increases consumer surplus,Eliminates consumer surplus,,
,"If a sudden increase in production technology occurs, how does it impact producer surplus and equilibrium?",Producer surplus decreases; equilibrium quantity decreases,Producer surplus increases; equilibrium price decreases,Producer surplus decreases; equilibrium price increases,Producer surplus increases; equilibrium price increases,,
,Why might a higher market price than the equilibrium price create inefficiency?,Creates consumer surplus,Leads to excess demand that is unmet,Forces consumers to overpay for goods,Creates excess supply,,
,How does the concept of individual consumer surplus help understand total consumer surplus in the market?,By ignoring individual preferences,By focusing only on production costs,By focusing only on seller profits,By summing differences between willingness to pay and market price for all consumers,,
,What advanced mathematical concept is suggested for calculating consumer surplus in non-linear markets?,Subtraction,Addition,Differentiation,Integration,,
,What role does the elasticity of demand play in consumer surplus?,Elasticity affects the degree of consumer surplus,Elastic demand results in higher consumer surplus variance,Does not affect consumer surplus,Inelastic demand always increases consumer surplus,,
,How can changes in consumer preferences impact market equilibrium?,They have no effect on the market,They alter the supply curve only,"They shift demand, changing price and quantity",They permanently fix the equilibrium point in place,,
,Why is the equilibrium point unique in a supply and demand context?,Because it's the only point where supply exceeds demand,Because it maximizes taxes,Because it's the sole price where quantity supplied equals quantity demanded,Because it shows the intersection of equal elasticity,,
,In what way does producer willingness to accept impact total producer surplus in a competitive market?,It determines surplus earned above costs,It reduces overall market efficiency and consumer welfare,It has no impact on producer surplus,It ensures minimum profit,,
,How does total surplus serve as an indicator of market health?,It indicates inefficiency when maximized,It measures optimal market benefits,It only measures producer gains from transactions,It reflects market losses and deadweight loss,,
,Why is consumer surplus visualized as the area above the equilibrium price and below the demand curve?,Because it represents all prices consumers are unwilling to pay for the product,Because it shows where producers earn their profits in the market,Because it represents consumer losses from market transactions,Because it shows consumer benefits from market prices,,
,How would a shift in supply due to decreased input costs affect the equilibrium?,It would cause an upward shift in demand,No effect on the equilibrium,Increase equilibrium price,It would decrease the equilibrium price,,
,What signifies a perfectly competitive market is in equilibrium?,Production costs consistently exceed minimum levels,Supply equals demand,Unemployment reaches its maximum potential,Market surpluses and shortages occur with equal frequency,,
,Why might a firm choose to sell its goods for less than the equilibrium price?,To permanently disrupt market equilibrium,To sell more goods by attracting more consumers,To eliminate consumer surplus,To decrease competition,,
,How does producer surplus indicate market efficiency?,By measuring the total quantity of goods that remain unsold in the market,By showing producers' gains above their costs,By illustrating the maximum potential loss to consumers,By ensuring that producers break even on their investments,,
,What advanced mathematical method can be applied to solve for producer and consumer surplus in nonlinear demand and supply curves?,Exponentiation,Simple addition,Logarithms,Integration,,
,Why is a market said to be allocatively efficient at equilibrium?,Consumer and producer surpluses are minimized at this point,Production exceeds demand,Resources match consumer preferences,Only producers benefit from the equilibrium,,
,How would you calculate the change in consumer surplus with a shift in the demand curve due to external factors?,By observing market price only,By subtracting equilibrium price from equilibrium quantity,By multiplying surplus by its elasticity,By integrating the area under the shift in the demand curve,,
,What is the definition of market equilibrium?,Price is too high,Quantity supplied exceeds quantity demanded,Quantity demanded equals quantity supplied,Consumers are dissatisfied,,
,What is a shortage in a market?,Consumers pay less than they want,Quantity demanded exceeds quantity supplied,Price is above equilibrium,All firms are satisfied,,
,What is a surplus in a market?,Quantity demanded exceeds quantity supplied,Prices are decreasing,Consumers want more,Quantity supplied exceeds quantity demanded,,
,What happens to price during a shortage?,Decreases,Becomes unpredictable,Increases,Stays the same,,
,"In a surplus, which of the following is true?",Quantity supplied is less than quantity demanded,Price will rise,Price will decrease,Price is too low,,
,What does consumer surplus represent?,Difference between what consumers are willing to pay and what they actually pay,Government intervention effect,Difference between market price and equilibrium,Excess supply,,
,What is producer surplus?,Tax revenue,Cost of production,Government income,Difference between what producers are willing to sell for and what they actually sell for,,
,What is deadweight loss?,High tax effect,Profit of the producers,Loss of economic surplus when market is not at equilibrium,Increase in employment,,
,What results from a leftward shift in demand?,Increase in consumer surplus,Increase in producer surplus,Decrease in equilibrium quantity,Increase in equilibrium price,,
,What does a rightward shift in the supply curve do?,Decreases equilibrium quantity,Has no effect on equilibrium,Increases equilibrium price,Decreases equilibrium price,,
,What happens to price in the long run if there is a surplus?,Decreases,Remains high,Increases steeply,Unpredictable changes,,
,What typically happens in the long run during a shortage?,Price increases,Price remains the same,Price declines,Quantity decreases,,
,What do we call the point where Qd equals Qs?,Disequilibrium,Equilibrium,Surplus,Shortage,,
,What direction do price and quantity move when demand increases?,"Price decreases, quantity increases","Price increases, quantity decreases",Both increase,Both decrease,,
,What is the effect on consumer surplus when the market is not at equilibrium?,Consumer surplus doesn't change,Consumer surplus increases,Consumer surplus is reduced,Consumer surplus maximized,,
,Which scenario will not lead to deadweight loss?,Price at equilibrium,Price set above equilibrium,Supply curve shift,Demand curve shift,,
,What happens to total economic surplus in a surplus situation?,It decreases,It remains unaffected,It's maximized,It increases,,
,"If the price of oil increases, what happens to the supply curve for cars?",Shifts to the right,Remains the same,Becomes non-linear,Shifts to the left,,
,Which factor will cause market disequilibrium?,Prices set above equilibrium,Equal demand and supply,Prices at equilibrium,Balance of trade,,
,What is the natural trend for markets in the long run?,Move towards equilibrium,Move towards shortage,Move towards surplus,Stay fluctuating,,
,"When the supply decreases, what happens to the equilibrium price?",Increases,Drops to zero,Remains the same,Decreases,,
,In which scenario would consumer and producer surpluses be maximized?,At equilibrium,Price above equilibrium,Price set below equilibrium,When there is deadweight loss,,
,What can lead to indeterminate changes in quantity during a double shift?,Both supply and demand shift,Demand alone shifts,Supply alone shifts,No shift occurs,,
,What is likely to occur when markets have too much supply?,Price will decrease,Price will increase,Producers will be happy,Quantity demanded will rise sharply,,
,"When demand increases, what is the effect on equilibrium quantity?",Stays the same,Becomes zero,Increases,Decreases,,
,"If a market is in disequilibrium due to excess demand, which strategy might a firm employ to move towards equilibrium?",Maintain current prices,Reduce production,Lower prices,Increase prices,,
,How does an increase in consumer income likely affect the demand curve for a normal good?,Shifts left,Becomes steeper,Stays the same,Shifts right,,
,What effect does a tariff on imported goods typically have on domestic consumer surplus?,Increases consumer surplus,Increases producer surplus,Has no effect,Decreases consumer surplus,,
,Which scenario can describe a long-term adjustment in a market experiencing an initial surplus?,There will be an increase in demand,Prices will steadily rise,Production will stop,Prices will decline,,
,"If both supply and demand increase, what is the predicted effect on equilibrium quantity?",Increases,Stays the same,Decreases,Indeterminate without more information,,
,"In a situation of excess supply, how does market equilibrium tend to be restored without external intervention?",Decrease in price,Increase in supply,Decrease in demand,Increase in price,,
,What impact would a technological advancement in production typically have on equilibrium price and quantity?,"Lower price, lower quantity","Higher price, lower quantity","Higher price, higher quantity","Lower price, higher quantity",,
,"When both supply and demand decrease, what can be said about the change in equilibrium price?",It will stay the same,It will decrease,It will increase,It is indeterminate without further information,,
,"During a shortage, why might a firm raise its prices?",To increase surplus,To align quantity supplied with quantity demanded,To create more demand,To lower production costs,,
,How does an increase in the price of a substitute good affect the equilibrium price of the original good?,Raises it,Causes indeterminate changes,Keeps it same,Reduces it,,
,A government's decision to impose a quota would have which of the following likely effects?,Increase surplus,Decrease consumer surplus,Increase consumer surplus,Lower prices,,
,"If consumer preferences shift away from a good, what happens to producer surplus?",It increases,It shifts to consumers,It remains unchanged,It decreases,,
,How might a market adjust if experiencing a deadweight loss due to price being above equilibrium?,Lower price,Increase advertising,Decrease production costs,Increase price further,,
,What is the relationship between a decrease in input costs and the supply curve?,Supply curve shifts right,Indeterminate without more information,No change in supply curve,Supply curve shifts left,,
,"When the supply of a product increases due to subsidies, what happens to the equilibrium price?",It stays the same,It is indeterminate,It increases,It decreases,,
,What might be an effect of international trade on domestic markets?,Consumer surplus may increase,Producer surplus maximizes,Equilibrium price reverts to original,Supply and demand remain unchanged,,
,How would you expect the market to respond to an increase in supply due to improved technology?,Decrease in equilibrium price,Increase in production costs,Increase in equilibrium price,Decrease in quantity supplied,,
,What typically occurs if there is a decrease in demand with no change in supply?,"Price increases, quantity decreases","Price decreases, quantity increases",Price and quantity increase,Price and quantity decrease,,
,"In the event of an increase in market demand, how does the equilibrium quantity respond?",It stays the same,It becomes indeterminate,It decreases,It increases,,
,How can government intervention in the form of price ceilings create inefficiencies?,By maximizing producer surplus,By causing a surplus,By equalizing supply and demand,By causing a shortage,,
,Why does a market experience deadweight loss when it is not at equilibrium?,Because producers make excess profit at the expense of consumers,Equilibrium prices are too high,Inefficient allocation,Consumer satisfaction increases,,
,How does the price adjustment in a surplus situation restore market equilibrium?,Withdraw products from the market,Raise production costs,Decrease the price to lower quantity supplied,Increase consumer purchasing power,,
,"Why might the demand curve shift right, and how would this affect market equilibrium?","Increased consumer preference; price down, quantity up","Higher input cost; price up, quantity down","Technological advancement; price up, quantity up","Consumer income rises; price up, quantity up",,
,What might cause a shortage to persist longer than expected?,Firms rapidly increase production to meet demand,Price controls prevent upward adjustment,Consumers quickly find substitutes,New technology increases efficiency,,
,How does the interplay of consumer and producer surplus differ in equitable vs. disequilibrium states?,Total surplus is only maximized at equilibrium,"Consumer surplus decreases, producer surplus increases in equilibrium",Both surpluses maximize in disequilibrium,Surpluses are equal in equilibrium,,
,What critical factor determines whether a double shift results in an indeterminate change in quantity?,Magnitude of supply shift only,Government intervention,Relative magnitude of both supply and demand shifts,Magnitude of demand shift only,,
,Why would a government intervene in a market with tariffs despite understanding deadweight loss implications?,To maximize producer surplus,To increase consumer surplus,To decrease domestic competition,To generate additional government revenue,,
,What long-term effect might a persistent shortage have on technological innovation?,Stimulates innovation to increase supply,Stifles innovation,Encourages focus on other markets,Makes no difference,,
,In what way does deadweight loss in surplus situations affect production decisions?,Signals to reduce production,Pushes higher consumer demand,Encourages government subsidies,Encourages more production,,
,"How does an increase in supply, with constant demand, affect producer surplus and why?",Increases due to higher prices,Remains constant,Decreases due to lower equilibrium prices,Increases due to increased production volume,,
,"What unique challenge does a 'double shift' present to predicting market behavior, and why?",Makes equilibrium irrelevant,It involves conflicting effects that negate possibilities,Economic models do not account for shifts,Requires exact knowledge of shift magnitudes,,
,"Why does the concept of 'when in doubt, graph it out' apply critically to understanding double shifts?",Graphs are easy for stakeholders to understand and interpret,Visual analysis clarifies complex interactions,Graphs provide exact numeric changes in market conditions,Models cannot manage nuanced changes,,
,How can government-imposed price ceilings inadvertently lead to market shortages?,Prices cannot reach equilibrium,Encouraging excessive production by suppliers,Enhancing producer surplus,Discouraging consumer purchases,,
,How might an understanding of economic surplus guide investment decisions in fluctuating markets?,Highlights areas with maximum surplus opportunities,Encourages focusing on consumer satisfaction alone,Always results in avoiding surplus markets,Directly indicates profit expectations,,
,Why might a firm choose to temporarily tolerate a surplus situation before adjusting prices?,Expected future demand increases,To maintain production capacity for anticipated market expansion,To discourage new competitors,Reduce customer satisfaction,,
,What economic principle justifies the prediction that markets tend naturally towards equilibrium?,Dynamic economic forces,Government intervention and regulatory oversight,Absolute currency value,Static supply and demand,,
,How does understanding changes in equilibrium enhance strategic planning in volatile economies?,Provides a comprehensive model for predicting demand patterns only,Helps inflate production figures artificially,Enables anticipation of economic shifts,Simplifies controlling consumer behavior directly,,
,How does deadweight loss reflect inefficiencies in markets subjected to tariffs or quotas?,By reducing equilibrium price,Revealing imbalances in natural market forces,Decreasing equilibrium quantity in perpetuity,Increasing the demand to exhaustive levels,,
,"In the context of equilibrium shifts, why is understanding supply elasticity crucial for businesses?",Enables rapid market adaptation,It determines consumer preferences and spending patterns,Negates the need for surplus calculation,Emphasizes inflexible production costs,,
,How does the anticipation of technological advancement affect strategic resource allocation in markets?,Immediate increase in consumer goods production,Reduces future costs and inefficiencies,Focus on maintaining current production methods,Deteriorates existing market structures,,
,"In economics, what is production?",The sale of goods to customers,The process of creating goods from inputs,The marketing of products,The consumption of goods,,
,Which of the following is considered a factor of production?,Labor,Advertising,Profit,Revenue,,
,What are fixed costs?,Costs that vary with output,Costs that remain constant regardless of output,Costs that are only paid once,Costs that change daily,,
,What is total revenue?,The cost of all inputs,Total expenses of a firm,The total money a firm earns from sales,The net profit after taxes,,
,How is total revenue calculated?,TR = C*Q,TR = P*Q,TR = P*2,TR = P+Q,,
,What is economic profit?,Profit after considering opportunity costs,The same as accounting profit,Profit without considering opportunity costs,Always greater than accounting profit,,
,"If a firm produces 100 units with 5 workers, what is the average product per worker?",20 units,5 units,10 units,15 units,,
,What is marginal product?,The cost of producing one additional unit of output,The revenue from selling one more unit,The total output of a firm,Additional output from one more input,,
,What happens when marginal product reaches zero?,Total product stays constant,Total cost decreases,Total product decreases,Total product increases,,
,What does the law of diminishing marginal product state?,Labor costs rise with more inputs,Additional inputs yield decreasing marginal returns,Production increases indefinitely with more inputs added to the process,Total product increases regardless of input,,
,Which of the following is an example of a fixed cost?,Electricity costs,Water usage,Raw materials,Rent,,
,What does increasing returns to scale mean?,Output more than doubles when all inputs double,Output decreases as all inputs increase proportionally,Output doubles exactly when all inputs double,Output less than doubles when all inputs double,,
,What happens to total product when marginal product becomes negative?,Total cost rises,Total product decreases,Total product stays constant,Total product increases,,
,What does average product measure?,Output per input unit,Total input used,Output increase with additional input,Total output,,
,"If total product is 50 units with 2 units of input, what is the average product?",10 units,15 units,25 units,30 units,,
,"In the context of production, what is an input?",Profit after tax,Revenue from sales,A finished product,A factor used in production,,
,What term is used to describe a cost that varies with output?,Variable cost,Sunk cost,Fixed cost,Marginal cost,,
,Which scenario depicts decreasing returns to scale?,Output remains unchanged regardless of input change,Output less than doubles when inputs double,Output triples when inputs double,Output doubles exactly when inputs double,,
,What is the result called when a firm's total revenue minus total cost equals zero?,Revenue neutral,Loss,Profit,Breaking even,,
,Which of the following is a variable cost for a pizza shop?,Cost of tomatoes,Insurance premiums,Salaries of fixed staff,Monthly lease fee,,
,"If a third worker increases output from 50 to 60 units, what is the marginal product of the third worker?",5 units per worker,10 units,15 units per additional worker,20 units,,
,At what point do firms commonly experience negative marginal returns?,When total inputs are maximized,When too many inputs crowd the production process,With an optimal number of inputs,With no inputs,,
,How does total product behave when marginal product is increasing?,Increases at a slower rate,Decreases,Remains constant,Increases at an increasing rate,,
,What type of cost is 'rent' for a company's production facility?,Average cost,Variable cost,Fixed cost,Marginal cost,,
,What does a firm earn considering both total revenue and opportunity costs?,Gross profit,Accounting profit,Net profit,Economic profit,,
,"What effect does an increase in labor input generally have on marginal product initially, assuming other inputs are fixed?",Immediately results in negative marginal product,Decreases marginal product,Has no effect,Increases marginal product,,
,Which of the following scenarios best illustrates the concept of diminishing marginal returns?,Cutting inputs in half results in halving the output,"Adding a second worker doubles output, but adding a third increases it by less than double",Doubling inputs leads to tripling output,Adding a worker leads to a linear increase in output,,
,How are variable costs expected to change as production output increases?,Variable costs fluctuate randomly,Variable costs remain constant,Variable costs decrease,Variable costs increase,,
,"If marginal product of labor is decreasing, what must be true about the total product?",Total product is decreasing at an increasing rate,Total product increases at a decreasing rate,Total product remains constant,Total product is completely unaffected by changes in labor,,
,"When comparing fixed and variable costs, which statement is most accurate?",Variable costs change with output; fixed costs stay constant,Both fixed and variable costs remain constant regardless of production levels,Variable costs decrease as output increases,"Fixed costs fluctuate with production, while variable costs remain unchanged",,
,What relationship does the total product curve have with the marginal product curve when marginal product is positive but decreasing?,Total product is declining,Total product is increasing at an increasing rate,Total product remains unchanged,Total product is increasing at a decreasing rate,,
,"If a firm's economic profit is zero, what does this imply about its accounting profit?",Accounting profit equals opportunity costs,Accounting profit is also zero,Accounting profit exceeds the firm's opportunity costs,Accounting profit is negative,,
,Which change directly causes total product to decrease?,Negative marginal product,Continuously increasing labor inputs,Positive marginal product,Average product increases,,
,How is average product expected to change as output initially starts increasing with production?,Drops sharply then rises,Decreases consistently,Increases initially,Remains constant,,
,When can profit be maximized in terms of the relationship between marginal revenue and marginal cost?,When marginal product is decreasing,When marginal cost is minimized,When marginal product is at its maximum,When marginal revenue equals marginal cost,,
,"In a scenario of increasing returns to scale, what outcome is expected when all inputs are doubled?",Output will also double,Output will more than double,Output remains constant,Output will less than double,,
,Why does the average product of labor initially increase as more workers are hired?,Technological inefficiencies,Due to scarcity of resources,Improved worker specialization,Rising costs of inputs,,
,During what phase of production might a company experience increasing marginal returns?,When marginal product becomes negative,Initial phase with low labor input,Final phase with maximum labor input,When production is halted,,
,When might a firm decide to stop increasing its inputs?,When average product is at its lowest,When marginal product becomes negative,When marginal product begins to decline,When marginal costs rise,,
,What does it indicate if total product does not change after hiring additional input?,Marginal product is increasing,Marginal product is positive,Average product is increasing,Marginal product is zero,,
,What typically happens to the total cost if fixed costs decrease?,Total cost increases,Total cost remains the same,Total cost decreases,Total cost doubles,,
,"If a firm experiences constant returns to scale, what is the relationship between input doubling and output?",Output less than doubles,Output decreases,Output more than doubles,Output exactly doubles,,
,Which is a likely effect of overcrowding in a production environment?,Total product becomes negative,Marginal product declines,Average product rises,Marginal product increases indefinitely,,
,What indicates that a firm is operating at maximum efficiency with given inputs?,Marginal product is negative,Marginal product is at its peak,Marginal product is zero,Marginal product equals average product,,
,"If doubling inputs leads to a less-than-double increase in output, what is likely occurring?",Decreasing returns to scale,Negative returns to scale,Constant returns to scale,Increasing returns to scale,,
,How does an understanding of opportunity cost alter a firm's decision-making process regarding market entry?,It encourages focusing on maximizing accounting profits alone,It allows firms to ignore operational costs and focus on revenue generation,It highlights earnings from the next best alternative,It necessitates considering both potential profits and losses,,
,Why is it critical for a producer to understand the law of diminishing marginal product when hiring additional workers?,To ensure higher wages for each worker,To optimize labor efficiency and avoid overstaffing,To include more benefits for each new employee,To balance benefits against the cost of raw materials,,
,How does the calculation of marginal product assist in determining the optimal level of input usage?,It shows when additional inputs yield diminishing returns,It encourages firms to reduce their labor input costs,It guarantees that production will exhibit constant returns to scale,It ensures that all input costs are minimized,,
,"If a firm's revenue does not cover total costs, how might this affect long-term production decisions?",The firm decides against opportunity cost evaluations,The firm will continue with losses indefinitely,The firm may maintain current production levels,The firm may adjust scale or exit the market,,
,Why would a firm strive to produce where its marginal product is positive?,To maintain efficiency,To avoid unnecessary expansion of the labor force,To reduce variable costs,To minimize total product,,
,What is the significance of a negative economic profit for a producer's strategic planning?,Indicates they are incorrectly calculating their accounting profit and overhead expenses,Means they must increase their variable costs,Implies they have no opportunity costs,Suggests the business is not economically viable,,
,How do increasing returns to scale affect a firm’s competitive advantage in the market?,"It decreases cost per unit, enhancing competitive advantage",It increases fixed costs,It reduces economic profit,It remains constant,,
,Why is it important for a producer to distinguish between fixed and variable costs in their cost structures?,To ignore non-essential manufacturing costs,To better manage cash flow and pricing strategies,To easily convert all costs into fixed costs,To dismiss market fluctuations,,
,In what way does the theory of the firm guide producers in a competitive market environment?,By calculating total revenue as irrelevant to production decisions,By focusing strictly on consumer preferences,By solely increasing labor input,By analyzing optimal input-output levels,,
,How does negative marginal product impact the decisions regarding resource allocation?,Resources should be doubled,More resources should be added continuously,Resources are irrelevant,Additional resources should be withdrawn,,
,Why might a firm continue production despite experiencing diminishing marginal returns?,To decrease fixed costs,Because variable costs decrease,Total product is still increasing,Marginal product has no impact on production decisions,,
,How could the concept of returns to scale influence a firm's expansion strategy?,By revealing potential inefficiencies at larger scales,By demonstrating that increased input usage will automatically generate proportional revenue growth,By proving market demand for existing output alone,By disregarding the role of technological advancement,,
,Why is important to calculate average product alongside marginal product in production analysis?,Average product solely determines profit margins,Average product replaces the need for total product measurement,Average product provides context for efficiency per input,Average product calculation is unnecessary,,
,How could understanding economic profit change a firm's investment strategies?,By focusing solely on accounting profit,By disregarding revenue potential,By ignoring alternative markets,By considering opportunity costs for capital allocation,,
,In which way does fixed cost play a strategic role in price-setting for a firm?,"By ensuring prices cover total costs, including fixed and variable costs",By influencing only employee salaries,Fixed costs are not considered in pricing decisions,By decreasing sales revenue,,
,Why is it essential to consider both short-run and long-run production costs in strategic planning?,Strategic planning should focus primarily on input costs and labor expenses,Fixed and variable costs behave differently in the short run and long run,Short-run costs are the only relevant factor for production decisions,Long-run costs remain constant over time,,
,How can a firm utilize the production function to streamline its operational efficiency?,By prioritizing labor over capital indiscriminately,By ignoring any marginal analysis,By maximizing random input usage,By selecting an optimal mix of factor inputs for desired output levels,,
,How does scale of operation correlate with cost advantage in high production environments?,It always increases total cost regardless of production volume or efficiency gains,Larger scale reduces per-unit costs through learning economies,Scale of operation is irrelevant to cost structures,Smaller scales are inherently more efficient,,
,Why must firms actively monitor the relationship between marginal product and total product?,To identify the stage where increasing input yields lower total product gains,To optimize wages,Marginal product does not affect product quantity,To make total revenue estimation simpler,,
,How does the concept of opportunity cost create a broader perspective beyond mere profit computation?,By isolating revenue specifics and focusing on income streams,By determining salary distribution across departments,By emphasizing alternative resource uses,By affecting only fixed cost dynamics,,
,"In economics, what is production?",The sale of goods to customers,The process of creating goods from inputs,The marketing of products,The consumption of goods,,
,Which of the following is considered a factor of production?,Labor,Advertising,Profit,Revenue,,
,What are fixed costs?,Costs that vary with output,Costs that remain constant regardless of output,Costs that are only paid once,Costs that change daily,,
,What is total revenue?,The cost of all inputs,Total expenses of a firm,The total money a firm earns from sales,The net profit after taxes,,
,How is total revenue calculated?,TR = C*Q,TR = P*Q,TR = P*2,TR = P+Q,,
,What is economic profit?,Profit after considering opportunity costs,The same as accounting profit,Profit without considering opportunity costs,Always greater than accounting profit,,
,"If a firm produces 100 units with 5 workers, what is the average product per worker?",20 units,5 units,10 units,15 units,,
,What is marginal product?,The cost of producing one additional unit of output,The revenue from selling one more unit,The total output of a firm,Additional output from one more input,,
,What happens when marginal product reaches zero?,Total product stays constant,Total cost decreases,Total product decreases,Total product increases,,
,What does the law of diminishing marginal product state?,Labor costs rise with more inputs,Additional inputs yield decreasing marginal returns,Production increases indefinitely with more inputs added to the process,Total product increases regardless of input,,
,Which of the following is an example of a fixed cost?,Electricity costs,Water usage,Raw materials,Rent,,
,What does increasing returns to scale mean?,Output more than doubles when all inputs double,Output decreases as all inputs increase proportionally,Output doubles exactly when all inputs double,Output less than doubles when all inputs double,,
,What happens to total product when marginal product becomes negative?,Total cost rises,Total product decreases,Total product stays constant,Total product increases,,
,What does average product measure?,Output per input unit,Total input used,Output increase with additional input,Total output,,
,"If total product is 50 units with 2 units of input, what is the average product?",10 units,15 units,25 units,30 units,,
,"In the context of production, what is an input?",Profit after tax,Revenue from sales,A finished product,A factor used in production,,
,What term is used to describe a cost that varies with output?,Variable cost,Sunk cost,Fixed cost,Marginal cost,,
,Which scenario depicts decreasing returns to scale?,Output remains unchanged regardless of input change,Output less than doubles when inputs double,Output triples when inputs double,Output doubles exactly when inputs double,,
,What is the result called when a firm's total revenue minus total cost equals zero?,Revenue neutral,Loss,Profit,Breaking even,,
,Which of the following is a variable cost for a pizza shop?,Cost of tomatoes,Insurance premiums,Salaries of fixed staff,Monthly lease fee,,
,"If a third worker increases output from 50 to 60 units, what is the marginal product of the third worker?",5 units per worker,10 units,15 units per additional worker,20 units,,
,At what point do firms commonly experience negative marginal returns?,When total inputs are maximized,When too many inputs crowd the production process,With an optimal number of inputs,With no inputs,,
,How does total product behave when marginal product is increasing?,Increases at a slower rate,Decreases,Remains constant,Increases at an increasing rate,,
,What type of cost is 'rent' for a company's production facility?,Average cost,Variable cost,Fixed cost,Marginal cost,,
,What does a firm earn considering both total revenue and opportunity costs?,Gross profit,Accounting profit,Net profit,Economic profit,,
,"What effect does an increase in labor input generally have on marginal product initially, assuming other inputs are fixed?",Immediately results in negative marginal product,Decreases marginal product,Has no effect,Increases marginal product,,
,Which of the following scenarios best illustrates the concept of diminishing marginal returns?,Cutting inputs in half results in halving the output,"Adding a second worker doubles output, but adding a third increases it by less than double",Doubling inputs leads to tripling output,Adding a worker leads to a linear increase in output,,
,How are variable costs expected to change as production output increases?,Variable costs fluctuate randomly,Variable costs remain constant,Variable costs decrease,Variable costs increase,,
,"If marginal product of labor is decreasing, what must be true about the total product?",Total product is decreasing at an increasing rate,Total product increases at a decreasing rate,Total product remains constant,Total product is completely unaffected by changes in labor,,
,"When comparing fixed and variable costs, which statement is most accurate?",Variable costs change with output; fixed costs stay constant,Both fixed and variable costs remain constant regardless of production levels,Variable costs decrease as output increases,"Fixed costs fluctuate with production, while variable costs remain unchanged",,
,What relationship does the total product curve have with the marginal product curve when marginal product is positive but decreasing?,Total product is declining,Total product is increasing at an increasing rate,Total product remains unchanged,Total product is increasing at a decreasing rate,,
,"If a firm's economic profit is zero, what does this imply about its accounting profit?",Accounting profit equals opportunity costs,Accounting profit is also zero,Accounting profit exceeds the firm's opportunity costs,Accounting profit is negative,,
,Which change directly causes total product to decrease?,Negative marginal product,Continuously increasing labor inputs,Positive marginal product,Average product increases,,
,How is average product expected to change as output initially starts increasing with production?,Drops sharply then rises,Decreases consistently,Increases initially,Remains constant,,
,When can profit be maximized in terms of the relationship between marginal revenue and marginal cost?,When marginal product is decreasing,When marginal cost is minimized,When marginal product is at its maximum,When marginal revenue equals marginal cost,,
,"In a scenario of increasing returns to scale, what outcome is expected when all inputs are doubled?",Output will also double,Output will more than double,Output remains constant,Output will less than double,,
,Why does the average product of labor initially increase as more workers are hired?,Technological inefficiencies,Due to scarcity of resources,Improved worker specialization,Rising costs of inputs,,
,During what phase of production might a company experience increasing marginal returns?,When marginal product becomes negative,Initial phase with low labor input,Final phase with maximum labor input,When production is halted,,
,When might a firm decide to stop increasing its inputs?,When average product is at its lowest,When marginal product becomes negative,When marginal product begins to decline,When marginal costs rise,,
,What does it indicate if total product does not change after hiring additional input?,Marginal product is increasing,Marginal product is positive,Average product is increasing,Marginal product is zero,,
,What typically happens to the total cost if fixed costs decrease?,Total cost increases,Total cost remains the same,Total cost decreases,Total cost doubles,,
,"If a firm experiences constant returns to scale, what is the relationship between input doubling and output?",Output less than doubles,Output decreases,Output more than doubles,Output exactly doubles,,
,Which is a likely effect of overcrowding in a production environment?,Total product becomes negative,Marginal product declines,Average product rises,Marginal product increases indefinitely,,
,What indicates that a firm is operating at maximum efficiency with given inputs?,Marginal product is negative,Marginal product is at its peak,Marginal product is zero,Marginal product equals average product,,
,"If doubling inputs leads to a less-than-double increase in output, what is likely occurring?",Decreasing returns to scale,Negative returns to scale,Constant returns to scale,Increasing returns to scale,,
,How does an understanding of opportunity cost alter a firm's decision-making process regarding market entry?,It encourages focusing on maximizing accounting profits alone,It allows firms to ignore operational costs and focus on revenue generation,It highlights earnings from the next best alternative,It necessitates considering both potential profits and losses,,
,Why is it critical for a producer to understand the law of diminishing marginal product when hiring additional workers?,To ensure higher wages for each worker,To optimize labor efficiency and avoid overstaffing,To include more benefits for each new employee,To balance benefits against the cost of raw materials,,
,How does the calculation of marginal product assist in determining the optimal level of input usage?,It shows when additional inputs yield diminishing returns,It encourages firms to reduce their labor input costs,It guarantees that production will exhibit constant returns to scale,It ensures that all input costs are minimized,,
,"If a firm's revenue does not cover total costs, how might this affect long-term production decisions?",The firm decides against opportunity cost evaluations,The firm will continue with losses indefinitely,The firm may maintain current production levels,The firm may adjust scale or exit the market,,
,Why would a firm strive to produce where its marginal product is positive?,To maintain efficiency,To avoid unnecessary expansion of the labor force,To reduce variable costs,To minimize total product,,
,What is the significance of a negative economic profit for a producer's strategic planning?,Indicates they are incorrectly calculating their accounting profit and overhead expenses,Means they must increase their variable costs,Implies they have no opportunity costs,Suggests the business is not economically viable,,
,How do increasing returns to scale affect a firm’s competitive advantage in the market?,"It decreases cost per unit, enhancing competitive advantage",It increases fixed costs,It reduces economic profit,It remains constant,,
,Why is it important for a producer to distinguish between fixed and variable costs in their cost structures?,To ignore non-essential manufacturing costs,To better manage cash flow and pricing strategies,To easily convert all costs into fixed costs,To dismiss market fluctuations,,
,In what way does the theory of the firm guide producers in a competitive market environment?,By calculating total revenue as irrelevant to production decisions,By focusing strictly on consumer preferences,By solely increasing labor input,By analyzing optimal input-output levels,,
,How does negative marginal product impact the decisions regarding resource allocation?,Resources should be doubled,More resources should be added continuously,Resources are irrelevant,Additional resources should be withdrawn,,
,Why might a firm continue production despite experiencing diminishing marginal returns?,To decrease fixed costs,Because variable costs decrease,Total product is still increasing,Marginal product has no impact on production decisions,,
,How could the concept of returns to scale influence a firm's expansion strategy?,By revealing potential inefficiencies at larger scales,By demonstrating that increased input usage will automatically generate proportional revenue growth,By proving market demand for existing output alone,By disregarding the role of technological advancement,,
,Why is important to calculate average product alongside marginal product in production analysis?,Average product solely determines profit margins,Average product replaces the need for total product measurement,Average product provides context for efficiency per input,Average product calculation is unnecessary,,
,How could understanding economic profit change a firm's investment strategies?,By focusing solely on accounting profit,By disregarding revenue potential,By ignoring alternative markets,By considering opportunity costs for capital allocation,,
,In which way does fixed cost play a strategic role in price-setting for a firm?,"By ensuring prices cover total costs, including fixed and variable costs",By influencing only employee salaries,Fixed costs are not considered in pricing decisions,By decreasing sales revenue,,
,Why is it essential to consider both short-run and long-run production costs in strategic planning?,Strategic planning should focus primarily on input costs and labor expenses,Fixed and variable costs behave differently in the short run and long run,Short-run costs are the only relevant factor for production decisions,Long-run costs remain constant over time,,
,How can a firm utilize the production function to streamline its operational efficiency?,By prioritizing labor over capital indiscriminately,By ignoring any marginal analysis,By maximizing random input usage,By selecting an optimal mix of factor inputs for desired output levels,,
,How does scale of operation correlate with cost advantage in high production environments?,It always increases total cost regardless of production volume or efficiency gains,Larger scale reduces per-unit costs through learning economies,Scale of operation is irrelevant to cost structures,Smaller scales are inherently more efficient,,
,Why must firms actively monitor the relationship between marginal product and total product?,To identify the stage where increasing input yields lower total product gains,To optimize wages,Marginal product does not affect product quantity,To make total revenue estimation simpler,,
,How does the concept of opportunity cost create a broader perspective beyond mere profit computation?,By isolating revenue specifics and focusing on income streams,By determining salary distribution across departments,By emphasizing alternative resource uses,By affecting only fixed cost dynamics,,
,What is a fixed cost?,A cost associated with raw materials,A cost that changes with output,A cost that remains constant regardless of output,A cost that decreases as production increases,,
,What is the formula for total cost (TC) in economics?,TC = FC + VC,TC = FC - VC,TC = TR + FC,TC = TR - VC,,
,What does the variable cost depend on?,The interest rate,The firm's market share,The rent of the factory,The level of output produced,,
,Which of the following remains constant at all levels of output?,Fixed Cost,Total Cost,Marginal Cost,Variable Cost,,
,What is the equation for average total cost (ATC)?,ATC = VC / Q,ATC = TR / Q,ATC = FC / Q,ATC = TC / Q,,
,When do average fixed costs (AFC) decrease?,When fixed costs increase,When output decreases,When output increases,When variable costs increase,,
,Marginal cost is the cost of producing how many more units?,Two more units,One more unit,Fixed number of units,Ten more units,,
,What happens to average total cost (ATC) when marginal cost (MC) is less than ATC?,ATC increases,ATC doubles,ATC decreases,ATC remains the same,,
,Which cost curve is always downward sloping at first?,AVC,MC,ATC,AFC,,
,How is total revenue (TR) calculated?,TR = Price + Quantity,TR = Quantity / Price,TR = Price - Quantity,TR = Price × Quantity,,
,What is economic profit?,Revenue - Implicit and Explicit Costs,Revenue - Taxes,Revenue - Explicit Costs,Revenue + Implicit Costs,,
,What happens to the marginal cost curve due to diminishing marginal returns?,It becomes vertical,It slopes downward,It slopes upward,It remains flat,,
,Which cost component approaches zero as quantity increases?,Total Cost,Average Fixed Cost,Fixed Cost,Variable Cost,,
,Why do average total and average variable costs intersect with marginal cost at their minimum points?,Because of fixed costs,Because marginal cost is above them,Because marginal cost equals them at their minimum,Because of taxes,,
,What role does specialization play in costs?,It reduces marginal costs,It increases fixed costs,It restricts output,It increases variable costs,,
,What does AVC approach as output becomes very large?,MC,TC,AFC,ATC,,
,Which costs are considered when calculating accounting profit?,Explicit costs only,Both explicit and implicit costs,Neither explicit nor implicit costs,Implicit costs only,,
,What happens to average total cost (ATC) when fixed costs increase?,ATC becomes zero,ATC remains unchanged,ATC decreases,ATC increases,,
,Which curve does not shift when fixed costs change?,AFC,MC,ATC,AVC,,
,What is the implication of a cost being 'fixed'?,It changes with labor costs,It never changes,It changes due to inflation,It changes with quantity,,
,"In the short run, what type of costs do firms have?",No costs,Only variable costs,Only fixed costs,Both fixed and variable costs,,
,How are average costs determined?,By subtracting TC from Q,By dividing cost by quantity,By adding costs together,By multiplying cost by quantity,,
,When does ATC decrease?,When MC < ATC,When AVC < MC,When AVC > AFC,When MC > ATC,,
,What leads to an upward-sloping MC curve?,No returns,Increasing returns,Constant returns,Diminishing marginal returns,,
,What happens to cost curves if variable costs increase?,They shift downward,They become flat,They shift upward,They don't shift,,
,How does an increase in variable input costs affect the average variable cost (AVC) curve?,It shifts the AVC curve downward,It has no effect on the AVC curve,It causes the AVC curve to become horizontal,It shifts the AVC curve upward,,
,"If a firm experiences a decrease in fixed costs, what will be the impact on average total cost (ATC) when quantity is small?",ATC remains unchanged,ATC decreases significantly,ATC decreases marginally,ATC slightly increases,,
,What happens to the ATC and AVC curves when marginal cost (MC) is initially below both?,ATC increases while AVC decreases,Both ATC and AVC increase,Both ATC and AVC decrease,ATC decreases while AVC increases,,
,"In the context of short-run cost curves, what does it imply when the MC curve intersects the ATC curve?",The AVC is at its minimum,The MC is at its average,The ATC is at its minimum,The ATC is at its maximum,,
,When does the gap between the AVC and ATC curves decrease?,When variable costs decrease,When output increases,When output decreases,When fixed costs increase,,
,Why does AFC decrease as output increases?,Because fixed costs are distributed over more units,Because fixed costs increase with output,Because fixed costs decrease with each unit produced,Because variable costs increase with output,,
,How is the relationship between MC and AVC affected by diminishing marginal returns?,MC decreases as AVC increases,MC increases as AVC increases,MC decreases as AVC decreases,MC is unaffected by AVC,,
,What is the effect on total cost (TC) if only fixed costs increase while production remains constant?,TC increases,TC decreases,TC remains the same,TC is unaffected by fixed costs,,
,"In a graph of cost curves, where would you expect to find the AFC in relation to ATC and AVC?",Below both ATC and AVC,At the same level as ATC,Above AVC but below ATC,Above ATC but below AVC,,
,What happens to average total cost if a firm experiences increasing marginal returns initially?,ATC increases at first,ATC remains constant,ATC decreases at first,ATC rises sharply,,
,"If a firm wants to minimize its average total cost, at what point should it operate?",Where AVC is maximized,Where AFC is minimized,Where ATC is minimized,Where MC is maximized,,
,Why do firms experience diminishing marginal returns in the short run?,Due to increases in fixed costs,Due to limitations on variable inputs,Due to increasing fixed inputs,Due to excessive specialization,,
,What is one reason the MC curve might shift upward?,An increase in labor productivity,A decrease in variable inputs,A reduction in fixed costs,An increase in input prices,,
,How does a firm calculate its economic profit margin?,By subtracting average cost from price per unit,By subtracting opportunity costs from accounting profits,By subtracting accounting profit from total revenue,By subtracting all explicit and implicit costs from total revenue,,
,Under what condition will AFC approach zero?,When variable costs decrease,When production output approaches zero,When fixed costs increase,When the number of units produced is very large,,
,What is the result on ATC if the MC is exactly equal to the ATC?,ATC decreases,ATC stays constant,ATC increases,ATC becomes undefined,,
,"When output increases, which gap tends to narrow between the two cost curves?",Between AVC and MC,Between MC and ATC,Between AFC and MC,Between ATC and AVC,,
,What effect does increasing specialization have on the production cost?,It increases AVC,It decreases MC,It decreases TC overall,It increases AFC,,
,"In the short run, why might the total cost curve become steeper?",Due to decreasing marginal returns,Due to decreasing variable costs,Due to constant fixed costs,Due to increasing fixed costs,,
,"If both AVC and ATC are increasing, what can be inferred about MC?",MC is less than AVC,MC is greater than ATC,MC is equal to AFC,MC is declining,,
,Why does the marginal cost (MC) curve have a U-shape in the short run?,Due to initial increasing returns followed by diminishing marginal returns,Due to constant returns to scale,Due to linear variable costs,Due to fixed costs decreasing over time,,
,How does the relationship between specialization and marginal cost affect production decisions?,Specialization has no effect on marginal cost,Increased specialization always increases marginal cost,Specialization reduces marginal cost until diminishing returns set in,Specialization leads to constant marginal cost,,
,"Given that total cost (TC) is composed of fixed cost (FC) and variable cost (VC), why does the TC curve start above the VC curve on a graph?",Because TC includes a profit margin that must be added to production costs,"Because FC is always present in TC, even when output is zero",Because VC starts at negative values initially,Because the graph shows different time periods for each curve,,
,Why is understanding economic costs important for evaluating a firm's profitability in the short run?,It focuses exclusively on accounting measures and financial statements,It reveals fixed costs only,It includes both explicit and implicit costs,It ignores opportunity costs completely,,
,In what scenario would a firm's average fixed cost (AFC) be significantly impactful in decision-making?,When output levels are very high and economies of scale are maximized,When total revenue exceeds total cost by substantial margins,When output is low and fixed costs are high,When variable costs are decreasing rapidly,,
,How do diminishing marginal returns affect the slope of the total cost (TC) curve?,It causes the TC curve to flatten as output increases,It makes the TC curve horizontal,It results in a steeper TC curve due to increased marginal cost,It does not affect the slope of the TC curve,,
,Why would a perfectly competitive firm's supply curve be related to its marginal cost (MC) curve?,"Because in perfect competition, the price equals marginal cost, guiding supply levels",Because the supply curve reflects total fixed costs,Because the supply curve is derived from average costs,Because the MC curve represents total revenue,,
,How do changes in input costs influence the position of various cost curves?,All cost curves shift with input cost changes,"Both AVC and ATC shift, but AFC remains unaffected by input costs","All cost curves shift except MC, which stays in its original position",Only AFC is affected,,
,How does an increase in fixed costs impact a firm's decision-making in the short run?,It causes the supply curve to shift and become horizontal,It raises average total cost and reduces profitability,"It directly increases marginal cost, leading firms to reduce their production quantity",It leads to a reduction in variable costs,,
,Why is the distinction between accounting profit and economic profit crucial for business strategy?,It eliminates consideration of implicit costs,It shows net profit after taxes,It highlights opportunity costs and helps make better long-term strategic decisions,It only quantifies cash flow,,
,What is the significance of the intersection point between the marginal cost (MC) and average total cost (ATC) curves?,The minimum point of ATC,It indicates the maximum average total cost in the short run,It represents maximum MC,It shows where AFC begins to increase,,
,How might a change in production technique affect the average variable cost (AVC) and average total cost (ATC) curves?,Only ATC shifts downward,Neither curve is affected,"Only AVS shifts, with no impact on ATC","It causes both curves to shift, reflecting changes in efficiency",,
,How can a firm leverage the relationship between MC and AVC to optimize production levels?,By maintaining output where MC is below AVC to minimize costs,By increasing output until MC equals AVC,By ensuring MC is always above AVC,By targeting the level where MC intersects AVC at its minimum,,
,Why does AFC have no impact on the marginal cost (MC) and decision-making related to production?,Because AFC directly influences total revenue calculations and profit margins,Because AFC is fixed per unit and doesn't change with additional output,Because AFC changes rapidly as production levels increase,Because AFC is a component of variable costs,,
,Which principle explains the initial decline in marginal cost before increasing due to diminishing returns?,Specialization,Average fixed cost theory,Increasing marginal costs,Constant returns,,
,Why is it important for businesses to understand the cost curves' behavior in terms of strategic planning?,To optimize production levels and manage costs effectively,It provides essential data for calculating corporate tax liabilities and compliance requirements,It ensures no changes in average costs,It allows for ignoring fixed cost influences,,
,How do short-run production costs influence firms' pricing strategies in competitive markets?,By focusing mainly on fixed costs rather than variable costs,By allowing firms to set prices above competitors',By eliminating the need for profit calculation,By setting a price floor at marginal cost,,
,What strategic advantage does understanding diminishing marginal returns provide to a firm in the short run?,It allows for constant production levels,It eliminates the need for cost assessment,It ensures labor reduction,It helps identify optimal input utilization before efficiency declines,,
,How does the integration of both opportunity costs and explicit costs enrich the concept of economic costs?,By focusing exclusively on the fixed costs that businesses must pay regardless of production levels,By providing only an accounting perspective that ignores economic realities,By measuring true resource use and trade-offs,By excluding the implicit benefits that alternative choices might have provided,,
,In what way does the understanding of fixed and variable costs facilitate long-term investment decisions?,By disregarding capital expenses and focusing on operational costs,By eliminating output variability considerations,By predicting revenue and profitability trends,By focusing only on immediate expenses,,
,What is the definition of long-run costs?,Costs that remain fixed in nature over time,Costs that are never minimized by firms,Costs related to asset depreciation,Costs with all variable factors,,
,"When all factors of production are variable, what can firms do?",Minimize costs,Reduce their overall sales revenue,Only change labor inputs,Increase production costs,,
,"In the long run, firms can change which of the following?",Plant capacity and output level,Only prices,Only wages,Market competition,,
,What does SRATC stand for?,Specific Resource Allocation Total Cost,Short Run Average Total Cost,Standard Rate Annual Total Cost,Strategic Rate Active Total Cost,,
,What usually causes high average total cost in the beginning of production?,Low production and mass production obstacles,Increased advertising costs,Economic downturns,High wages,,
,What is the LRATC curve?,A production guideline,A financial statement,A line showing market demand,Long Run Average Total Cost curve,,
,What results in the U-shape of the LRATC curve?,Marketing strategies and promotional campaigns,Price control measures,Economies and diseconomies of scale,Tax regulations,,
,Economies of scale lead to what?,Decreased output,Increased total cost per unit,Increased unit prices,Decreased total cost per unit,,
,Diseconomies of scale occur when what happens?,Production decreases,Total cost per unit increases,Production remains constant,Total cost per unit decreases,,
,Which of the following describes constant returns to scale?,Output increases proportionally with inputs,Production costs fluctuate unpredictably with changes in output levels,Output increases faster than inputs,Output increases slower than inputs,,
,What does ATC stand for in economics?,Aggregate Trade Cost,Actual Transaction Cost,Average Total Cost,Adequate Time Calculation,,
,What is a key factor in determining LRATC?,Generic economies,Average total cost at each output level,Fixed wages,Constant depreciation,,
,A firm is said to experience diseconomies of scale when:,Production increases cost per unit,Production decreases cost per unit,Labor productivity increases,Quality improves,,
,In what phase do firms reduce costs by increasing plant capacity?,Economy phase,Cost-heavy phase,Diseconomies of scale,Economies of scale,,
,When does a firm experience constant returns to scale?,When output fluctuates randomly,When costs decrease as output increases,When costs stay constant,When costs increase as output increases,,
,What describes the period when all costs become variable?,Long run,Short run,Medium run,Immediate run,,
,Which area on the LRATC curve represents diseconomies of scale?,The lowest point of the curve,Right side,The flat middle portion where costs remain constant,Left side,,
,What effect does an increase in production have during economies of scale?,Costs decrease,Costs increase slightly,Costs remain constant,Costs increase significantly,,
,"In long-run production, firms focus on minimizing which cost?",Fixed cost,Marginal cost,Average variable cost,Average total cost,,
,How does plant capacity influence production costs?,By establishing fixed pricing strategies,By setting marketing budgets,By changing ATC at each output level,By determining wages,,
,At which production phase do costs per unit start to rise again?,Diseconomies of scale,Development and initial startup phase,Initial phase,Capacity phase,,
,The lowest point on a LRATC curve indicates what?,High cost per unit,High production,Minimal cost per unit,Constant returns,,
,What minimum point in the production process impacts market structure?,Surplus inventory,Fixed cost,Excess production,Minimum efficient scale,,
,"In long-run analysis, what typically becomes variable?",All input costs,Only fixed costs,Only material costs,Only labor costs,,
,What typically shifts a firm onto the LRATC curve?,Fixed contracts and supplier agreements,Technology changes,Minimum ATC point,Market fluctuations,,
,How does increasing plant capacity affect the long-run average total cost?,It remains constant,It always increases,It always decreases,"It decreases, then increases after a certain point",,
,Which of the following is a primary cause of economies of scale?,Improved managerial efficiency,Fluctuating interest rates,High employee turnover,Increased advertising costs,,
,Under which condition will a firm experience constant returns to scale?,When unit costs remain unchanged as production increases,When reducing production leads to higher unit costs,When marginal costs exceed average total costs,When expanding production results in higher unit costs due to inefficiencies,,
,Why might a firm experience diseconomies of scale?,Reduced fixed costs per unit of output,Efficient supply chains,Optimal plant capacity usage,Bloated management,,
,Which curve shows the lowest achievable average total cost at various output levels?,LRATC curve,MC curve,Demand curve,MR curve,,
,How do increased output levels directly affect the LRATC curve initially?,By decreasing average total costs,By making average total costs constant,By causing no change,By increasing average total costs,,
,What typically follows once a firm surpasses its efficient scale?,Constant returns to scale,Minimal product differentiation,Economies of scale,Diseconomies of scale,,
,How is the minimum efficient scale related to the market structure?,Sets the demand schedule,Dictates advertising budgets,Determines product pricing,Influences the number of firms in the market,,
,During which stage do firms most effectively use mass production techniques?,Early production stages,Experiencing diseconomies of scale,Achieving economies of scale,In constant returns to scale,,
,What role does specialization play in influencing economies of scale?,Discourages capital investment,Helps reduce average total costs,Causes market prices to rise,Leads to increased average total costs,,
,When does managing excessive production levels become costly?,During constant returns to scale,Always,During diseconomies of scale,During economies of scale,,
,Why do many SRATC curves appear to straddle the LRATC curve?,They indicate varying fixed costs across different time periods,They are tangent to the LRATC at optimal output,They represent different production technologies,They show multiple phases of optimal production,,
,What happens to output when firms use their entire plant capacity efficiently?,Output destabilizes,Output becomes constant,Output maximizes while minimizing unit cost,Output decreases,,
,What determines the position of the LRATC curve?,Temporary market conditions and short-term fluctuations,Fixed resources only,Variable factors,Short-term financial loans and credit availability,,
,Which of the following would likely decrease if a firm experiences diseconomies of scale?,Communication issues,Administrative complexity,On-time delivery rates,Cost-per-unit production,,
,What typically happens to the average total cost during the initial phase of increased production?,It decreases due to economies of scale,It remains constant throughout the production process,It becomes erratic and unpredictable,It increases linearly with output,,
,Why do constant returns to scale occur at a certain production range?,Due to random price fluctuations in the market,Due to input-output efficiency,Due to external market pressures,Due to irregular production,,
,What factor most directly impacts whether a firm achieves economies of scale?,Advertising strategies,Increasing labor costs,Plant capacity expansion,Interest rate drops,,
,"In the long run, why can all costs be considered variable?",Prices always stabilize,Firms can alter all production factors,Innovation is widespread,Fixed costs disappear,,
,How does the concept of economies of scale connect with reduced per-unit costs?,Through increased production volume,By responding to volatile commodity markets,Through decentralized management,By strengthening collective bargaining,,
,Why does the ability to adjust plant capacity in the long run allow firms to potentially achieve economies of scale?,It enables firms to hire more executives and expand management structures,It reduces the need for market research,It allows optimal input combinations,It leads to decreased overhead costs,,
,How does the concept of 'tangent ATCs' at different output levels illustrate the efficiency of using the LRATC curve?,By demonstrating random production fluctuations across various time periods,By indicating fixed resource allocation,By showing lowest cost at each scale,By revealing constant returns at all production stages,,
,Why might a firm experience increasing costs despite increasing output during diseconomies of scale?,Enhanced workforce motivation,Increased complexity in management structures,Improved technological innovation,Larger market share acquisition,,
,How might a firm's strategy differ when targeting economies of scale compared to diseconomies of scale?,By minimizing variable input usage to maintain efficiency,By maintaining higher fixed costs,By focusing on extensive automation and technological integration,By reducing production scale,,
,In what way does specialization contribute to the shape of the LRATC curve?,By creating unpredictable fluctuations in consumer demand,By decreasing production efficiency,By increasing labor costs,By improving production efficiency,,
,Why do firms often struggle to manage inputs beyond a certain level of output leading to diseconomies of scale?,Communication becomes less efficient,Government regulations become more restrictive,Market demand for the product decreases,Insufficient capital resources,,
,How can the LRATC curve help a firm determine its optimal scale of production?,By analyzing short-term market fluctuations and pricing trends,By identifying the point of maximum total production costs,By finding the lowest average cost output level,By indicating optimal capacity through random variations,,
,What is the significance of achieving constant returns to scale for a firm's cost management strategy?,It shows that input costs increase exponentially with production volume,Production increases yield no additional cost advantages,It indicates that only fixed costs are being covered by revenue,It suggests focusing more on marketing strategies,,
,How does the interaction between various SRATC curves contribute to the eventual LRATC curve shaping?,By starting at the highest cost point for comparison,By showing fixed production levels,By fluctuating outcomes randomly,By determining the lowest ATC in each short-run scenario,,
,Why might a firm opt to reduce production to avoid diseconomies of scale?,To deliberately slow down technological advancement and innovation,To control costs and improve efficiency,To completely eliminate all fixed costs from operations,To reduce market share,,
,How does the LRATC curve embody the interplay between economies and diseconomies of scale?,By showing where cost advantages become disadvantages,By focusing exclusively on labor resource allocation and workforce efficiency,By displaying constant resource use across all output levels,By maintaining a downward linear trajectory,,
,How does increasing plant capacity relate to the phases of the LRATC curve?,By maintaining immediate production levels,By leading directly to fixed costs increase,By potentially moving from economies to diseconomies of scale,By reducing the importance of variable inputs,,
,What role does the equilibrium output level play in long-run production costs?,It represents the point where production inefficiencies are maximized,It acts as the highest price point for products in the market,It highlights total market costs across all firms,It represents minimum ATC,,
,"By understanding the LRATC curve, how can firms adjust their strategic focus for long-term success?",By ignoring technological innovations,By overproducing to flood the market,By limiting the scope of their production capabilities,By identifying phases of cost reduction opportunities,,
,How does the concept of scale impact decision-making regarding resource allocation in the long run?,By requiring only fixed labor,By emphasizing traditional production methods,By stabilizing market dynamics,By optimizing the usage of resources to achieve lower costs,,
,How does the U-shape of the LRATC curve guide firms in adjusting operational scales?,"By guiding through phases where increasing output first lowers, then raises costs",By causing random shifts in production,By maintaining set price levels,By indicating mandatory resource constraints,,
,How can larger production facilities fail to manage costs effectively at some point?,By creating management complexities,By fostering internal competition among departments,By reducing workforce capabilities,By increasing bargaining power with suppliers,,
,What critical factor often leads to firms experiencing both economies and diseconomies of scale?,Production and managerial efficiency,Changes in international trade regulations and policies,Market saturation effects,Labor negotiation constraints,,
,Why is understanding the LRATC curve essential for predicting market entry opportunities?,It forces production halts during economic downturns,It reveals optimal scale cost advantages,It defines constant resource use across all production levels,It dictates promotional spending,,
,What does achieving economies of scale imply about a firm’s competitive positioning?,It isolates the firm from markets,It suggests a potential advantage in pricing and cost leadership,It indicates decreased efficiency,It triggers lower investment levels,,
,What does profit mean in economics?,Revenue equals costs,Total revenue is greater than total costs,Total revenue is less than total costs,Costs exceed revenue,,
,What is accounting profit?,Total revenue minus explicit costs,Revenue minus opportunity costs,Total revenue minus implicit costs,Total explicit and implicit costs,,
,Which of the following represents a cost considered in accounting profit?,Opportunity costs,Normal profit,Implicit costs,Explicit costs,,
,What is economic profit?,Total revenue minus explicit and implicit costs,Accounting profit minus implicit costs,Total costs minus opportunity costs,Total revenue minus explicit costs,,
,What do implicit costs represent in economic profit calculation?,Total production costs,Wages paid to employees,The value of the owner's next best alternative,The cost of raw materials,,
,Which term describes a situation when economic profit equals zero?,Economic loss,Supernormal profit,Normal profit,Economic gain,,
,What does it mean when a firm experiences a normal profit?,The firm is breaking even in economic terms.,The firm is making negative accounting profit.,The firm is losing money on every sale.,The firm is earning a supernormal profit.,,
,What does economic loss indicate?,Revenue is equal to costs,Costs are negligible,Revenue is less than costs,Revenue is more than costs,,
,How do firms typically respond to economic profit?,Reduce production,Increase production,Maintain current production,Close completely,,
,"In the long-run, what are profits that exceed normal profit called?",Economic profits,Accounting profit,Normal profit,Economic rents,,
,What would be considered an explicit cost?,Rent paid for a storefront,Foregone salary,Missed investment returns,Free time sacrificed,,
,Which profit type involves comparing revenue to only explicit costs?,Normal profit,Accounting profit,Supernormal profit,Economic profit,,
,What results when total revenue equals total explicit and implicit costs?,Accounting profit,Economic loss,Economic profit,Normal profit,,
,What does a negative economic profit suggest?,Revenue covers all costs including opportunity costs,The firm is outperforming market expectations,The firm isn't covering all its costs,Costs become irrelevant to decision making,,
,What should a firm consider to calculate economic profit?,Implicit and explicit costs,Only implicit costs,Future revenue projections,Only explicit costs,,
,"If a firm's total revenue is less than total costs, what action might it take?",Decrease production,Increase production,Maintain production levels,Expand operations,,
,What is the first step in calculating accounting profit?,Subtract explicit costs from total revenue,Calculate economic loss,Forecast future revenue,Identify implicit costs,,
,Which profit is associated with foregoing an alternative income for business operation?,Economic profit,Explicit profit,Accounting profit,Business profit,,
,Which costs are not included in accounting profit calculations?,Fixed costs,Variable costs,Explicit costs,Implicit costs,,
,When are supernormal profits earned?,When economic profits exceed normal profits,When implicit costs are completely ignored in calculations,When total revenue equals total costs,When total costs exceed revenue,,
,What is the role of opportunity cost in economic profit?,It's irrelevant,It increases accounting profit,It helps determine implicit costs,It decreases accounting profit,,
,Which response is common when firms experience sustained economic loss?,Ignore and continue business as usual,Raise prices significantly,Cut costs or exit the market,Expand operations quickly,,
,How is normal profit related to economic profit?,Normal profit is calculated without considering revenue,Normal profit results in negative economic profit,Normal profit occurs when economic profit equals zero,Normal profit is always higher than economic profit,,
,"If a firm makes decisions based on profits rather than losses, they are reacting to:",Past profits,Only implicit costs,Economic profits,Only costs,,
,What typically causes firms to react by increasing production?,Economic profits,Accounting profits are negative,Sustained economic losses,Breaking even,,
,How does the decision to increase production relate to economic profit?,Economic profit does not affect production levels.,Firms increase production when economic profit is negative.,Firms increase production when economic profit is positive.,Increasing production is unrelated to economic profit.,,
,What could be a consequence for a firm that regularly experiences economic losses?,It will expand its operations rapidly.,It may need to reduce costs or exit the market.,It can continue unaffected indefinitely.,It will likely increase its workforce.,,
,How does economic profit compare to accounting profit when implicit costs are high?,Economic profit is lower than accounting profit.,Economic profit will always exceed accounting profit regardless of implicit costs.,Economic profit equals accounting profit in all scenarios.,Accounting profit falls when implicit costs rise.,,
,Why might a firm earn supernormal profits in certain market structures?,The firm deliberately ignores all implicit costs when calculating profits.,Consistently reducing prices below cost.,Unique market conditions like monopoly power.,Due to perfect competition in the market.,,
,What role do implicit costs play in determining whether a firm is making an economic profit?,They are included in both accounting and economic profit.,Implicit costs are irrelevant to economic profit.,They reduce the amount of economic profit calculated.,They increase the economic profit.,,
,How does assuming a normal profit affect the calculation of a firm's economic outcome over time?,It implies the firm is consistently outperforming the market and exceeding expectations.,It indicates that the firm has significant room for growth and expansion.,It shows the firm is operating satisfactorily.,It suggests the firm will eventually face losses.,,
,What inference can be made about a firm that consistently returns an economic profit?,It suggests the firm may need to shut down soon.,It indicates that the firm has no competitive advantages.,It is likely leading to expanded market competition.,It implies the explicit costs are not being met.,,
,Why would a firm potentially experience normal profit in a perfectly competitive market?,As a result of supernormal profits.,Because explicit costs exceed revenue.,Due to zero economic profits leading to consistency.,Because all implicit costs are neglected.,,
,What could be a reason for a firm to calculate economic profit instead of only accounting profit?,To include both explicit and implicit costs in profitability analysis.,To simplify calculations by removing the need to track opportunity costs.,To focus solely on cash flows without considering alternative investments.,To boost reported earnings for shareholders and potential investors.,,
,How does economic profit affect a firm's operational strategies?,It encourages firms to exit volatile markets immediately.,Positive economic profit drives expansion.,Economic profit requires firms to focus exclusively on cost reduction.,It leads to decreased production regardless of profit level.,,
,In what case would a firm decide to cease operations based on profit analysis?,When economic losses are sustained over a substantial period.,When normal profit matches accounting profit.,When economic profit is consistently zero.,When implicit costs are negligible.,,
,What is a significant impact of accounting profit on internal business decisions?,It automatically forces companies to raise their prices immediately.,It helps identify explicit costs for budgeting.,It requires mandatory workforce reductions across all departments.,It completely disregards revenue streams.,,
,Why might a business achieve only normal profit in the long-run?,Implicit costs are fully covered by revenues.,The firm experiences a sudden increase in consumer demand.,The business consistently operates at a loss over time.,Government regulations limit market competition.,,
,What condition would lead to a higher accounting profit compared to economic profit?,When explicit costs are significantly higher than implicit costs.,When economic profit becomes the primary business focus.,When normal profit calculations are completely disregarded.,High implicit costs exist.,,
,In what situation might a firm underreport its economic profit?,When accounting costs surpass implicit costs.,When implicit costs are underestimated or ignored.,When all implicit costs are accounted for accurately.,When the firm is in a monopolistic market.,,
,What conclusion can be drawn about a firm operating with negative economic profit?,It's failing to cover all implicit and explicit costs.,It's operating in perfect competition.,It's investing in future growth.,It's guaranteed to make accounting profit.,,
,How is the concept of breaking even related to normal profit?,Breaking even results in economic losses for the firm.,Breaking even occurs only when accounting profit is positive.,Breaking even means zero economic profit.,Breaking even is impossible when any profit exists.,,
,What inference may be made when a business continually achieves supernormal profits?,The business will face inevitable immediate losses.,There is an excess of industry regulation.,The firm likely possesses a competitive edge or monopoly.,The business is undercut by competitors.,,
,What impact does recognizing implicit costs have on profit reporting?,It greatly inflates accounting profit and creates misleading financial statements.,It increases reported revenues and enhances overall business performance metrics.,It reduces economic profit below accounting profit.,It completely eliminates all forms of accounting-based profit calculations.,,
,Why might economic profit provide a more accurate depiction of a firm’s financial health than accounting profit?,It ignores fixed and variable costs.,It accounts for all opportunity costs affecting true profitability.,It includes all irrelevant costs.,It omits explicit and implicit costs.,,
,Why is it significant for a firm to distinguish between accounting and economic profit?,Both accounting and economic profit calculations are required by law for annual tax reporting purposes.,To understand how opportunity costs affect true profitability.,Accounting profit alone provides a clear picture of business operations.,Economic profit ignores explicit costs to focus on market trends.,,
,How does the concept of normal profit influence strategic business decision-making?,Normal profit encourages firms to take more risks in competitive markets.,It leads firms to innovation since they break even in economics terms.,"Firms view normal profit as a loss, prompting exit from the market.",Normal profit indicates efficient resource allocation.,,
,Why might a monopoly be more likely to earn supernormal profits in the long run?,Monopolies can set artificially low prices to eliminate competition.,"Competitive pressures do not affect monopolies, allowing sustained higher pricing.",Constant innovation requires lower profit margins.,Monopolies ignore both explicit and implicit costs in profit calculations.,,
,How could a firm misinterpret its financial health by only considering accounting profit?,Accounting profit provides comprehensive insights into market expansion strategies and competitive positioning.,The firm would neglect potential hidden opportunities.,Overlooking implicit costs creates false confidence about profitability.,It might overestimate costs and underestimate revenue.,,
,Why is it vital to recognize both explicit and implicit costs when analyzing economic profit?,Both costs give a complete view of profitability and opportunity cost.,Economic profit calculations require ignoring all explicit costs entirely.,To ensure that explicit costs are minimized throughout production.,Implicit costs solely determine the firm's market position.,,
,How does awareness of opportunity costs improve a firm's market strategies?,Considering opportunity costs discourages diversification.,Opportunity costs have no real impact on strategic decisions.,"By navigating opportunity costs, firms can better allocate resources.",Firms can focus entirely on increasing explicit costs.,,
,Why might firms that calculate only a positive accounting profit still struggle in the market?,Accounting profit ignores implicit costs.,They face excessive explicit costs that reduce their competitive advantage.,Focusing on accounting profit leads to operational inefficiencies.,The firm lacks competition.,,
,How does distinguishing between the types of profit help firms when entering a new market?,It allows firms to ignore implicit costs during their initial market expansion phase.,It guides pricing strategies to avoid supernormal profits.,Firms can better evaluate if economic profit justifies entry costs.,Businesses emphasize the least costly market entry.,,
,What connection exists between economic losses and production decisions?,Economic losses often trigger production reduction or termination.,Economic losses generally lead to increased marketing expenditures.,Losses have no impact on production levels.,They compel firms to expedite R&D investment.,,
,How does economic profit provide insight into resource optimization?,It helps firms ignore irrelevant resource expenses.,Economic profit calculations demand uniform resource allocation across all sectors.,It drives efficient resource use by assessing all costs.,Implicit costs greatly distort resource efficiency metrics.,,
,Why is it crucial for firms to assess both economic and accounting profit when planning for growth?,It helps overlook default in operational efficiency demands.,Dual assessment is only relevant when entering international markets.,Both types give a complete understanding of current financial standing and future potential.,It means focusing overly on minimizing tax obligations.,,
,What rationale might a firm have for maintaining operations when economic profit is zero?,"Normal profit still translates to positive accounting profit, indicating viability.",Operational persistence ensures long-term monopolistic control.,Zero economic profit implies unique growth opportunities.,Zero economic profit indicates unavoidable failure.,,
,Why is consistent supernormal profit not sustainable in competitive markets?,High profits lead to excessive resource allocation.,They indicate potential underperformance in innovation.,"It attracts new entrants, increasing competition.",Supernormal profits reduce operational effectiveness.,,
,How do economic profit calculations influence competitive pricing strategies?,Pricing decisions are based exclusively on accounting profit margins.,Economic profit analysis prevents arbitrary price cuts.,By reducing only explicit costs.,They allow firms to systematically undercut competitor prices.,,
,Why might a firm experience divergence between accounting and economic profit during a growth phase?,Growth phases amplify explicit costs dramatically.,Economic profit keeps explicit constant amid dynamic implicit costs.,Accounting profit is inherently economic during growth.,Implicit costs rise as firms forgo alternative investments leading to economic profit variation.,,
,What strategic miscalculations might occur if a firm ignores economic losses?,It results in accidental expansion into unprofitable markets.,Management focuses solely on competitor acquisitions.,The firm overlooks vital adjustment opportunities.,Ignoring losses ensures long-term resilience and stability.,,
,How can the evaluation of implicit costs reshape a firm's approach to investment?,Implicit cost analysis requires firms to eliminate all operational investments immediately.,Ignoring implicit costs will always improve short-term investment outcomes.,Firms can prioritize higher-return alternatives by recognizing implicit costs.,It undermines current investment strategies while focusing primarily on liquidity.,,
,Why might economic profit serve as a more reliable indicator of a firm's market competitiveness?,Accounting variables tend to overshadow the most important profitability metrics.,It maintains a singular focus on explicit costs for clarity.,"Economic profit accounts for all costs, revealing true competitive strength.",Temporary market pressures determine economic competitiveness directly.,,
,What approach should firms take when relying on both accounting and economic profit evaluations?,Double down on implicit cost modeling for nuanced profitability assessment alone.,Solely focus on accounting mechanisms given direct cost visibility.,Emphasize rapid growth ignoring current losses.,Combine insights from both to balance external operations and internal efficiencies.,,
,How does the interaction of explicit and implicit costs influence decision making?,It provides a comprehensive view for strategic planning.,It requires companies to completely abandon traditional profit analysis methods.,Implicit costs undermine strategic coherence.,Focusing on implicit costs alone maximizes cost-cutting.,,
,What is the primary goal of a firm according to the theory of the firm?,Employee satisfaction,Environmental sustainability,Profit maximization,Market expansion,,
,"In microeconomics, what are the two main sections the field is split into?",Market theory and producer theory,Consumer theory and producer theory,Supply chain theory and consumer theory,Consumer theory and business theory,,
,What equation represents the profit-maximizing rule?,AR = AC,P = MC,MR = MC,TR = TC,,
,"When MR > MC, what should a firm do?",Ignore it,Increase production,Maintain production,Reduce production,,
,"When MR < MC, a firm is advised to:",Innovate the product,Reduce production,Keep production the same,Increase production,,
,What is achieved at the point where MR = MC?,Sales maximization,Profit maximization,Loss minimization,Cost reduction,,
,"If a firm's goal is to maximize profits, what two factors should they compare?",Sunk costs and opportunity costs,Total revenue and total cost,Marginal revenue and marginal cost,Average cost and average revenue,,
,What does MR stand for in economic terms?,Marginal returns,Median revenue,Market revenue,Marginal revenue,,
,What does MC stand for in economic terms?,Marginal cost,Mean cost,Maximum cost,Minimum cost,,
,When is profit maximized for a firm?,When production is minimal,When TR = TC,When MC > MR,When MR = MC,,
,Microeconomics split focuses on consumer theory and:,Labor theory,Trade theory,Macroeconomic theory,Producer theory,,
,What should a firm do if producing another unit will increase costs more than revenue?,Continue current production,Total shutdown,Increase production,Decrease production,,
,Which line on a graph represents the slope of total cost?,Marginal revenue,Marginal cost,Total revenue,Demand curve,,
,Which line on a graph indicates the slope of total revenue?,Marginal cost,Marginal revenue,Total cost,Supply curve,,
,What is the significance of the point where MR = MC?,It represents equilibrium price,It represents profit maximization,It represents the shutdown point,It represents cost minimization,,
,A firm should continue producing units as long as:,Market demand is high,TR < TC,AC = AR,MR > MC,,
,What happens to profit when MR = MC?,Profit is maximized,Profit is negative,Profit is unknown,Profit is reduced,,
,What factor is NOT directly compared for profit maximization?,Market price,Marginal revenue,Total revenue,Marginal cost,,
,"When MR < MC, producing more will:",Have no effect on profit,Maximize output,Decrease profit,Increase profit,,
,"In the context of the firm, what does profit maximization ensure?",Maximum profits,Minimum losses,Market share increase,Higher employee wages,,
,What is the primary decision rule for a firm aiming to maximize profit?,Increase revenue only,Reduce costs only,Hold steady on production levels,Ensure MR = MC,,
,"According to the profit maximization theory, firms aim to produce where:",MR equals MC,Marginal benefit exceeds marginal cost,TR equals TC,Fixed costs are minimized,,
,What outcome occurs if a firm stops producing when MR = MC?,Losses are incurred,Profit is unknown,Profit maximization,Break-even point,,
,Which concept involves analyzing additional benefits relative to additional costs?,Market analysis,Average analysis,Economic outlook,Marginal analysis,,
,Why should a firm reduce production when MR < MC?,To increase sales,To boost employee morale,To minimize losses,To maximize market share,,
,"If a firm is operating at a level where MR > MC, what is the most likely next step for the firm to increase profits?",Increase output,Reduce output,Maintain current output,Lower product price,,
,Why might a firm choose not to produce at a quantity where MR = MC if market conditions change?,MR and MC are no longer valid,Fixed costs increase,Variable costs are lower,Market demand has shifted,,
,What does a graphical representation of total revenue and total cost curves help illustrate?,Employee productivity,The relationship between revenues and costs,Break-even analysis,The initial investment cost,,
,Which condition signals that a firm is losing potential profit by not increasing output?,TR > TC,MC = AC,MR > MC,MR < MC,,
,How does the slope of the marginal cost curve relate to profit maximization decisions?,It helps identify where MR = MC,It indicates where costs increase,It affects market demand,It determines maximum revenue,,
,Why is the equilibrium where MR = MC crucial for firm decision making?,It minimizes variable costs,It indicates maximum sales,It aligns with industry trends,It balances additional revenue and cost,,
,What economic concept is used to determine whether to produce an additional unit?,Comparative advantage,Opportunity cost,Marginal analysis,Economies of scale,,
,In what scenario would a firm reduce production to optimize profit?,When TR < TC,When fixed costs decrease,When MR > MC,When MR < MC,,
,What happens when MR = MC in terms of cost and revenue?,Cost of last unit equals revenue of last unit,Price equals average cost,Total cost equals total revenue,Fixed cost equals variable cost,,
,Which factor might cause a firm to operate at a profit-maximizing level that isn’t sustainable long-term?,High initial investment,Market saturation,Rising fixed costs,Temporary demand spike,,
,Why do firms use the profit-maximizing rule across different market structures?,It adapts to consumer preferences,It optimizes profit irrespective of market power,It ensures price control,It reduces production costs,,
,How does the profit-maximizing condition (MR = MC) relate to marginal analysis?,It eliminates the impact of fixed costs on production decisions,It guides economic decision-making,It focuses on short-term benefits rather than long-term sustainability,It predicts total profits accurately,,
,What risk does a company face if it consistently produces where MR < MC?,Decreased employee satisfaction,Innovation stagnation,Continuous profit losses,Increased market share,,
,"When MR = MC, what can be inferred about the firm’s production level?",It should continue at current level,It should expand operations,It should decrease production,It should halt production,,
,What does the intersection of MR and MC curves signify on a graph?,Profit maximization point,Maximum total revenue,Break-even point,Highest fixed cost,,
,"If a firm finds its MR is less than MC, what immediate action should be taken?",Assess long-term objectives,Reduce output,Raise product price,Increase output,,
,"By producing where MR = MC, a firm ensures that:",Profit reaches its peak potential,All costs are recovered,The marginal unit cost equals revenue,Market share is optimized,,
,What happens if a firm produces one more unit and MC exceeds MR?,Total revenue will increase substantially,Marginal loss occurs,Economies of scale occur,Overall cost decreases,,
,"For a firm, continuously maximizing output without considering MC can lead to:",Operational loss,Increased efficiency,Higher profit margins,Improved market dominance,,
,The theory of the firm suggests that the main objective is to:,Increase market influence,Maximize economic profits,Maximize shareholder wealth,Diversify product offerings,,
,How does the concept of opportunity cost integrate with the profit maximizing rule of MR = MC?,It affects only the MC calculation,It provides a basis for marginal analysis decisions,Opportunity cost is irrelevant in MR = MC analysis,It determines the next best alternative in production,,
,Why is MR = MC considered a point of equilibrium for firm production?,"It balances additional revenue and cost, optimizing profits",It ensures maximum cost recovery,It minimizes total production costs,It aligns with consumer demand perfectly,,
,How might a company’s market structure influence its reliance on the MR = MC rule?,Perfect competition relies less on marginal analysis,Monopolistic firms ignore MR = MC,Firms in competitive markets have less control over MR and MC,Oligopolies cannot calculate MR or MC,,
,Explain why firms have the potential to earn more marginal profit when MR > MC.,Due to the increasing returns to scale in production,Additional revenue exceeds additional cost,Due to greater consumer demand in the market,Because total costs are minimized,,
,In what way does marginal analysis underlie the profit maximizing rule in economic decision-making?,It averages total revenue and total cost over time,It focuses on the absolute levels of profit and costs rather than changes,It compares incremental benefits to incremental costs,It ensures minimal production risks,,
,How can a firm determine when to stop production to avoid losses?,When fixed costs become variable,When total revenue exceeds total cost significantly,When MR becomes less than MC,By assessing total revenue only,,
,Why is understanding the slope relationship between MR and MC critical for profit maximization?,It indicates potential market share growth,It helps identify cost reduction targets,It shows when revenue changes have no effect,It illustrates where marginal benefit equals marginal cost,,
,How might external market conditions affect the applicability of the MR = MC rule?,Market conditions have no impact on profit maximization,External conditions are irrelevant to firm decisions,They help stabilize the marginal revenue curve over time,Demand shifts affect the rule,,
,Analyze why a firm producing at MR < MC might still continue in the short term.,It expects market conditions to improve,Long-term fixed costs are significantly reduced through operational efficiency,Existing inventory levels are high,It secures market share,,
,In what way does the theory of the firm differentiate profit maximization from revenue maximization?,It focuses on net gains over costs,Profit maximization occurs when marginal costs become irrelevant to decision-making,Firms prioritize revenue alone,Revenue maximization ignores marginal cost considerations entirely,,
,Consider why the slopes of cost and revenue curves are crucial indicators for maximizing profits.,They provide the elasticity of demand,They suggest pricing strategies,They depict changes in average costs,They allow assessment of marginal changes influencing profit maximization,,
,Evaluate the impact of constant marginal cost on a firm's profit-maximizing strategy.,It complicates the process of determining profit maximization,It makes predictions about fixed costs possible,It simplifies optimal output calculations,It influences only the revenue decisions,,
,How does the theory of the firm assume firms behave in the face of declining market prices?,They reduce output when MR < MC,Firms continue operating at current production levels regardless of price changes,They focus on cost cutting,They increase output dramatically,,
,Critically assess the role of marginal analysis in achieving the production equilibrium.,It determines the point where all production costs are equalized,It outlines strategic long-term investment opportunities,It compares additional costs and benefits,It confirms that revenue remains constant across all production units,,
,"Why must a firm ensure MR = MC holds true not just at one point, but consistently over production?",To achieve consistent fixed cost reduction,It standardizes production processes,Because revenue automatically adjusts,To ensure profit maximization over varying production levels,,
,How might technological advancements impact a firm's profit-maximizing output?,Have no perceivable effect on production decisions,Create diseconomies of scale,Increase fixed costs substantially,"Shift MR and MC curves, altering optimal quantity",,
,What wider economic implications might occur if every firm in an economy operates efficiently at MR = MC?,Market instability would increase significantly,Consumer preferences would shift toward different products,Macroeconomic equilibrium would be affected,Oversupply could result,,
,Analyze the effect of increased competitive pressure on a firm's MR and MC.,"MC rises while MR falls, challenging profitability",Both MR and MC remain completely unaffected by market changes,No effect occurs since competition only alters fixed costs,MR and MC will immediately equalize,,
,How does anticipating future changes in the market environment affect MR = MC decisions?,No effect since it aligns completely with current analysis methods,It requires forward-looking production adjustments,It provides stable and predictable future revenue streams,It renders current MR = MC calculations obsolete,,
,Why does the theory of producer theory focus predominantly on the equilibrium MR = MC?,It ensures alignment with consumer expectations,To establish minimum cost year over year,It offers an idealized state where costs balance revenue,It evaluates market control influences,,
,What is a key characteristic of a perfectly-competitive market?,Many sellers,High barriers to entry,Government-controlled prices,Few sellers,,
,What does it mean for a firm to enter a market?,It begins selling products,It reduces prices,It stops production completely,It merges with another company,,
,"In the short run, what cost will a firm always face regardless of production level?",Marginal cost,Opportunity cost,Fixed cost,Variable cost,,
,When should a firm shut down in the short run?,When average total cost is covered,When marginal cost equals marginal revenue,When price is below average variable cost,When total revenue is greater than total cost,,
,What does the shut-down rule state?,Shut down when quantity is above equilibrium,Continue to operate as long as the price is above AVC,Shut down if fixed costs increase,Shut down if total costs are less than total revenue,,
,"If a firm's total revenue is 50 𝑎 𝑛 𝑑 𝑡 𝑜 𝑡 𝑎 𝑙 𝑐 𝑜 𝑠 𝑡 𝑠 𝑎 𝑟 𝑒 50andtotalcostsare120, what is its economic loss?",$170,$70,$120,$50,,
,What is indicated by the vertical difference between ATC and AVC?,Fixed cost,Marginal cost,Total cost,Revenue,,
,What happens to producer surplus when price is less than variable cost?,It increases,It remains constant,It equals total cost,It becomes negative,,
,"In the long run, what happens to fixed costs?",They remain fixed,They become variable,They become zero,They double,,
,What prompts firms to enter a market in the long run?,High fixed costs,Profit-making opportunities,Government incentives,Economic losses,,
,What occurs when firms exit a market in the long run?,Prices decrease,Supply shifts right,Demand shifts right,Supply shifts left,,
,"In a perfectly-competitive market, firms are considered what?",Price takers,Price setters,Price regulators,Price makers,,
,What happens to market prices when supply shifts right due to new firms entering?,Demand decreases,Prices decrease,Prices increase,Prices remain constant,,
,"In the long run, what happens to profits in a perfectly-competitive market?",They become normal,They result in economic losses,They lead to increased production,They become abnormally high,,
,Firms will exit a market when they anticipate what?,Increased demand,Higher taxation,Economic losses,New technological advances,,
,"In the short run, what helps determine if a firm should operate or shut down?",Average total cost versus marginal cost,Total revenue versus total cost,Price versus average variable cost,Fixed cost versus profit,,
,"If a firm’s total revenue is 50 𝑎 𝑛 𝑑 𝑖 𝑡 𝑠 𝑝 𝑟 𝑖 𝑐 𝑒 𝑝 𝑒 𝑟 𝑢 𝑛 𝑖 𝑡 𝑖 𝑠 50anditspriceperunitis5, how many units are produced?",5 units,15 units,20 units,10 units,,
,What does AFC stand for in economic terms?,Absolute Fixed Cost,Average Flexible Cost,Average Fixed Cost,Average Factor Cost,,
,Which condition generally represents a barrier-free market?,Perfect Competition,Monopoly,Oligopoly,Monopolistic Competition,,
,"When a firm’s price equals its AVC, what decision is it likely to take?",Lower prices,Shut down,Continue operating,Increase production,,
,What influences a firm’s decision to continue operating even when incurring losses in the short run?,Average total cost,Variable costs,Total costs,Fixed costs,,
,"In the context of entry and exit, what does MR = D = AR = P represent?",Price functions,Profit functions,Cost functions,Revenue functions,,
,Why do firms only enter a market when profitable?,To increase competition,To reduce competition,To benefit from subsidies,To earn economic profit,,
,What is a possible consequence when supply shifts left due to firms exiting a market?,Prices decrease,Demand decreases,Prices increase,Equilibrium price remains the same,,
,"In a perfectly-competitive market, how do firms respond to economic profits in the long run?",Decrease production,Leave the market,Increase prices,Enter the market,,
,"If a firm is operating at a loss in the short run but decides to continue production, what might be a likely reason?",Price is above average total cost,Fixed costs are higher than variable costs,Total revenue covers all costs,Price is above average variable cost,,
,How does the existence of low barriers to entry in a perfectly-competitive market affect the long-term profits of firms?,Firms will experience perpetually increasing profits,Firms will exit due to increased competition,Profits will tend towards zero due to new entrants,Temporary monopolies will form,,
,Which of the following explains why a firm in a perfectly-competitive market cannot influence the market price?,High production costs relative to industry standards,Large capital investments,Too few competitors,Many similar sellers,,
,Why might a firm decide to shut down in the short run even if it can cover its fixed costs?,Variable costs are greater than revenue,Fixed costs exceed total revenue,The firm is making a normal profit,Average total cost is minimized,,
,"In the long run, what effect does an increase in firms entering the market have on existing firms’ prices?",Prices will remain unchanged,Prices will fall due to increased supply,Prices will fall due to decreased demand,Prices will rise due to increased demand,,
,"If a firm's average variable cost is equal to its price, but average total cost is higher, what is the firm experiencing?",Economic loss,Break-even,Normal profit,Economic profit,,
,Which scenario would most likely encourage firms to exit a market?,Short-term fluctuations in supply,Economic profits are above normal,Long-term demand is increasing,Continual economic losses,,
,What is a potential outcome when many firms exit a market?,Market price increases due to reduced supply,Market price decreases initially,"Supply increases, lowering price",Demand decreases significantly,,
,In what scenario would a firm be attracted to enter a market?,Rising fixed costs,Established brand dominance,Opportunity for economic profits,Low average variable costs,,
,What is the role of fixed costs in a firm's short-run shut-down decision?,Fixed costs must always be covered to operate,Fixed costs affect long-run decisions only,Fixed costs are sunk in the short-run decision,Fixed costs determine break-even price,,
,How does a firm determine whether to enter a market in the long run?,By assessing total fixed costs,By comparing average variable costs to industry norms,By checking rival firm's production technology,By evaluating long-term profit potential,,
,"When firms begin to exit a perfectly-competitive market, what is a likely impact on the remaining firms' profitability?",Profitability decreases as fixed costs rise,Profitability remains unchanged,Profitability increases as market supply decreases,Profitability decreases due to increased competition,,
,What signals to a firm in a perfectly-competitive market that it should exit?,Break-even total revenue,Increasing industry demand and market expansion,Revenue below variable costs,High fixed costs relative to rivals,,
,What is an important factor influencing a firm's decision to continue operating in the short run despite losses?,Variable cost is covered by total revenue,Total revenue exceeds total cost,Fixed costs are high,Total cost is lower than average variable cost,,
,How does the concept of producer surplus relate to positive output decisions?,Positive producer surplus indicates variable profit,Negative producer surplus necessitates immediate exit,Producer surplus measures fixed cost efficiency,Producer surplus implies total cost is covered,,
,Why do profits in a perfectly-competitive market tend toward zero in the long run?,New firms' entry increases supply,Barriers to entry increase,Firms collude to set prices,High demand leads to increased prices,,
,Which condition might indicate it's better to operate at a loss in the short run?,Total revenue is lower than average total cost,Price is higher than average variable cost,Price is greater than total cost,Total cost equals total revenue,,
,What is a consequence of firms entering a market when profits are present?,Short-term supply decreases,Short-term price increases,Long-term price stabilization,Long-term price decreases,,
,"If a firm's AVC is decreasing, what can be inferred about its production?",It's experiencing economies of scale,It's likely to shut down soon,It's operating at maximum efficiency,Its total cost is zero,,
,What happens to market dynamics when firms exit the market and supply decreases?,Existing firms lower production,New barriers to entry form,Equilibrium price rises,Demand decreases proportionally,,
,Why does the presence of many sellers in a perfectly-competitive market lead to firms being price takers?,Each firm has minimal market influence,Sellers can coordinate to manipulate market prices through collective action,Government agencies set mandatory price controls,Products are differentiated and unique,,
,How does the shutdown rule influence a firm's decision-making in the short run?,It mandates shutdown if marginal cost exceeds average cost,It dictates operation only if price covers average variable cost,It ensures that firms cover all fixed costs,It encourages firms to operate above average total cost,,
,"Considering the concept of producer surplus equalling variable profit, what implication does a negative producer surplus have in a perfectly-competitive market?",The firm is exceeding average total cost,The firm is covering its total costs,The firm is reaping positive variable profit,It indicates a shutdown point,,
,How do fixed costs impact a firm's operation decision even if price covers the average variable cost?,Only variable costs dictate shutdown decision,Fixed costs influence only long-term decisions,Fixed costs must be paid regardless,Fixed costs ensure profitability,,
,"In a market experiencing firm exits, how might the increased prices affect remaining firms' marginal decisions to produce?",Exits have no effect on marginal decision-making,They will likely increase production as marginal revenue rises,They may decrease production due to lower demand,They will maintain production as fixed costs dominate,,
,Why might a firm continue operating in the short run despite incurring losses?,Government subsidies cover all losses,Fixed costs surpass variable costs,Variable costs are less than total revenue,Total revenue nearly covers average total cost,,
,Explain why firms in a perfectly-competitive market earn normal profits in the long run.,Price is influenced by dominant firms setting higher prices,Entry barriers become higher,Entry and exit adjust supply until economic profit is zero,Surplus firms drive down industry costs,,
,How does the ability to enter and exit at will create a self-regulating market mechanism?,"It adjusts supply,and equalizes market price to zero profit",It focuses on fixed cost minimization,It prevents price competition,It deters new market entrants,,
,How does the relationship between marginal revenue and marginal cost determine the quantity a firm produces?,By increasing production until MR equals MC,By maximizing total fixed cost,By setting marginal cost lower than average cost,By reducing production to minimize variable costs,,
,"In the context of a long-run decision, how do variable inputs affect firm behavior?",Variable inputs increase total fixed expenses and create additional regulatory burdens,Firms can adapt production freely,They establish government subsidies for innovation,They allow firms to indefinitely sustain losses without market consequences,,
,How can economic losses in a market guide other firms' decision to exit?,They signal poor long-term profit potential,Losses indicate that supply is exceeding demand in the market,They increase the calculated risk of market entry,Losses are temporary and irrelevant to long-run strategies,,
,Why does an increase in the number of sellers in a market tend to lower the equilibrium price?,Government regulations require companies to maintain competitive pricing standards,Market saturation automatically increases consumer demand,More sellers increase supply and competition,New entrants target specialized market segments,,
,"Given the shutdown rule, how can a firm avoid loss in the presence of fixed costs?",By increasing its prices,By ensuring price remains above AVC,By expanding output to cover fixed costs,By reducing average total cost continually,,
,"When market supply decreases due to firm exits, why might remaining firms experience increased profitability?",Demand increases considerably,Fixed costs are shared among fewer firms,Prices rise due to reduced supply,Innovation leads to reduced total cost,,
,How do firms determine the optimal level of output in the long run?,By setting marginal cost equal to price,By producing where average total cost is at its minimum point,By minimizing fixed costs,By adjusting until marginal cost equals average cost,,
,What factors allow perfectly-competitive firms to continue producing when incurring short-term economic losses?,Short-term liquidity from excess demand,Tax incentives for sustained production,Prospects of future normal profits due to market exit,The potential to convert fixed costs to variable costs,,
,"Given the effect on supply, why does firm entry under profitability eventually lower prices?",Competing firms fix higher prices unanimously,Government policy caps pricing incentives,Increased supply exerts downward pressure on price,It results in a planned reduction of market demand,,
,"Why can firms in a perfectly-competitive market not sustain long-term economic profits, despite periods of profitability?",Dominance of fixed cost fluctuations,Immediate universal access to proprietary technology,Constant influx of new competitors restoring supply equilibrium,Cost increases exponentially with economic profit,,
,How does meeting demand at the lowest cost relate to a firm's competitive strategy in the long run?,Ensuring survival by matching price with production efficiency,It forces reliance on short-term marginal profits for growth,Provides risk of failure with new market entrants,It differentiates them from monopolistic firms,,
,What role does average fixed cost play in continuous production decisions when marginal costs are covered?,Equating fixed cost with total revenue maximizes profit,Fixed costs exclusively dictate profit loss analysis,"Despite constant value, they're not relevant to output decisions","They decrease as output increases, aligning with variable costs",,
,What is a defining characteristic of a perfectly competitive market?,"Unique, differentiated products",High barriers to entry and exit,"Few, large firms with market power",Many small firms that are price takers,,
,"In perfect competition, what do firms sell?",Exclusive products,Identical products,Unique products,Differentiated products,,
,What happens to firms in the long run in a perfectly competitive market?,Makes a loss,Breaks even,Earns excess profit,Gains monopoly power,,
,What is the role of barriers to entry in a perfectly competitive market?,"Moderate, allowing controlled entry",Non-existent,"Low, allowing easy entry and exit","High, preventing new firms from entering",,
,"In a perfectly competitive market, how is price determined?",Market forces of supply and demand,Through negotiations between firms and consumers,Individual firms set prices based on their costs,Government regulation and price controls,,
,What type of competition does NOT exist in a perfectly competitive market?,Market competition,Non-price competition,Resource competition,Price competition,,
,Which industry is often cited as an example of perfect competition?,Pharmaceuticals,Automobile,Agriculture,Technology,,
,"In perfect competition, what happens if a firm raises its prices?",The government will impose legal penalties on the firm,More consumers will purchase from it,There will be no impact on sales,It loses all customers,,
,What does being a 'price taker' imply for a firm?,It must accept the market price,It sets industry standards,It can set any price,It can negotiate prices,,
,"In the long run, perfectly competitive firms are:",Inefficient,Overproducing,Allocatively efficient,Producing at a loss,,
,Perfectly competitive firms experience what type of efficiency in the long run?,Allocative and productive,Dynamic,Technical,Distributive,,
,What happens to a firm's profit in the long run in perfect competition?,Profits continue to increase over time,Zero economic profit,Profits vary significantly,Always decreases,,
,"In perfect competition, when is a firm in equilibrium?",When ATC = AVC,When AVC > price,When MR = MC,When demand is zero,,
,What describes the supply curve in a perfectly competitive market for an individual firm?,Upward sloping,Vertical,Downward sloping,Horizontal,,
,"In the short run, how can firms in perfect competition make a profit?",Through heavy advertising,When price is above ATC at MR = MC,By setting higher prices,By innovating products,,
,Short-run losses in perfect competition occur when:,ATC is below price,AVC is above price,Price is below AVC,Price is below ATC,,
,What happens in a perfectly competitive market when firms experience short-run losses?,Additional firms will enter the market to take advantage of opportunities,"Firms exit, reducing supply",Firms increase their production levels,Prices remain constant,,
,Which curve shows how much a perfectly competitive firm will produce at different prices?,Capital curve,Supply curve,Demand curve,MR curve,,
,Which of the following is true about a shutdown point?,Price equals minimum AVC,ATC equals price,AVC is below price,Fixed costs are covered,,
,"In the context of perfect competition, what does allocative efficiency mean?",Resources are used where they offer the highest value,Resources are entirely unused,Resources are allocated based on firm preferences,Resources are allocated randomly,,
,What ensures that perfectly competitive firms are productively efficient in the long run?,Competition among firms,Technological advancements,Government regulation,High market prices,,
,What leads to firms earning zero economic profit in the long run?,Entry and exit of firms,Low supply,High demand,Monopolistic competition,,
,What happens when a market transitions from short-run to long-run equilibrium?,Firms permanently exit the market due to sustained losses,Prices stabilize and normal profit occurs,Demand increases indefinitely,Supply permanently decreases across all price levels,,
,Why might firms enter a perfectly competitive market after observing others' profits?,High demand increases profit opportunities,To offer differentiated products that distinguish them from competitors,To take advantage of barriers to entry,To become price setters,,
,What is the result of increased demand in a perfectly competitive market in the short run?,Immediate equilibrium,Short-run profits,Decreased firm entry,Market collapse,,
,How does the presence of many small firms contribute to the efficiency of a perfectly competitive market?,Reduces overall production costs across the industry,Encourages higher prices,Allows for product differentiation,No single firm can influence price,,
,Why is non-price competition absent in perfectly competitive markets?,Market regulations prohibit advertising,Products are identical and price uniformity exists,Consumers prefer branded products,Firms focus on innovation,,
,What is the impact of low barriers to entry on long-run profits in perfect competition?,Ensures monopoly power for existing firms,Profits approach zero,Firms sustain constant losses,Long-run profits remain consistently high,,
,Which scenario likely leads a firm to shut down in the short run?,Price is less than average variable cost,Price is higher than average total cost,Variable costs are covered but not fixed costs,Price covers fixed costs,,
,How does increasing demand in the short run affect perfectly competitive firms?,Stabilizes prices and outputs,Leads to short-run profits and potential entry of new firms,Causes firms to exit due to losses,Decreases production due to lower prices,,
,Why can't a single firm in a perfectly competitive market influence the price level?,It offers a unique product that differentiates it from competitors,Price is set by market forces,It has significant bargaining power with consumers,All firms work together to set prices,,
,How does the concept of allocative efficiency relate to price and marginal cost in perfect competition?,Price is always higher than marginal cost,Price is set based on consumer preference,Marginal cost exceeds price,"Price equals marginal cost, maximizing total welfare",,
,What triggers new firms to enter a perfectly competitive market?,Strong brand loyalty among consumers,Government subsidies and tax incentives,High profits by existing firms,Supply shortages,,
,Which results from the entry of new firms into a perfectly competitive market experiencing profits?,Lower market supply and higher equilibrium prices,Higher supply and lower prices,Establishment of new monopolies,Higher prices for identical goods,,
,In what condition does a perfectly competitive firm achieve productive efficiency?,When resources are overutilized,When marginal cost is zero,When producing at minimum average total cost,When price is below AVC,,
,What is the cause-and-effect relationship between firm losses and market exit in perfect competition?,High demand causes firms to leave the market permanently,Innovative technology prompts exit strategies,"Losses cause exit, reducing supply and raising price",Increased revenue leads to market exit,,
,How do perfectly competitive markets adjust when there is an increase in demand for a product?,Firms increase output to meet demand,Prices remain unchanged while supply stays constant throughout the market,Firms exit the market due to higher costs,Output decreases to maintain scarcity,,
,What situation results in the shutdown condition for a firm in perfect competition?,Price is equal to AVC,Total revenue exceeds total cost,Fixed costs are fully covered,Price falls below AVC,,
,Why does the individual firm's demand curve appear horizontal in a perfectly competitive market?,It's a visual error in economic graphs,Firms have complete control over both supply and demand conditions,Firms are price takers,Each firm is a monopolist,,
,"If a perfectly competitive firm is making a profit, what is likely to occur in the long run?",The firm will establish market dominance and control pricing,Other firms will exit the market due to competitive pressures,"New firms enter, reducing profits",The firm will lose operational efficiency,,
,What is the relationship between market entry/exit and long-run supply in perfect competition?,Exit leads to increased consumer preferences and higher demand,Exit firms are replaced by monopolists,Entry leads to supply decrease,Entry increases supply and lowers prices,,
,How do changes in market conditions affect a firm in perfect competition?,Firms adjust output based on their fixed costs and overhead expenses,Firms can influence market prices to maintain profitability,Firms set output where MC equals price,Firms diversify their product lines to stay competitive,,
,Why is productive efficiency an important concept in perfect competition outcomes?,It ensures firms operate at minimum cost for a given output level,It restricts output to maintain high prices,It ensures firms make excess profits,It reduces freedom of entry and exit,,
,How do prices communicate marginal benefits and costs in perfectly competitive markets?,Through comprehensive government price regulation and oversight,By balancing benefits and costs,By indicating consumer demand preferences only,Via advertising and promotion,,
,What results from perfectly competitive markets being allocatively efficient?,Prices are set above marginal cost,Resources are wasted due to high competition,Firms focus on research and development,Resources are directed to their most valued uses,,
,Why does a perfectly competitive firm reach productive efficiency at the minimum point of average total cost?,Marginal cost exceeds price at this output level,The firm maximizes total revenue at this point,The firm minimizes cost per unit,The firm has limited production capacity,,
,How does the interplay between supply and demand affect prices in a perfectly competitive market in the long run?,Prices fluctuate wildly and unpredictably due to constant demand shifts,Prices remain constant irrespective of demand changes,Prices adjust to ensure zero economic profit,Prices are set above long-run average costs,,
,How do low barriers to entry uphold the principle of economic profits being driven to zero in the long run?,By preventing inefficient firms from entering,By allowing firms to freely enter and exit based on profit opportunities,By ensuring only superior technology is used,By enabling price setting through large firms,,
,Why would a firm continue production despite making short-run losses if the price is above average variable costs but below average total costs?,Revenue covers variable costs and some fixed costs,The firm expects variable costs to decrease significantly,Fixed costs become irrelevant when the firm is losing money,Government subsidies will compensate for any losses,,
,In what way does the concept of 'price taker' influence a firm's decision to enter or exit a perfectly competitive market?,It determines how firms allocate their fixed costs across different production periods,It allows the firm to negotiate higher prices,It makes decisions depend on cost structure alone,It restricts output levels to avoid losses,,
,How does perfectly competitive market ensure both allocative and productive efficiency in the long run?,Through direct government regulation of pricing and output decisions,By allowing firms to control market supply,By increasing consumer prices to cover costs,Firms operate where P = MC at minimum ATC,,
,Why does an increase in the firm's market price beyond the equilibrium lead to reduced sales in perfect competition?,Consumers switch to competing firms,The market automatically restricts supply to accommodate the higher price level,Consumers have fewer alternatives,The firm's products are seen as superior,,
,"When perfectly competitive firms are in long-run equilibrium, what role does technological advancement play?",It is irrelevant as prices don't change,"It allows firms to lower costs, impacting overall market efficiency",It causes long-term demand shifts,It decreases perceived product quality,,
,How might a temporary shift in consumer preferences affect a perfectly competitive market in the short run?,Firms ignore such changes due to fixed output levels,It leads to permanent changes in the number of firms,"It results in short-run profits or losses, altering firm behavior",It increases all firms' market power,,
,Why can't perfectly competitive markets sustain long-term economic profits?,Free entry and exit eliminate economic profits,A small number of large firms control market pricing and output decisions,Price controls prevent profit maximization,Demand shifts are too volatile,,
,What strategic decisions do firms make in the face of a short-run profit in perfect competition?,Increase advertising expenditures to build brand loyalty and customer recognition,Expand production to maximize profit before new entries,Encourage market entry by other firms to increase overall supply,Reduce output to maintain exclusivity,,
,How does a firm's individual supply curve relate to its marginal cost in perfect competition?,The marginal cost curve has no relevance to supply decisions in competitive markets,The upward-sloping marginal cost curve serves as the firm's short-run supply curve,The marginal cost curve only determines long-run supply decisions,The marginal cost curve remains horizontal and determines output levels,,
,Why does a shift from long-run to short-run equilibrium occur due to an increase in substitute goods' prices?,Market supply decreases,Marginal costs decrease for all firms,Increased consumer demand shifts the demand curve right,Firms immediately exit the industry,,
,What is the long-term consequence for a competitive firm that continually fails to achieve productive efficiency?,Higher costs lead to losses and market exit,The firm becomes a leader in technology innovation and market development,The firm gains more market power,It leads to increased customer loyalty despite higher prices,,
,What nuanced effect does perfect competition have on consumer surplus in the long run?,Surplus is eliminated as consumer options decrease,Surplus is constant regardless of production levels,Consumer surplus increases due to efficient resource allocation,It decreases due to higher prices,,
,How does perfect competition contribute to innovation in invisible ways despite being characterized by identical products?,Innovation receives no support in perfectly competitive markets,Government subsidies encourage innovation,Firms invest in cost-reducing technologies,Firms differentiate their products to gain market advantages,,
,"In the context of perfect competition, why is the price equal to marginal cost critical?",It indicates that firms are failing to take advantage of available economies of scale,It ensures efficient resource allocation,It maximizes firm profitability in the long run,It ensures firms earn zero economic profit consistently,,
,What abstract implication does the entry of new firms in response to profit have on long-run industry structure?,"Adjusts the market back to equilibrium, ensuring competitive resilience",Maintains constant market conditions,Results in a monopolized market,It leads to increased government intervention,,
,What critical thinking is needed to understand how perfect competition can affect a firm's production decisions without the ability to influence prices?,Firms rely on influencing consumer preferences and market demand,Firms minimize costs through efficient production,Firms lobby government agencies for preferential regulatory treatment,Firms diversify product lines to control market segments,,
,"In perfectly competitive markets, what subtle relationship exists between average total cost curves and market equilibrium in the long run?",ATC becomes irrelevant for long-run production decisions,Market equilibrium occurs where ATC is decreasing,Price equals minimum ATC at equilibrium,Firms must operate above their average variable cost,,
,What is the term for a market with many sellers offering differentiated products?,Monopolistic Competition,Monopoly,Oligopoly,Perfect Competition,,
,"In a monopoly, how many firms dominate the market?",None,Many,One,A few,,
,Which type of market structure is characterized by a few large firms dominating the industry?,Monopolistic Competition,Perfect Competition,Oligopoly,Monopoly,,
,"In imperfect competition, what is the role of firms regarding pricing?",Price makers,Price followers,Price takers,Price competitors,,
,What type of barrier to entry includes high start-up costs?,Geographic barriers,Legal barriers,Economies of scale,High fixed costs,,
,Which of the following is a characteristic of oligopoly?,Many small firms,Homogeneous products,Few large firms,Perfect information,,
,Which market structure is associated with unique products and no close substitutes?,Oligopoly,Monopoly,Monopolistic Competition,Perfect Competition,,
,What is non-price competition?,Using methods like advertising,Competing on price,Setting higher prices,Offering identical products,,
,What is one effect of barriers to entry in imperfect competition?,Easier market entry,Lower prices,Sustained profits,Increased competition,,
,What happens to the price in a market when a firm wants to sell additional units?,Price stays the same,Price decreases,Price doubles,Price increases,,
,What is the term for a measure of market power based on the difference between price and marginal cost?,Quantity Index,Price Discrimination,Lerner Index,Elasticity,,
,Which feature is common in monopolistic competition?,Homogeneous products,Price-fixing,Single seller,Differentiated products,,
,What do firms in imperfect competition often utilize to gain competitive advantage?,Price wars,Collusion,Advertising,Barrier elimination,,
,What can control access to important factors of production in imperfect competition?,Cost barriers,Brand loyalty,Price ceilings,Geographic barriers,,
,Which is NOT typically a barrier to entry in an imperfect market?,Economies of scale,High fixed costs,Unlimited entry,Government regulations,,
,Why might new firms find it difficult to enter a monopolistic market?,Low barriers,Competitive pricing,Many competitors,Unique product control,,
,What happens to demand compared to marginal revenue in imperfect markets?,Demand is greater than marginal revenue,Demand equals marginal revenue,Demand is less than marginal revenue,Marginal revenue doesn't exist,,
,What kind of products do monopolistic competitors sell?,Non-existent,Differentiated,Identical,Perfect substitutes,,
,Firms in which market structure are 'price makers'?,Monopoly,Perfect Competition,Free Markets,Franchises,,
,Which industry is an example of an oligopoly?,Small grocery stores,Freelance design,Wheat farming,Cable television services,,
,What type of competition involves advertising and branding?,Product destruction,Non-price competition,Price competition,Price-fixing,,
,Who benefits from high barriers to entry?,Market entrants,Existing firms,Consumers,New firms,,
,Which is a characteristic of monopolies?,Identical products,Single seller,Low entry barriers,Many sellers,,
,What does a firm need to do to maintain market control using economies of scale?,Diversify into multiple product lines,Keep costs low,Limit production capacity,Raise prices,,
,How does government intervention often serve as a barrier to entry?,Issuing patents,Encouraging entry,Reducing taxes,Promoting competition,,
,How does a monopolistic competitor differentiate its product from others?,By lowering its prices below cost,By copying the leading brand's product,By creating a unique brand image,By offering it in different colors,,
,Why might high fixed costs deter new entrants into a market?,They increase market competition and make it harder to differentiate,They create barriers to entry,They lower consumer prices,They reduce long-term operational costs,,
,What role does advertising play in non-price competition among firms in an oligopoly?,It differentiates products and attracts consumers,It helps firms coordinate pricing strategies and avoid direct competition,It educates consumers about product features,It increases legal barriers to entry,,
,"If a monopoly increases its production, what is likely to happen to the price and quantity of its product?","Price increases, quantity increases","Price decreases, quantity increases","Price increases, quantity decreases","Price decreases, quantity decreases",,
,What advantage do firms in an oligopoly gain from economies of scale?,They can eliminate most corporate tax obligations,They increase market competition,They develop unique product offerings,Lower average costs,,
,How do high barriers to entry affect the long-term profitability of a monopoly?,They decrease profits by increasing competition,They have no effect on profitability,They decrease competition by ensuring uniform products,They sustain high profits by limiting entrants,,
,Why do firms in monopolistic competition break even in the long run?,Due to product differentiation balancing costs and revenues,Because patents guarantee entry,Because non-price competition eliminates profits,Due to high market entry,,
,How can geographic barriers contribute to imperfect competition?,By allowing firms to control production factors,By reducing transportation costs,By preventing marketing strategies,By increasing perfect competition,,
,In what way does a monopoly have an advantage in terms of market power?,It has many competitors,It faces perfectly elastic demand,It can dictate prices,It relies on low-cost production,,
,What must firms in oligopolies typically consider when setting their output levels?,Cost of raw materials,Actions of competing oligopolists,Consumer income levels,Government subsidies,,
,How do patents influence the structure of monopolistic markets?,By encouraging new firms to enter the market,By reducing innovation incentives,By protecting monopoly power,By diversifying product offerings,,
,What effect does non-price competition have on the consumer choice in a monopolistically competitive market?,It increases the variety of options,It decreases product quality,It limits the choice,It ensures lower prices,,
,Why might an oligopoly be inefficient in the long run?,Due to perfect market conditions,Because demand exceeds supply,Because of limited competition leading to higher prices,Due to excessive government intervention,,
,What is the likely effect of significant economies of scale on market entry?,Has no meaningful impact on entry decisions,Creates barriers to entry,Encourages entry by reducing competitive pressure,Makes entry more attractive by lowering costs,,
,How does a firm's control over a unique product impact its market power in a monopoly?,It enhances its ability to set higher prices,It removes barriers to entry,It decreases its ability to advertise,It decreases its control over prices,,
,How do common use barriers stabilize market positions for established firms?,By creating brand loyalty and differentiation,By reducing barriers to entry for new competitors,By restricting consumer access to alternative products,By decreasing product quality standards,,
,What happens to production levels in an imperfect market when firms achieve lower marginal costs?,Production levels match costs,Production levels increase,Production levels remain constant,Production levels decrease,,
,"When demand exceeds marginal revenue, what strategy might a firm use to maximize profits?",Reduce output,Increase prices,Increase production,Use non-price competition,,
,What competitive strategy is enhanced by product differentiation in a monopolistic environment?,Market entry barriers,Non-price competition,Price-fixing agreements,Cost leadership,,
,How do high startup costs as a barrier to entry affect a new firm’s ability to compete in an established market?,They prevent market presence,They delay production,They enable faster growth,They give a competitive advantage,,
,How does the concept of 'price maker' in a monopoly affect the supply and demand equilibrium compared to perfect competition?,The firm sets prices above the competitive equilibrium.,Market forces ensure the same pricing outcome as in perfect competition.,It results in lower prices than would occur under perfect competition.,The monopoly matches price to marginal cost.,,
,Why might imperfect competition lead to inefficiencies in terms of resource allocation?,Firms restrict output to maintain higher prices.,Consumer demand forces firms to overproduce beyond what the market actually needs.,Government regulations require firms to underutilize their available resources.,All firms collude to set prices above competitive levels.,,
,How do economies of scale serve as a significant barrier to entry within oligopolistic markets?,By decreasing the necessity for extensive capital investment,By allowing new firms to enter the market easily,By forcing new entrants to collaborate for economic viability,By enabling existing firms to produce at a lower average cost than new entrants,,
,What is the underlying reason that demand exceeds marginal revenue in monopolistic markets?,Because monopolies sell at a price consumers cannot pay,Because prices are set below cost to attract consumers,"Due to the need to lower prices for additional sales, thus reducing incremental gains",Due to aggressive competition lowering consumer demand,,
,How does geographic location provide strategic advantage and serve as a barrier to entry in certain markets?,By increasing consumer willingness to travel long distances for goods and services,By controlling local resources and limiting competitor access,By making logistics and transportation costs irrelevant for new market entrants,By reducing distribution costs universally,,
,Why might government-issued patents have a complex impact on market dynamics in monopolistic industries?,They naturally phase out established competitors,They reduce consumer prices immediately through guaranteed quality,They provide legal protection that reinforces barriers and market control for patent holders,They spread technology knowledge evenly across market players,,
,How does non-price competition help firms in oligopolies maintain their market share?,By reducing marketing costs and promotional spending across all channels,By enabling direct collusion through coordinated pricing strategies,By building brand loyalty through product differentiation,By initiating aggressive price wars,,
,What is the implication of high fixed costs on new firms trying to enter an industry dominated by oligopolies?,It deters entry due to the substantial initial investment required,It encourages immediate entry due to available capital,It allows new firms to price their goods more competitively,It gives new entrants a higher negotiation power against incumbents,,
,How does control over unique resources affect the competitive landscape in imperfect markets?,It leads to perfect competition conditions where all firms have equal market access,It creates significant market power and limits competition,It eliminates the need for any other competitive strategy,It forces firms to lower their prices below the market norm,,
,Why are firms in monopolistically competitive markets often inefficient in the long run?,Because non-price factors fail to attract consumers,Due to lack of economies of scale and high advertising costs,Because they consistently focus on lowering production cost,Due to perfect market conditions that force optimal performance,,
,How does customer brand loyalty form a barrier to entry for new competitors?,It makes consumers more responsive to price changes,It causes customers to only seek the lowest possible prices,It decreases the available market share for new entrants due to established preferences,It provides new firms immediate access to the existing customer base,,
,What strategic approach is necessary for a firm in an oligopoly to successfully engage in non-price competition?,Engage in illegal practices to deter competitor entry,Initiate price alteration strategies frequently,Focus solely on government contracts to outcompete rivals,Develop distinctive advertising and product differentiation,,
,How do high startup costs in technology act as substantial barriers in tech-heavy industries?,They increase the competitive advantage for existing firms with significant capital access,They make technology accessible for all new firms rapidly,They are irrelevant since technology is universally available,They reduce the initial investment and risk for new startups,,
,How do entry barriers in monopolies create and maintain market power?,By reducing regulatory oversight and government intervention in pricing decisions,By encouraging perfect competition,By eliminating all product differentiation needs,By blocking new competitors from entering the market,,
,What role does consumer perception play in the effectiveness of non-price competition?,It ensures that only price remains the determining factor in consumer purchasing decisions,It eliminates the impact of advertising effectiveness,It focuses on reducing the brand choices available to consumers in the marketplace,It builds brand loyalty and differentiation,,
,How does the presence of deadweight loss in imperfect markets signal inefficiency?,By preventing firms from setting prices above the competitive equilibrium,By showing that total surplus is not maximized,By proving that supply equals demand in all market conditions,By indicating that resources are allocated optimally,,
,How does a firm's ability to control price affect consumer surplus in a monopolistic market?,Consumer surplus increases significantly above competitive levels,Consumer surplus remains unchanged regardless of price control,Consumer surplus decreases as prices rise,Consumer surplus is eliminated entirely from the market,,
,How might high barriers to entry indirectly encourage innovation within monopolies?,By ensuring that all potential market players have open and equal access to the industry,By forcing monopolies to share their profits with existing competitors in the market,By decreasing the need for any market changes or upgrades,By allowing firms to focus resources on internal development,,
,Why might firms in imperfect competition still invest in aggressive advertising despite minimal competition?,To standardize product offerings and maintain consistent industry practices,To shift consumer focus back to pricing strategies,To drive brand loyalty and prevent market entry,To ensure compliance with government regulations,,
,Which of the following is a characteristic of a monopoly?,One large firm dominates,Firms are price takers,Many firms compete,Low barriers to entry,,
,"In a monopoly, firms are considered to be:",Price makers,Price adjusters,Price followers,Price takers,,
,Monopolies usually sell products that are:,Homogeneous,Standardized,Easily copied,Unique,,
,What does MR stand for in the context of monopolies?,Market Ratio,Market Rate,Minimum Return,Marginal Revenue,,
,Where is the profit-maximizing output found on a monopoly graph?,Where Demand = Supply,Where MC = ATC,Where MR = Demand,Where MR = MC,,
,What do monopolies create due to their pricing and output decisions?,Deadweight loss,Consumer surplus,Perfect competition,Excess supply,,
,"On a standard monopoly graph (price on the y-axis, quantity on the x-axis), which curve lies above the marginal revenue (MR) curve at every quantity?",Demand curve,Average Total Cost curve,Supply curve,Marginal Revenue curve,,
,Monopolies often face challenges when:,Competitors enter freely,Introducing similar products,Price exceeds marginal cost,Demand and marginal cost are equal,,
,One of the barriers to entry in a monopoly is:,Weak patent laws,Low capital requirements,Many substitutes,Economies of scale,,
,Monopolies use non-price competition primarily to:,Avoid government regulation,Differentiate their products,Increase production costs,Lower their prices,,
,How is total revenue calculated in a monopoly?,ATC x Quantity sold,Demand curve intercept,Price x Quantity sold,MC x Price,,
,A monopoly graph's elastic region is located:,Above the unit elastic point,At the unit elastic point where elasticity equals one,Below the inelastic region,Above MR=0,,
,"In monopolies, the power to set prices is due to:",Constant demand,Low production costs,Many substitute goods available,Market control,,
,A natural monopoly exists primarily due to:,Low barriers to entry,Limited resources,Long-run economies of scale,High competitive pressure,,
,Which point is considered the allocatively efficient output in a monopoly?,P = ATC,P = MC,MR = MC,D = MC,,
,Consumer surplus in a monopoly is typically:,Reduced compared to perfect competition,Larger than in competitive markets,Maximized,Nonexistent,,
,What graph component is used to show profits on a monopoly graph?,MR curve,MC curve,Demand curve,ATC curve,,
,The marginal revenue curve in a monopoly is:,A horizontal line,Below the demand curve,Above the price line,Equal to the demand curve,,
,Monopolies achieve long-run profits because they:,Face high market competition,Have fluctuating demand,Have exclusive control over resources,Charge prices equal to their MC,,
,Which point indicates the price and output that maximizes total revenue?,MC = ATC,D = MC,MR = MC,MR = 0,,
,"In monopolies, higher barriers to entry help to:",Sustain long-term profits,Equalize market share,Increase competition,Lower product uniqueness,,
,Deadweight loss in a monopoly is caused by:,Resource abundance,Underproduction,Excess competition,Surplus production,,
,What is the impact of a price ceiling in a monopoly?,Raises ATC,Promotes allocative efficiency,Eliminates deadweight loss,Increases product uniqueness,,
,A monopoly's total cost is calculated by:,Subtracting fixed costs from total revenue,Adding price and output,Multiplying ATC by output,Dividing price by marginal cost,,
,"In the elastic region of the demand curve, a monopoly can:",Raise price to reduce production costs,Maintain current price levels with no effect on revenue,Only operate at a loss,Lower price to boost revenue,,
,Which of the following best explains why a monopolist's marginal revenue is less than the price?,The demand curve is perfectly vertical in monopoly markets,Price must fall to sell more units,Total revenue always equals total cost,Monopolists can set any price level they choose,,
,What happens when a monopoly maximizes profit where MR=MC?,The firm minimizes its losses and reduces production,Total cost exceeds total revenue in the short run,Price exceeds marginal cost,The firm breaks even,,
,Why might a monopoly be deemed inefficient if left unregulated?,It creates excess consumer surplus,It achieves productively efficient output,It maximizes social welfare,It underproduces and overcharges,,
,"Compared to a perfectly competitive market, a monopoly will generally:",Experience no consumer surplus,Have a downward-sloping demand curve,Produce less output at higher prices,Supply more goods at lower prices,,
,What is the economic rationale for a natural monopoly?,High startup costs deter competition,Monopolists can always price discriminate,Long-term profits are unsustainable,Smaller firms have cost disadvantages,,
,How does the presence of high barriers to entry affect potential competitors?,Prevents new firms from entering the market,Encourages innovation,Leads to competitive pricing,Reduces the monopolist's market power,,
,A monopoly that maximizes total revenue will produce output where:,Price equals ATC,Demand equals marginal cost,MC is minimized,MR = 0,,
,What often occurs to consumer surplus under monopoly conditions?,It diminishes as prices rise,It remains unaffected,It becomes a significant fraction,It is maximized,,
,Monopolies can sustain long-run economic profits because:,They have limited control over pricing,Costs always fall below revenue,Market entry is highly restricted,Demand is always elastic,,
,"In a monopoly, what might a price ceiling lead to?",Allocatively efficient output level,Increased profits,Perfect competition,Unlimited supply,,
,Why might a monopoly engage in non-price competition?,To sustain barriers to entry,To increase consumer surplus,To differentiate products and enhance brand loyalty,To raise production costs,,
,What typically occurs if a monopoly sets a price in the inelastic range of the demand curve?,Marginal cost equals marginal revenue,Total cost decreases,Total revenue decreases,It maximizes consumer surplus,,
,Under what condition might a monopoly operate at a loss?,If average variable cost exceeds price,Price equals marginal revenue,When price is above average total cost,When MR exceeds demand,,
,The difference in price and manufacturing cost in a monopoly illustrates:,Producer surplus,Cost efficiency,Consumer surplus,Competitive parity,,
,Which market condition supports the existence of a monopoly?,Multiple buyers and sellers,Economies of scale,Homogeneous products,Perfect transparency,,
,Deadweight loss in a monopoly is due to:,Total revenue exceeding total costs,Underproduction at high prices,Efficient resource allocation,Overproduction at low prices,,
,A monopolist's ability to price above marginal cost results in:,Increased returns to scale,Increased producer surplus,Greater consumer satisfaction,Decreased market power,,
,"For a monopoly, achieving the socially optimal quantity would likely require:",Eliminating barriers to entry,Setting price equal to average total cost,Price maximizing,Government regulation like a price ceiling,,
,In response to which element do monopolies determine their output uniquely?,Average variable cost,Marginal cost,Consumer preferences,Total fixed cost,,
,The practice of price discrimination would allow a monopoly to:,Match competitive market prices,Charge a single market price,Expand consumer surplus,Increase marginal revenue to match demand,,
,Why does a monopoly set its quantity where MR = MC and not where demand is maximized?,To achieve maximum marginal revenue across all units produced,To minimize consumer surplus and maximize market control,To maximize profits,To reduce total costs,,
,How does the existence of high barriers to entry affect market efficiency in a monopoly?,It improves allocative efficiency due to controlled pricing,It eliminates producer surplus,It ensures average total cost is minimized,It results in resource misallocation and deadweight loss,,
,Why might a natural monopoly benefit society despite being a single firm?,It reduces innovation and creates fewer unique products for consumers,It uses economies of scale efficiently,It produces goods at higher costs than multiple competing firms would,It eliminates competition and drives up prices,,
,In what way is the ability to set prices above marginal cost a fundamental issue with monopolies?,It leads to allocative efficiency in the market,It creates deadweight loss,It matches the outcome in perfectly competitive markets,It prevents monopolies from earning long-run economic profits,,
,Why can a monopoly sustain long-term profits while perfectly competitive firms cannot?,They produce standardized products at lower costs,Monopoly firms' costs decrease perpetually,Monopolies lack significant competition,They face no regulatory restrictions,,
,When could a monopoly's total revenue be optimized at a particular output level?,When demand exceeds supply in the market,When MC = ATC,When MR = 0,When MR = D,,
,How does monopoly pricing contribute to inefficiency compared to perfect competition?,Monopolies establish multiple price points across different market segments,"They overproduce, driving prices below marginal cost",Monopolies underproduce relative to the social optimum,They cause excess entry leading to innovation,,
,Why are consumer surpluses generally lower in monopolistic markets than in competitive ones?,Higher prices reduce consumer surplus benefits,Innovation always stagnates in monopolies,Monopolies price at perfect elasticity,Monopolies produce excessively,,
,How do monopolies manage to sell unique products or services to retain market dominance?,They significantly increase their production costs to limit supply,They use advertising and non-price competition,They diversify their product offerings beyond core markets,They replicate perfectly competitive prices,,
,Why does a monopoly's MR curve lie below the demand curve?,Because the monopoly applies a constant markup,Due to achieving productive efficiency,It reflects minimized production costs,Due to declines in additional revenue from reducing prices on all units,,
,How can regulatory price ceilings affect a monopoly’s equilibrium?,They enforce higher pricing above demand levels,They lead to higher monopolist profit margins,They decrease deadweight loss by increasing output,They eliminate producer surplus and consumer surplus,,
,Why is the ATC curve important when determining a monopoly's profit or loss?,It remains constant regardless of output,It shows whether the price covers all costs at different output levels,It dictates the demand curve,It intersects directly with marginal cost,,
,In which scenario would a monopoly experience a loss even if it controls prices?,When demand outstrips supply,When ATC is above the price it can charge,When economic profit equals zero,When price is above ATC,,
,"How can a monopoly justify price discrimination, which is typically not feasible?",By setting a single price point for all segments,Through perfect knowledge of consumer demand elasticity,By keeping MR equal to MC at all quantities,By meeting production cost targets,,
,How does a monopoly's control over market terms influence its pricing strategy?,It aligns pricing decisions with competitors' market strategies,It reduces barriers to entry for potential competitors,It generates significant cost reductions through economies of scale,It enables above-market pricing,,
,Which condition would compel a monopolist to produce inelastic demand?,Increasing marginal costs,Control of all market resources,Imposition of strict price ceilings,Lack of government regulation,,
,Why might a regulated monopoly still experience deadweight loss while achieving a normal profit?,Because P = ATC does not necessarily mean minimizing ATC,Through excess innovation,Due to eliminating socialized costs,Due to reduced producer surplus,,
,How can government intervention transition a monopoly toward allocative efficiency?,By enforcing maximum production limits to prevent overproduction,By reducing product uniqueness through market competition,By setting P = MC,By subsidizing monopolist profits,,
,What role does the unit elastic point play in monopoly pricing strategies?,It signals where total profit is minimized in the market,It divides elastic and inelastic demand regions,It maximizes consumer surplus and social welfare,It dictates production capacity,,
,What is a monopoly?,A market with many firms,A market structure controlled by one firm,A market with free entry and exit,A market with identical products,,
,"In a uniformly-pricing monopoly, what does the monopolist charge?",The lowest price possible,Prices based on market equilibrium,One price for all consumers,Different prices to each consumer,,
,Where does a monopoly set its price in a uniformly-pricing strategy?,At the highest consumer willingness to pay,At the lowest cost of production,Where MR = MC,Where demand equals supply,,
,What is price discrimination?,Charging each consumer the same price,Charging different prices based on consumer willingness to pay,Selling at a single market price,Discounting obsolete products,,
,What does a firm need to practice price discrimination?,Government regulation,Identical products,Easy entry into the market,Market power,,
,Which condition must be present for price discrimination?,Consumers can easily resell products,Products are available only at a single price,Consumers have identical demands,Firm can segregate the market,,
,What happens to consumer surplus in a price discriminating monopoly?,It increases,It stays the same,It decreases slightly,It becomes zero,,
,How does price discrimination affect producer surplus?,Completely removes it,Decreases it,Increases it,Has no effect,,
,Which of the following is an example of price discrimination (charging different prices to different consumers for the same good or service when the price differences are not based on differences in marginal cost)?,A movie theater charges lower ticket prices to students and seniors than to other adults for the same showing,A store offers a lower per-unit price only when customers buy a larger quantity because the seller’s per-unit costs are lower for large orders,A coffee shop runs a temporary sale that lowers the posted price for all customers during one week,A firm posts one price for a product and charges every customer that same price,,
,What happens to deadweight loss in perfect price discrimination?,It increases,It becomes infinite,It reduces to zero,It remains unchanged,,
,What curve is downward sloping in a perfect price discrimination graph?,Demand equals marginal revenue,Marginal cost,Total revenue,Average total cost,,
,"In price discrimination, what happens to total revenue?",Cannot be determined,Remains constant,Forms a trapezoid on the graph,Forms a square on the graph,,
,Which condition prevents price discrimination?,Easy product resale,Significant barriers to market entry,Extensive advertising campaigns,Strong market competition,,
,A perfectly competitive market is described as...,A market with many sellers and identical products,A market structure dominated by a single large producer,A market where firms have market power,A market with high barriers to entry,,
,What does allocatively efficient mean in price discrimination?,Producing at the level where price equals marginal cost,Producing less than demand,Producing at the lowest possible cost,Producing more than demand,,
,What is the relation between demand and marginal revenue in a perfect price discrimination scenario?,Demand is greater than marginal revenue,Marginal revenue is greater than demand,Demand equals marginal revenue,Both are equal to zero,,
,Which type of price discrimination involves setting prices for individuals?,First-degree price discrimination,Uniform pricing,Time-based pricing,Bulk discounting,,
,What happens to a firm's economic profits when practicing price discrimination?,They remain unaffected,They decrease,They increase,They become negative,,
,What is one example of a firm practicing third-degree price discrimination?,A company that charges the same price to all consumers regardless of their characteristics,Free samples distribution,Buy-one-get-one offers,Movie theaters charging by age,,
,What is a characteristic of first-degree price discrimination?,Selling products in bulk quantities to reduce per-unit costs,Providing same-day delivery,Charging based on individual willingness to pay,Offering discount coupons,,
,What outcome is achieved in perfect price discrimination?,Zero consumer surplus,Maximum deadweight loss,Maximum consumer surplus,Minimum producer surplus,,
,What is the key feature of a price discriminating monopoly?,Unlimited supply availability,Charging consumers less than cost,Charging each consumer a price based on their willingness to pay,Identical prices for all,,
,A monopolist that cannot segregate its market is likely to...,Charge a uniform price,Exit the market,Charge different prices randomly,Engage in price discrimination,,
,Which market structure cannot reliably coordinate prices and output due to imperfect competition?,Monopolistic markets,Regulated markets,Perfectly competitive markets,Commodities markets,,
,What condition is necessary for distinguishing different consumer groups in price discrimination?,Market segmentation,Homogeneous product characteristics,Identical production costs,Excess supply conditions,,
,How does price discrimination impact total revenue in a monopoly compared to uniform pricing?,Reduces total profits significantly due to administrative costs,Leaves it unaffected,Increases it by capturing consumer surplus,Decreases it because of lower average prices,,
,What happens to deadweight loss as a monopoly engages in perfect (first-degree) price discrimination?,It becomes zero,It decreases,It remains unchanged,It increases,,
,Which condition enables a monopoly to capture more consumer surplus?,Price discrimination,Price fixing,Perfectly competitive market,Uniform pricing,,
,Why does a monopoly have lower consumer surplus in price discrimination compared to uniform pricing?,Because there is more competition,Because it eliminates consumer surplus by meeting each consumer's willingness to pay,Because prices are higher for everyone,Because consumers refuse to buy,,
,When is a monopolist able to produce at an allocatively efficient level of output?,With price discrimination,In a perfectly competitive market structure,When government regulates,When charging a single price,,
,Which factor is essential for a firm to segregate markets effectively?,High fixed costs,The ability to distinguish between different consumer willingness to pay,Identical demand for all buyers,Uniform pricing policy,,
,How does price discrimination influence economic profit in a monopoly?,Leads to economic losses for the firm,Decreases profit due to higher operational costs,Has no effect on profit levels,Increases profit by capturing consumer surplus,,
,"In a price-discriminating monopoly, how is total cost represented on the graph?",As a horizontal line,As a downward sloping line,As a vertical line at zero,As a rectangle formed by ATC and quantity,,
,What is the relationship between marginal revenue and demand in perfect price discrimination?,Demand equals marginal revenue,They are unrelated,Marginal revenue is always higher,Marginal revenue is always lower,,
,Why is a monopoly unable to engage in price discrimination if consumers can easily resell the product?,Consumers can arbitrage price differences,Reselling increases overall market demand,Reselling affects the monopolist's supply curve,Reselling improves overall consumer welfare,,
,What role does market segmentation play in price discrimination?,It identifies consumers by their willingness to pay,It allows firms to maintain consistent pricing across all market segments,It prevents any fluctuation in market prices,It increases overall production capacity,,
,What happens to a monopoly's long-run economic profits when practicing price discrimination?,They become zero,They remain constant,They increase,They decrease,,
,How is total revenue visually represented in the graph of a price discriminating monopoly?,As a rectangle,As a trapezoid,As a triangle,As a circle,,
,What would likely occur if a firm was unable to effectively separate consumer markets?,Loss of monopoly power,Increased deadweight loss,Successful price discrimination,Forced to use uniform pricing,,
,Why does price discrimination lead to allocative efficiency in a monopoly?,It ensures all consumers are priced out of the market,It limits production to reduce surplus,It reduces production costs,It matches production to where price equals marginal cost,,
,A sports team charging different prices for seats in the same section is an example of what?,Uniform pricing,Price cartel,Price discrimination,Economies of scale,,
,What is the outcome on deadweight loss and efficiency when a monopoly practices perfect price discrimination?,"Deadweight loss is eliminated, increasing efficiency",Deadweight loss remains unchanged,Deadweight loss increases,Efficiency is reduced,,
,Why is consumer surplus zero in cases of perfect price discrimination?,Prices are set too high for consumers to afford,Consumers refuse to purchase at the given prices,The monopolist captures all surplus,There is no market demand,,
,What significant effect does price discrimination have on the producer surplus?,It remains unchanged from the original level,It becomes negative,It increases as consumer surplus decreases,It reduces it significantly,,
,What key outcome distinguishes a price-discriminating monopoly from a pure monopoly?,Equal consumer prices for all market participants,Allocative efficiency,Higher consumer surplus,Lower economic profits,,
,Why is it necessary for a monopoly to prevent consumers from easily reselling products in order to effectively practice price discrimination?,It allows for higher production quantities,It prevents price erosion through consumer arbitrage,It reduces the monopoly power of the firm,It maintains price stability across markets,,
,How does the relationship between demand and marginal revenue change when a monopoly practices perfect price discrimination?,Marginal revenue exceeds demand,Demand becomes greater than marginal revenue,Demand becomes irrelevant,Demand equals marginal revenue,,
,Why does a perfectly price-discriminating monopoly achieve allocative efficiency while a uniform-pricing monopoly does not?,It minimizes consumer surplus,It reduces overall product costs,It matches price with consumer preferences perfectly,It avoids regulatory capture,,
,How does market segmentation contribute to eliminating deadweight loss in perfect price discrimination?,By ensuring production at P = MC without surplus,By restricting market entry,By increasing deadweight loss naturally,By shifting the ATC curve downwards,,
,In what way does perfect price discrimination transform consumer surplus into additional profits for the monopolist?,By increasing product differentiation across market segments,By reducing average total costs through economies of scale,By charging each consumer their maximum willingness to pay,By eliminating government-imposed price ceilings,,
,What underlying factor allows a monopoly to sustain larger long-run economic profits with price discrimination compared to uniform pricing?,Government subsidies and regulatory protection supporting monopoly power,Monopolistic competition keeping rivals at bay,Capturing consumer surplus more effectively,Exclusive access to supply resources,,
,How does the market power inherent in a monopoly facilitate the practice of price discrimination?,It allows the firm to set unregulated prices across all market segments,It enables the firm to prevent product homogeneity,It provides the ability to produce at zero cost,It gives control over pricing above marginal cost,,
,Why can't uniform pricing achieve allocative efficiency in a typical monopoly market setup?,"Because it overproduces, creating deadweight loss from excessive supply",Because it underproduces relative to competitive markets,Because it leads to an infinite demand curve,Because price is always set below marginal cost,,
,What rationale supports charging different prices to different consumer groups in a price-discriminating market?,Consumers in different groups have identical elasticities of demand,It increases overall market demand uniformly,It creates surplus production capacity,Consumers have unique demand elasticities and willingness to pay,,
,How does perfect price discrimination align a monopoly's output level with that of a perfectly competitive market?,Price equals marginal cost,The monopoly reduces production below the marginal cost markup level,Market entry by competitive firms,Scaling back advertising expenses,,
,What impact does price discrimination have on the graphical representation of total revenue in a monopoly's demand curve?,It creates a triangular area below the demand curve,It creates a trapezoidal shape,It results in a reduced geometric area of total revenue,It remains unchanged from uniform pricing,,
,Why is having detailed consumer data crucial for a firm practicing price discrimination?,It allows individualized pricing strategies,It limits consumer purchasing power,It serves to reduce overall market supply,It helps to enforce price ceilings,,
,"In a price-discriminating monopoly, how are economic profits affected in contrast to a pure monopoly with uniform pricing?",They are considerably reduced due to regulatory constraints,They mirror profits in perfectly competitive markets,They remain stagnant due to operational costs,"They grow, as all consumer surplus is captured as profit",,
,How can a firm's ability to segregate the market impact its overall pricing strategy?,It allows flexibility in pricing to capture willingness to pay,It standardizes production techniques,It homogenizes consumer demands,It ensures a rigid pricing model is maintained,,
,What is a primary benefit for a firm employing first-degree price discrimination as opposed to other forms such as third-degree?,It provides certainty in consumer purchasing decisions,It enhances cost-effectiveness,It leads to consumer loyalty programs,It captures maximum consumer surplus as profit,,
,Why is the ability to prevent resale critical for the success of a price discrimination strategy?,It prevents black-market activities and illegal transactions,It prevents arbitrage that undermines pricing differences,It builds stronger consumer trust and loyalty,It ensures compliance with trade regulations,,
,How does price discrimination impact societal welfare compared to a uniform pricing strategy within the same market structure?,It creates cyclical welfare impacts,It often leads to greater societal welfare,It has no perceivable impact,It tends to diminish societal welfare,,
,In what way does the transition from uniform pricing to price discrimination highlight the nuances of marginal versus average revenue?,Both average and marginal revenues diminish,Average revenue becomes greater than marginal revenue,Marginal revenue surpasses average revenue consistently,Marginal revenue converges to equal average revenue,,
,Why must price discrimination strategies carefully consider consumer demand elasticity?,It determines how prices capture surplus effectively,Elastic demand verifies static price benefits,It is irrelevant to price discrimination outcomes,Inelastic demand equates to reduced pricing flexibility,,
,How does price discrimination reflect a monopolist's understanding of consumer demand heterogeneity?,By promoting undifferentiated product offerings across all market segments,By assuming consumer preference uniformity,By integrating uniform price constraints throughout the market,By recognizing demand differences among consumers,,
,What type of market structure is characterized by many firms selling differentiated products?,Monopoly,Monopolistic Competition,Perfect Competition,Oligopoly,,
,"In the long run, what is the expected economic profit for firms in monopolistic competition?",Negative,Zero,Positive,Undefined,,
,Which of the following is an example of a monopolistically competitive market?,Electricity market,Wheat farming,Postal service,Fast-food restaurants,,
,Monopolistic competition has ______ barriers to entry.,Low,C,No,High,,
,What is a common strategy used by firms in monopolistic competition to differentiate their products?,Price signaling,Mergers,Price fixing,Advertising,,
,"In monopolistic competition, firms are considered to be what type of market participant?",Price takers,Price followers,Price makers,Price leaders,,
,What does excess capacity in monopolistic competition indicate?,Perfectly efficient output,Overproduction,No differentiation,Underproduction,,
,What is the main reason for deadweight loss in monopolistic competition?,Perfectly elastic demand,Homogeneous products,Resource abundance,Inefficient output level,,
,Which curve is more elastic in monopolistic competition compared to monopoly?,Average total cost,Demand,Marginal cost,Marginal revenue,,
,What happens to the demand curve when more firms enter a monopolistically competitive market?,Stays the same,Shifts left,Becomes vertical,Shifts right,,
,In which market structure is there both allocative and productive inefficiency?,Monopolistic competition,Monopoly,Perfect competition,Oligopoly,,
,What happens to profits in monopolistic competition in the long run?,Firms keep their profits,Profits are negative,Profits attract new entrants,Profits do not change,,
,Monopolistic competition is similar to which market structure because of product differentiation?,Public sector,Monopoly,Perfect competition,Oligopoly,,
,Which of the following describes the ability of a firm to control prices in monopolistic competition?,Full control,Government control,No control,Some control,,
,How do firms in monopolistic competition typically compete?,By increasing prices,By reducing costs,Through non-price competition,By limiting output,,
,What does 'price makers' indicate in monopolistic competition?,Firms have some control over pricing,Prices are controlled by government,Firms can set any price without consequences,Prices are fixed by the market,,
,A firm in monopolistic competition focuses on which aspect to gain an edge over competitors?,Increasing barriers to entry,Product differentiation,Reducing workforce,Lowering quality,,
,What occurs when firms in a monopolistic competition earn short-run losses?,Firms exit the market,New firms enter the market,No changes occur,Government increases regulation,,
,Which of the following is a characteristic of products in monopolistic competition?,Identical,Government-regulated,Differentiated,Homogeneous,,
,What is the relationship between price and marginal cost in monopolistic competition?,Price is less than marginal cost,Price is unrelated to marginal cost,Price is more than marginal cost,Price equals marginal cost,,
,"In monopolistic competition, what allows a firm to have market power?",Number of firms,Government subsidies,High entry barriers,Product differentiation,,
,What is typically used by firms in monopolistic competition to create brand recognition?,Mergers and acquisitions,Patent laws,Advertising,Price wars,,
,What results from firms in monopolistic competition breaking even in the long run?,Normal profit,Supernormal profit,Economic profit,Economic loss,,
,Why can't prices in monopolistic competition be relied on to coordinate all market actions?,Supply exceeds demand,Prices are regulated,Perfect information,Prices are affected by differentiation,,
,Which market structure is characterized by excess capacity in the long-run?,Monopolistic competition,Monopoly,Oligopoly,Perfect competition,,
,Why might a monopolistically competitive firm continue to operate in the short run despite incurring losses?,To cover its variable costs,To gain market reputation,To maintain government subsidies,To eliminate competition,,
,How does product differentiation in monopolistic competition lead to a downward-sloping demand curve for individual firms?,It causes a shift in the supply curve,It results in a perfectly elastic demand curve,It creates customer loyalty and brand recognition,It makes consumers perceive the products as substitutes,,
,What is the long-run effect on price and output for a firm in monopolistic competition if new firms enter the market?,Price falls and output decreases,Price and output remain unchanged,Price rises and output decreases,Price falls and output increases,,
,Why do monopolistically competitive firms have excess capacity in the long run?,Firms do not produce at minimum ATC,Demand is perfectly elastic,Prices equal marginal costs,Constant returns to scale,,
,Which characteristic of monopolistic competition can lead to higher prices compared to perfect competition?,Product differentiation,High barriers to entry,Perfect information,Homogenous products,,
,What role does advertising play in monopolistic competition?,It creates perfect information for consumers,It differentiates products and increases demand elasticity,It reduces the number of firms in the market,It increases the elasticity of supply,,
,How do firms in monopolistic competition determine the profit-maximizing level of output?,Where price equals marginal cost,Where MR = MC,Where supply equals demand,At minimum ATC,,
,"In the context of monopolistic competition, what is the primary purpose of product differentiation?",To attract consumers,To achieve allocative efficiency in the marketplace,To minimize production costs,To create a perfectly elastic demand curve,,
,How does the existence of many firms in monopolistic competition affect efficiency compared to monopoly?,It leads to productive efficiency,It results in more inefficiency due to model complexity,It decreases inefficiency associated with market power,It increases allocative efficiency,,
,What challenge do firms in monopolistic competition face when setting prices?,Dealing with perfect information,Differentiating products without increasing costs,Limited influence over market prices,Coordinating with other firms,,
,Why is it difficult for a monopolistically competitive firm to maintain long-term economic profits?,High barriers to entry,Government regulation of prices,Increasing returns to scale,Free entry and exit in the market,,
,How does free entry and exit affect the long-run equilibrium in monopolistic competition?,It results in zero economic profit,It causes firms to produce at maximum efficiency,It guarantees positive economic profit,It leads to excess supply in the market,,
,What does the presence of a downward-sloping demand curve suggest about a firm's market power?,The firm can control industry supply,The firm experiences constant marginal cost,The firm has no market power,The firm can influence its own price,,
,How is consumer surplus typically affected in monopolistic competition compared to perfect competition?,It is larger due to lower prices,It is smaller due to higher prices,It is eliminated by perfect elasticity,It remains unchanged,,
,What impact does non-price competition have on demand elasticity in monopolistic competition?,It decreases elasticity,It eliminates elasticity,It has no impact,It increases elasticity,,
,How does the presence of differentiated products in monopolistic competition affect the market?,Reduces consumer options,Ensures identical marginal costs,Leads to allocative efficiency,Creates brand loyalty,,
,What happens to producer surplus when a firm in monopolistic competition increases product differentiation?,It increases,It decreases,It is completely eliminated,It remains the same,,
,How does the elasticity of the demand curve in monopolistic competition compare to that in a monopoly?,Perfectly elastic in monopolistic competition,Less elastic due to single firm control,More elastic due to availability of substitutes,Equally elastic in both,,
,Which transition explains the process from short-run profits to long-run equilibrium in monopolistic competition?,Government intervention regulates profit,Demand shifts to ensure profits,"Firms exit, reducing supply",Entry reduces profits over time,,
,Why might a firm in monopolistic competition not produce at minimum average total cost in the long run?,Because excess capacity results from product differentiation,As a result of decreasing returns to scale,Due to government regulations,Since marginal cost equals price,,
,How does the concept of excess capacity highlight the inefficiencies inherent in monopolistic competition?,It indicates firms are limited in production expansion,It implies firms produce at maximum output capacity,It reveals firms produce below optimal output level,It shows firms produce above minimum efficient scale,,
,Why might firms in monopolistic competition utilize non-price competition rather than reducing prices?,To increase short-term losses,To lower production costs,To strengthen product differentiation and brand loyalty,To avoid reducing market share,,
,How does the presence of low barriers to entry influence long-run profits for firms in monopolistic competition?,It ensures firms will experience consistent losses over time,It allows sustained economic profits,It eliminates long-run profits,It results in monopolistic control of the market,,
,What effect does product differentiation have on the perceived elasticity of demand for a monopolistically competitive firm?,It makes the demand perfectly inelastic,It increases demand elasticity by reducing substitute availability,It has no effect on demand elasticity,It decreases the elasticity due to brand loyalty,,
,In what way is the adjustment from short-run to long-run equilibrium in monopolistic competition driven by changes in demand and marginal revenue?,By reducing production costs to offset declining market prices,By merging to form larger entities,By collaborating to stabilize demand,By new entry shifting demand left,,
,How can advertising make consumer demand more elastic in monopolistically competitive markets?,By increasing prices,By making consumers more aware of substitutes,By homogenizing the products,By limiting available alternatives,,
,Why are the demand and marginal revenue curves more elastic in monopolistic competition compared to a monopoly?,Fewer substitutes exist in monopolistic competition,There's negligible product differentiation,A single firm dominates the market,Many firms offer somewhat substitutable products,,
,What ensures the tangency of the ATC curve and demand curve in the long-run equilibrium of monopolistic competition?,Constant returns to scale,Economies of scale,No change in market demand,Diseconomies of scale,,
,How does the process of normal profit realization in monopolistic competition indicate market response to short-run economic profits or losses?,Firms conspire to stabilize profits,Government intervention restores balance,"Entry and exit adjust firm count, altering demand and MR curves",Firms maintain their market positions without change,,
,"In what way do monopolistic competitors use advertising to distinguish their products from those of competitors, and what impact does this have on market dynamics?","It separates products by price similarity, minimizing competition between firms","It obscures product features, complicating consumer choice and decision-making","It highlights unique attributes, increasing consumer choice","It promotes standardization across firms, reducing product differentiation",,
,How do shifts in demand and MR curves in monopolistic competition when adjusting back to normal profit highlight the market's response to inefficiencies?,Firms enter or exit to restore market equilibrium,The market remains unstable due to excessive output production,"The market overcorrects, causing increased long-term profit margins",The market stabilizes at allocatively efficient output,,
,Why is a monopolistically competitive firm's long-run equilibrium characterized by neither allocative nor productive efficiency?,Firms produce at the lowest average total cost,Demand is perfectly inelastic for all firms,The presence of differentiated products disrupts efficient resource allocation,Because firms set price equal to marginal cost,,
,Why might an increase in the number of firms result in a leftward shift of the monopolistically competitive firm's demand curve?,It indicates a complete breakdown of product differentiation across the market,It represents a rise in individual firm control,It signals increased consumer demand,It reflects greater competition and substitutes,,
,How does non-price competition in monopolistic competition help maintain a firm's customer base without reducing prices?,By eliminating substitutes from the market through aggressive pricing strategies,By improving product quality and marketing,Through standardizing products to reduce costs,By raising prices to signal exclusivity,,
,In what way does the elasticity of a monopolistic firm's demand curve affect its ability to earn economic profits in the short run?,Perfect elasticity guarantees infinite profit,Less elasticity means greater control over pricing and potential profits,Greater elasticity means less competition but more control,Elasticity has no effect on short-run profits,,
,How does the presence of differentiated products contribute to excess capacity in monopolistic competition?,It increases the number of firms while simultaneously decreasing overall product variety in the market,It encourages firms to operate beyond their normal capacity to satisfy unique consumer demands,It causes firms to operate below minimum efficient scale,It forces firms to consolidate their available resources to remain competitive and efficient,,
,Why do firms retain some degree of market power in monopolistic competition despite the presence of many competitors?,Because of uniform pricing strategies across the market,Because market power is evenly split among firms,"Because they offer unique, differentiated products",Due to government regulation,,
,In what way does low barrier to entry impact productive efficiency in monopolistic competition?,It prevents long-run productive efficiency,It ensures firms always produce at minimum average total cost in the long run,It drives firms to produce beyond capacity,It sustains economic profits indefinitely,,
,Why might the demand curve for a monopolistically competitive firm not remain static in the long run?,Constant price changes,Ineffective advertising campaigns reduce market share,Entry and exit of firms,Permanent changes in consumer preferences,,
,How does product differentiation play a role in allocative inefficiency in monopolistic competition?,It enhances consumer satisfaction without increasing costs,It promotes product substitution leading to efficiency,It diverts resources from optimal allocation due to focus on unique attributes,It creates identical utility across all products,,
,An oligopoly is best described as a market structure with:,Many small firms,One large firm,A few large firms,No firms,,
,Which of the following is known for encouraging firms to act as a single unit?,Perfect Competition,Cartel,Monopolistic Competition,Oligopoly,,
,"In a non-colluding oligopoly, firms compete primarily through:",Joint ventures,Price leadership,Merger agreements,Setting a single price,,
,What characteristic allows oligopolistic firms to make long-run profits?,High elasticity of demand,Government subsidies,Unlimited entry,High barriers to entry,,
,"When firms in an oligopoly engage in non-price competition, they:",Decrease prices without changing product features,Ignore the market trends,Lower prices drastically,Change product features without altering prices,,
,Game theory is the study of:,Unrelated markets,Random consumer behavior,Infinite resources,Strategic interactions,,
,A dominant strategy is one that:,Randomly selected,Provides the best payoff regardless of others' actions,Increases risk with unknown outcomes,Maximizes losses,,
,A Nash Equilibrium occurs when:,Firms act unexpectedly and change strategies frequently,All firms have multiple strategies available to them,No player benefits from changing strategy unilaterally,One firm controls the entire market,,
,An example of a duopoly could be:,Two firms controlling a market,Four major competitors,A single seller,Many small competing firms,,
,The kinked demand curve suggests that:,Demand remains constant regardless of price changes,Price increases create elastic demand,Firms consistently engage in aggressive price-cutting strategies,Firms have no pricing power,,
,What is a payoff matrix used for?,Executing trade agreements,Showing payoffs from different strategies,Fixing market prices,Dictating production levels,,
,Market power in an oligopoly allows firms to:,Set prices above marginal cost,Enter new markets freely,Always face rising demand curves,Be price takers,,
,"In an oligopoly, product differentiation means:",No substitutes exist,Products vary but are close substitutes,All products enter the market at the same time,Products are identical,,
,A Prisoner's Dilemma demonstrates that:,There is always a clear winner,Players' outcomes depend on both parties’ actions,Cooperation always leads to better outcomes,It is better to act unilaterally,,
,The main feature distinguishing an oligopoly from perfect competition is:,Homogeneous products,Free entry and exit,Perfect information,Few dominant firms,,
,Which of these industries is most likely an oligopoly?,Consumer electronics,Local farming,Taxi services,Home cleaning services,,
,A cartel's primary goal is to:,Improve consumer choices,Maximize individual competition,Increase the number of firms,Control prices collectively,,
,"When two firms do not communicate but still consider each other's actions, this is called:",Entry deterrence,Strategic dependence,Monopolistic behavior,Cost cutting,,
,"In the context of game theory, a 'game' involves:",Making predictions about weather patterns and climate changes,Strategic interactions,Establishing predetermined rules,A single decision-maker,,
,Which of the following best describes a Nash Equilibrium in simple terms?,Each player acting alone,Perfectly balanced state,Continuous shifting of strategies,No player benefits by changing actions alone,,
,Theories of oligopoly primarily focus on:,Predicting individual actions,Efficiency of small firms,Understanding group dynamics,Emphasizing single firms,,
,High barriers to entry in oligopolies lead to:,Many new competitors,Limited firm entry,Excessively low prices,Unlimited market access,,
,Advantage of using a dominant strategy in game theory is:,Guarantees the best outcome no matter what,Eliminates market power,It prevents all losses,Conforms to all competitors’ strategies,,
,The payoff for a player's strategy depends on:,External market forces,The choices of all involved players,Actions taken unilaterally,Fixed cost conditions,,
,An oligopoly differs from monopolistic competition because:,It involves many small firms,There are low barriers to entry,It is dominated by few firms,Products are identical,,
,Why do oligopolistic firms have difficulty achieving the same outcomes as a competitive market?,They always collude to set high prices,They lack enough market information,They produce excess supply,Their interdependent decisions often lead to suboptimal collective outcomes,,
,"In a payoff matrix, when both firms have no incentive to change their chosen strategies independently, this is known as:",Nash Equilibrium,Perfect Competition,Dominant Strategy Equilibrium,Cournot Outcome,,
,Oligopolies tend to have higher prices and lower quantities than perfect competition due to:,Overproduction and surplus,Strategic pricing and limited competition,Increased consumer demand,Government regulation,,
,"If one firm in a duopoly significantly lowers its price, the most likely response from the other firm would be to:",Ignore the price change completely,Raise its own price in response,Leave the market entirely,Lower its price too,,
,Barriers to entry contribute to oligopolistic firms maintaining profits because they:,Minimize product differentiation among competing firms,Ensure perfect consumer information,Attract new firms and technology,Keep potential competitors out,,
,A kinked demand curve suggests that a firm may experience:,High volatility in production costs and unpredictable market conditions,Elastic demand above the kink and inelastic demand below it,Constant returns to scale in the long run,Lower consumer loyalty,,
,Under what conditions might the Nash Equilibrium lead to a suboptimal outcome for firms?,When firms act independently to maximize profits,When government price controls and regulatory oversight limit competitive strategies,When firms cooperate fully,When market information is perfect and shared,,
,Which scenario best illustrates the use of game theory in an oligopoly?,A monopolistic firm dictating market terms,Several firms completely ignoring each other's actions,Firms adjusting strategies based on predicted competitor responses,A single firm setting the industry price unilaterally,,
,"If two firms are in a colluding oligopoly, their primary goal is to:",Compete aggressively on price,Maximize joint profits by reducing competition,Increase market entry for new firms,Share market information with consumers,,
,Which of the following best describes a dominant strategy?,A strategy that involves copying what competitors do in the market,The best choice regardless of opponents' actions,The safest option with minimal risk,A strategy used only once then discarded,,
,How does an oligopoly's market power affect consumer choices?,It may limit product variety and innovation,It ensures the lowest price is always provided,It broadens the amount of choices,It focuses solely on cost reductions,,
,Why might firms in an oligopoly prefer non-price competition strategies?,To avoid triggering price wars with competitors,Price changes are typically ignored by rival firms in the market,To avoid capacity constraints,It guarantees immediate profit increase,,
,"In the context of game theory, why are payoff matrices useful?",They show outcomes and incentives for different strategies,They eliminate the need for extensive cost-benefit analysis in strategic planning,They ensure firms remain competitive,They determine production quantities,,
,Which factor most significantly distinguishes the kinked demand model in oligopoly?,Symmetrical consumer responses to all price changes,Perfectly inelastic supply curves in the market,Price elasticity varies with competitor reactions,Inability to raise output without losses,,
,"When one firm's action directly affects another's profits, this is referred to as:",Limit pricing,Price rigidity,Monopolistic practices,Mutual interdependence,,
,The difference between oligopoly and monopolistic competition is primarily:,Number of firms and level of market control,Consumer loyalty programs,Type of products offered,The presence of overseas competition,,
,"In the scenario of a price war, what is a likely outcome for an oligopolistic market?",Market demand remains relatively stable throughout the competition,Tacit collusion becomes more entrenched,Profitability declines for all firms,Entry barriers rise sharply,,
,What is a main reason firms in an oligopoly are inefficient if left unregulated?,Commitment to free market principles and competitive pricing strategies,Over-reliance on external subsidies,Excessive focus on legal compliance,Price does not equal marginal cost,,
,How can a dominant strategy impact market equilibrium in an oligopoly?,It can lead to a stable Nash Equilibrium,Market equilibrium becomes unattainable,Firms may achieve maximal efficiency,All firms will pursue aggressive expansions,,
,"Why might Pepsi and Coca-Cola choose not to collude, leading to a price equilibrium at lower levels?",They have different consumer bases,Dominant strategies dictate pricing decisions independently,Brand loyalty ensures stable sales,Collusion is legally prohibited,,
,Why do oligopolistic markets tend to maintain long-term profitability despite competitive pressures?,Government sanctions on price setting,High barriers to entry and strategic interdependence,Constant technological innovation,Perfect market efficiency,,
,How does a payoff matrix help firms in an oligopoly determine their optimal strategies?,By establishing uniform pricing across all market participants,By showing outcomes of different strategic decisions,By forecasting future market downturns and recessions,By reducing collusion liability,,
,Why might firms in an oligopoly abandon price competition in favor of non-price strategies?,Non-price strategies immediately increase production costs and reduce operational efficiency,Price competition always leads to monopolistic control,Non-price strategies avoid retaliatory pricing,Non-price strategies guarantee market entry barriers,,
,How does the Nash Equilibrium relate to firms' strategic stability in an oligopoly?,A stable outcome where no firm gains by changing strategy alone,It forces all firms to adopt identical competitive pricing models,It ensures that market profits are distributed equally among all participants,It controls product innovation cycles,,
,Why are game theory models especially suited for analyzing oligopolistic markets?,They focus on strategic interactions and interdependence,They solely predict individual firm behavior,They prioritize random decision-making,They negate all external market influences,,
,How does strategic decision-making in a duopoly differ from perfect competition?,Firms are mutually interdependent,Price setting relies exclusively on marginal cost analysis,Competitors ignore each other's market behavior,Each firm operates independently of rivals,,
,"In the context of oligopoly, why is the concept of a dominant strategy significant?",It eliminates the need for strategic analysis,It prevents firms from entering suboptimal payoffs relative to others,It ensures all firms have identical market shares,It always leads to an increase in market competition,,
,What role do barriers to entry play in sustaining oligopoly market power?,They enhance product homogeneity across the market,They streamline new competitor entry processes,They dilute existing firms' market shares over time,They limit competition and preserve profits,,
,How does the kinked demand curve embody price rigidity in an oligopoly?,By enhancing seamless price adjustments,By indicating constant consumer responsiveness,By predicting economic stability despite external shifts,By reflecting mixed elasticity responses to price changes,,
,Why might firms in an oligopoly struggle to reach a collusive agreement despite mutual benefits?,Collusion eliminates market demand entirely,Legal risks and distrust,Government agencies require collusive practices,Collusion reduces industry profits,,
,How does the concept of interdependence distinguish oligopoly from other market structures?,Market shares fluctuate independently of competitor actions,Pricing decisions ignore market signals,Decisions are made with consideration of rivals' potential responses,Firms act unaffected by competitors' actions,,
,Why is it challenging for an oligopolistic firm to unilaterally raise prices?,Government regulations and antitrust laws prevent firms from making independent pricing decisions,"Competitors may not follow suit, causing the firm to lose market share",Higher prices automatically reduce production costs,Consumer demand remains completely unresponsive to price increases,,
,How does mutual trust impact the success of cartels in an oligopolistic market?,It enables effective collusion,It reduces uncertainty about competitor behavior and market outcomes,It guarantees compliance with international trade regulations,It creates binding legal agreements,,
,What key factor allows a dominant firm to enact price leadership in an oligopoly?,Limited market information dissemination,Unchallenged market influence,Low production costs,Government mandate,,
,How does the interdependence of firms in an oligopoly affect market equilibrium?,Creates frequent shifts in strategic equilibrium,Results in perfectly balanced supply and demand curves,Ensures constant equilibrium regardless of market changes,Promotes homogeneous pricing worldwide,,
,Why might high barriers to entry in an oligopoly lead to inefficiency?,They encourage extensive price wars between competing firms,They prevent monopoly formation,They reduce firms' incentives to innovate or cut costs,They expand consumer choice unfairly,,
,In what way does a Nash Equilibrium guide firms towards stability in a competitive market?,It promotes cooperative profit maximization strategies among competing firms,It ensures no firm can improve by changing strategy alone,It stabilizes fluctuating consumer preferences and market demand,It forces price reduction mandates,,
,Why is game theory an effective tool for analyzing firm behavior in an oligopoly?,It ensures that one firm will always dominate market decisions,It guarantees that all firms will comply with government trade regulations,It models strategic interactions between competing firms,It accurately predicts random consumer preferences,,
,How do differentiated products contribute to the competitive dynamics in an oligopoly?,They result in completely homogenous market offerings across all firms,They decrease consumer brand loyalty significantly,They allow non-price competition,They eliminate the need for strategic interactions between competing firms,,
,"Why might coordination between firms in an oligopoly be more difficult than expected, even with clear mutual benefits?",Potential gains from deviating agreements lead to instability,Internal efficiency eliminates need for coordination,Consumer demands override collusion intents,Competing legal jurisdictions refuse collusion,,
,What are the factors of production?,"Goods, services, and consumer products","Supply, demand, and market equilibrium","Revenue, costs, and business profits","Land, labor, capital, entrepreneurship",,
,What is the payment for labor known as?,Rent,Wage,Interest,Profit,,
,Which market deals with the buying and selling of resources?,Factor market,Product market,Financial market,Underground market,,
,What type of demand is derived from the demand for products it helps to produce?,Direct demand,Variable demand,Derived demand,Fixed demand,,
,What does an increase in demand for homes do to the demand for carpenters?,Increases,Eliminates,Decreases,Stays the same,,
,What happens to the quantity of labor demanded by firms as wages rise?,It doubles,It increases,It decreases,It stays the same,,
,"What principle explains why, as variable resources are added to fixed resources, each one becomes less productive?",Law of Diminishing Marginal Returns,Law of Supply,Law of Demand,Law of Increasing Returns,,
,What is the cost of hiring one more worker called?,Marginal resource cost,Fixed cost,Total cost,Marginal cost,,
,What is the term used for the additional product produced by hiring one more worker?,Total product,Marginal product,Product cost,Average product,,
,How do firms calculate marginal revenue product (MRP)?,MP + P,MP / P,MP * P,MP - P,,
,When does diminishing marginal product begin?,When both total and marginal products are zero,When marginal product becomes negative,When total product starts increasing,When marginal product starts decreasing,,
,What is a firm's primary goal in the market?,Maximize profit,Minimize costs,Increase labor force,Reduce competition,,
,When should a firm stop hiring new resources according to MRP and MRC?,When MRP > MRC,When MRP < MRC,When MRP = MRC,When all resources are exhausted,,
,What happens when MRP exceeds MRC?,The firm incurs debt,The firm breaks even,The firm loses profit,The firm gains additional revenue,,
,What economic concept states that adding more workers leads each one to be less productive?,Law of Constant Returns,Law of Diminishing Marginal Returns,Law of Supply,Law of Demand,,
,In which scenario should a firm NOT hire an additional worker?,When MRP > MRC,When the firm is expanding,When MRP = MRC,When MRP < MRC,,
,What does TP stand for in factor markets?,Total Profit,Total Product,Total Price,Total Production,,
,"If a firm has additional revenue to gain, what should it do regarding MRP and MRC?",Increase wages,Hire fewer workers,Hire workers until MRP = MRC,Sell off resources,,
,What type of market deals with the hiring of labor?,Commodity market,Goods market,Retail market,Factor market,,
,What is the goal of a perfectly competitive firm in factor markets?,Only hire temporary workers,Minimize labor costs,Maximize shareholder value,Equalize MRP and MRC,,
,What results when each additional worker added produces less output?,Increasing returns,Constant returns,Diminishing marginal returns,Maximum efficiency,,
,"In the context of factor markets, what does MRC stand for?",Minimum Resource Cost,Marginal Revenue Cost,Marginal Resource Cost,Maximum Revenue Cost,,
,How do firms measure how much extra revenue is generated by an additional worker?,Marginal product of labor,Marginal revenue product,Average product of labor,Total product,,
,What happens to MRP when MP starts to decrease?,MRP increases,MRP decreases,MRP becomes infinite,MRP stays the same,,
,What economic scenario involves hiring resources until no additional profit can be made?,Resource elimination,Profit maximization,Revenue maximization,Cost minimization,,
,What relationship exists between the wage rate and the quantity of labor supplied in a given labor market?,Direct relationship,Cyclical relationship,Inverse relationship,No relationship,,
,"In factor markets, what causes the demand for labor to be downward sloping?",Increasing productivity of labor,Decreasing wage rates,Law of diminishing marginal returns,Rising cost of capital,,
,"What is the likely effect on marginal revenue product (MRP) if the price of the output rises, assuming other factors remain constant?",MRP will decrease,MRP will increase,MRP will stay the same,MRP will become negative,,
,How does the law of diminishing marginal returns affect the decision to hire more workers?,It makes hiring decisions completely unpredictable and random,It encourages hiring more workers,It does not impact hiring decisions,It discourages additional hiring,,
,What is the role of marginal resource cost (MRC) in hiring decisions?,It determines the total revenue generated by the firm,It sets the minimum wage that must be paid to workers,It increases as more workers are hired,It is compared to MRP for optimal hiring,,
,"If a firm's MRP is consistently greater than the MRC, what would likely happen in the market?",The firm will raise product prices,The firm will reduce wages,The firm will stop hiring immediately,The firm will continue hiring until MRP equals MRC,,
,What is the impact of a fixed resource limitation on labor productivity?,Decreases due to limitation,Increases indefinitely,Turns negative once limits are reached,Remains constant,,
,"When analyzing factor productivity, what does a diminishing marginal product suggest about resource allocation?",Additional resources are less effective,Resources are optimally allocated,Resources are too expensive,Resources are underutilized,,
,How does a rise in wages typically affect the quantity of labor demanded?,It stabilizes the demand,It decreases the quantity demanded,It has no effect,It increases the quantity demanded,,
,"If a factory continues to add workers to a fixed-sized facility, what is likely to happen to marginal returns?",Marginal returns will decrease,Marginal returns will stay the same,Marginal returns will fluctuate unpredictably,Marginal returns will increase,,
,What factor influences the supply of labor if not directly by wage rates?,Job satisfaction and workplace conditions,Opportunity cost of leisure,Educational attainment levels,Cost of living,,
,When does marginal revenue product (MRP) become significantly important in hiring decisions?,Only at the start of production,When outputs are standardized across industries,During periods of economic recession and uncertainty,When weighing costs against revenue,,
,What is the result of a firm hiring at the point where the MRP equals the MRC?,The firm is incurring losses,The firm maximizes profit,The firm maximizes cost,The firm stagnates growth,,
,What indirectly determines the demand for a specific type of labor in a market?,Labor union activities,Government policies,Availability of substitutes,Demand for the resulting product,,
,The law of diminishing marginal returns is an example of what kind of economic principle?,A production maximization rule,A cost-saving principle for businesses,An increasing return,A resource constraint,,
,What would be the effect of technology improvement on labor supply and productivity?,"Labor supply decreases, and productivity increases","Labor supply increases, and productivity decreases",Both labor supply and productivity decrease significantly,Productivity rises; labor supply stays flat,,
,What can cause shifts in the demand curve for labor in the factor market?,Constant wage rates,Changes in production techniques,Stable economic conditions,Fixed costs remaining constant,,
,Why might a firm reduce its labor force even if demand for its products is high?,To avoid diminishing returns,To increase wages,To maximize profit by reducing costs,To focus on other markets,,
,"If the marginal revenue product (MRP) of an additional worker is less than the marginal resource cost (MRC) of hiring that worker, what should the firm do in the short run?",Hire additional workers,Reduce the number of workers until MRP equals MRC,Raise the wage to attract higher-quality workers,Keep the current number of workers,,
,"In a scenario where all other factors are held constant, what might cause a marginal product to turn negative?",Insufficient availability of raw materials and other essential inputs,Too many workers,Intense market competition,Rising overhead expenses,,
,Why is it important for firms to consider the law of diminishing marginal returns when planning production?,To ensure workers are always fully productive,To avoid decreasing productivity as more inputs are added,To increase wage rates,To maximize the number of workers hired,,
,How does diminishing marginal revenue product influence a firm's hiring practices?,Encourages hiring more irrespective of revenue change,Discourages firing employees,Supports constant hiring regardless of productivity,Ensures hiring is only done if it adds to revenue,,
,What strategic decision should a firm make if the marginal revenue product of the last worker hired equals the marginal resource cost?,Invest in entirely new markets,Maintain current employment levels,Increase employment significantly,Reduce current employment levels,,
,In what scenario might MRP become less relevant in short-term hiring decisions?,Constant wage rates,Complete market transparency,Stable price levels,High economic uncertainty,,
,"If more capital is introduced into production, how might this affect the law of diminishing marginal returns?",It could delay the onset,It negates diminishing returns entirely,It makes returns unpredictable,It accelerates negative returns,,
,Why is maintaining an equal MRP and MRC crucial for profit maximization?,Balances overall resource consumption across production factors,Maximizes profit per resource unit,Guarantees employee satisfaction,Ensures maximum product availability in competitive markets,,
,How might external factors like technological advancement impact the traditional downward sloping demand for labor?,Cause labor demand to increase,Make demand less predictable,Steepen the demand curve,Flatten the demand curve,,
,What could cause the marginal revenue product to decrease even when the product price remains constant?,Addition of fewer productive workers,Increase in fixed costs,Reduction in capital,Improved worker efficiency,,
,Why might a firm continue hiring beyond the point of maximum productivity according to the law of diminishing marginal returns?,Because of a lack of understanding of economic principles,To maximize labor costs,To meet short-term contract obligations,To avoid worker downtime,,
,How does the concept of derived demand affect decisions about resource allocation in a construction firm?,Resources shift based on housing demand,Equal resource allocation across all construction projects,Cost reduction strategies in every business sector,Constant resource distribution patterns,,
,What might a firm do to mitigate the reverse effects of diminishing marginal returns?,Reduce the number of shifts,Increase wage rates,Hire more workers immediately,Increase production space,,
,How might an increase in the wage rate influence the need for technological innovation within a firm?,Lowers innovation needs,Increases need for innovation,Keeps innovation stable,Sharpens focus on manual labor,,
,What would be a primary reason for a firm to restrict hiring even when MRP is slightly greater than MRC?,Anticipating future economic instability,Already maximizing production,Having reached market saturation,Sufficient reserve of productive resources,,
,How can firms counteract the effects of diminishing marginal revenue product in the short run?,Increase the number of hours employees work,Lower the selling price,Use new technology,Offer fewer products,,
,What might firms misinterpret about diminishing marginal returns when entering new markets?,Interpret it as an initial boost in productivity,Assume it's always present,See it as irrelevant,Over-apply it without data,,
,Why is it incorrect to assume that diminishing returns result in zero productivity for added labor?,Adds no value whatsoever,"Reduces output efficiency, not total output","Limits potential, never reaching zero output",Always results in negative productivity,,
,How can understanding MRP versus MRC improve strategic financial planning?,Balances labor cost with perceived value,Ensures rapid resource depletion,Prevents profit loss,Maximizes labor engagement,,
,Why might an equilibrium state of MRP = MRC not always result in true profit maximization?,It ignores sunk costs,Does not take externalities into account,Assumes perfect market conditions,Does not consider future potential,,
,How does derived demand influence the flexibility of supply chains in a fluctuating market?,Increases adaptability,Ensures supply chains maintain rigid structures regardless of market conditions,Causes consistent supply levels,Acts without regard for market shifts,,
,"In evaluating whether to hire additional labor, what overarching economic principle guides profit maximization?",Always maximize labor force,Balance cost with diminishing returns,Evaluate potential demand,Apply fixed wage standards,,
,"In a factor market, who supplies labor?",Investors,Producers,Government,Consumers,,
,What happens to the quantity of labor supplied when wages increase?,Quantity of labor supplied is unchanged,Quantity of labor supplied decreases,Quantity of labor supplied increases,Quantity of labor supplied disappears,,
,"In most AP Microeconomics graphs and production functions, what letter is typically used to represent the quantity of labor input?",R,L,N,W,,
,What shape does the demand curve for labor have?,Upward sloping,Downward sloping,Vertical,Horizontal,,
,Where is the market labor equilibrium achieved?,Where demand exceeds supply,Where supply exceeds demand,At random points,Where supply equals demand,,
,What causes a surplus of labor?,Zero wages,High wages,Low wages,Equal wages,,
,A decrease in demand for a good affects labor demand how?,Increases labor demand,Has no effect,Decreases labor demand,Doubles labor demand,,
,What effect does improved worker productivity have on labor demand?,Eliminates labor demand,Increases labor demand,Leaves labor demand unchanged,Decreases labor demand,,
,"If more people start retiring, what happens to the labor supply?",Labor supply increases,Labor supply decreases,Labor supply is stable,Labor supply disappears,,
,What is one determinant of labor supply?,Company profits,Weather conditions,Preferences for leisure,Exchange rates,,
,What happens to labor supply when there are stricter immigration laws?,It decreases,It remains unchanged,It increases,It doubles,,
,Which of the following can cause the labor supply curve to shift?,Workers' happiness,Company logos,Interest rates,Preferences for leisure,,
,What role do wages play in a factor market?,Political tools,Fashion trends,Incentives for labor supply and demand,Marketing strategies,,
,What happens to labor demand when product demand increases?,Labor demand decreases,Labor demand remains unchanged,Labor demand increases,Labor demand vanishes,,
,"If educational levels rise, what happens to labor supply?",It remains unchanged,It decreases,It becomes volatile,It increases,,
,How do higher wages affect the number of people willing to supply labor?,More people supply labor,Fewer people supply labor,Labor supply stops,No change,,
,What effect does a new production technique have on worker productivity?,Decrease,Confusion,Increase,No effect,,
,Which factor can shift the labor demand curve?,Weather changes,Lunar phases,Political speeches,Worker productivity,,
,What happens to the supply of labor if long-term wealth increases?,It stops,It increases,It remains unchanged,It decreases,,
,What is an example of a complementary resource in production?,Air for winds,Trees in forests,Water in oceans,Sugar for soft drinks,,
,How do firms react to an increase in the price of a substitute resource?,Increase demand for substitute,Decrease demand for substitute,Ignore changes,Stop using substitutes,,
,What effect does a wage floor have on labor markets?,Balances supply and demand,Stabilizes market,Causes surplus of labor,Causes shortage of labor,,
,What is the relationship between product price and the worker's marginal revenue product?,Inverse relationship,Random,Direct relationship,Unrelated,,
,What happens to labor supply if more jobs require specific certifications?,Labor supply decreases,Labor supply remains the same,Labor supply doubles,Labor supply increases,,
,Which factor is NOT a determinant of labor demand?,Product demand,Worker happiness,Output price,Worker productivity,,
,How does an increase in demand for a good affect the demand for labor used to produce that good?,It decreases labor demand,It has no effect on labor demand,It increases labor demand,It eliminates labor demand,,
,"If a government imposes a maximum wage, what would likely happen in the labor market?",Surplus of labor,Shortage of labor,Equilibrium is achieved,Wage levels rise,,
,What impact would an increase in the price of a substitute input have on a firm's demand for labor?,No change in labor demand,Increase in labor demand,Decrease in labor demand,Labor demand becomes unpredictable,,
,Which of the following scenarios would lead to a rightward shift in the labor supply curve?,Stricter immigration laws,Decrease in education standards,Increase in average retirement age,Higher preference for leisure among workers,,
,"If labor productivity doubles due to new technology, what is likely to happen to labor demand?",It decreases,It becomes uncertain,It stays constant,It increases,,
,"When the wages for engineers rise, how might this impact the supply of labor in the engineering field?",More engineers retire,Decrease in supply,Increase in supply,No change,,
,What role do wages play in affecting both the supply and demand sides of the labor market?,Act purely as a cost,Serve as a regulatory measure,Unrelated to supply and demand,Provide incentives,,
,"If there is a sudden surge in the demand for renewable energy, how is labor demand in that industry likely to change?",It will increase,It will fluctuate wildly,It will decrease,It will remain unchanged,,
,What would likely be the effect on the labor market if there is an increase in the number of people valuing leisure time more?,Labor demand decreases,Labor supply decreases,Labor supply increases,Labor demand increases,,
,How would a decrease in the cost of complementary inputs affect the demand for labor?,Decrease labor demand,No change in labor demand,Labor demand becomes unstable,Increase labor demand,,
,What might cause the labor demand curve to shift to the left?,Increase in complementary input price,Decrease in worker productivity,Increase in product price,Increase in substitute input price,,
,How can an increase in population affect the labor supply curve?,Disappear entirely,Shift right,No shift,Shift left,,
,How does worker productivity relate to marginal revenue product (MRP)?,MRP decreases with productivity,MRP is unrelated to productivity,MRP increases with productivity,MRP is inversely related to productivity,,
,"If a new regulation limits working hours, what would be the likely effect on labor supply?",Supply becomes erratic,Decrease in supply,Increase in supply,No change in supply,,
,"If the price of a product increases, how does this affect the demand for the labor producing the product?",Decreases demand for labor,Increases demand for labor,Makes no difference,Labor demand becomes random,,
,What is the relationship between government-imposed licensing requirements and the labor supply?,Licensing increases supply,Licensing has no effect,Licensing decreases supply,Licensing stabilizes supply,,
,"If a country improves its education system significantly, what is the expected impact on its labor market?",Labor market stays the same,Labor supply increases,Labor supply decreases,Labor demand increases,,
,How can shifts in cultural expectations influence the labor supply?,Have no impact,Lead to leftward shifts,Lead to rightward shifts,May shift supply either way,,
,What is one effect of increasing long-term wealth on labor markets?,No effect on labor supply,Decreases labor supply,Random effect,Increases labor supply,,
,"When both wages and the number of qualified workers increase, what is the likely outcome in the labor market?",Increase in supply,Increase in both supply and demand,Increase in demand,Market collapse,,
,"Why would a significant advancement in production technology increase labor demand, despite the fact that such technology often reduces the need for manual labor?",Because it increases market competition,Because it decreases the quality of labor required,Because it decreases product prices,Because it enhances labor productivity,,
,"How might a government-imposed wage floor affect unemployment, and why?",It eliminates unemployment by guaranteeing jobs for all workers,It has no measurable impact on unemployment rates,It increases unemployment due to labor surplus,It reduces unemployment by boosting labor supply,,
,Why might an increase in product prices lead to greater demand for labor?,Labor becomes relatively cheaper to employers,Higher marginal revenue product,Workers become more productive automatically,Labor supply curve shifts rightward,,
,How do substitute resources influence factor demand?,They have no influence,They increase demand when their prices rise,They cause demand to fluctuate,They increase demand when their prices fall,,
,Why do personal values regarding leisure time impact labor supply?,They change willingness to work,They affect only workers in high-skill occupations,They influence occupational preferences,They alter population demographics,,
,Why might stricter immigration laws lead to higher wages in certain industries?,Reduced labor supply,Decreased labor demand,Increased labor supply,Increased government subsidies,,
,How can an increase in demand for a specific good indirectly affect the labor supply beyond just the industry producing that good?,It fundamentally alters global trade policies and international commerce agreements,It affects only short-term market reactions,It influences only consumer behavior patterns,It affects related industries' labor markets,,
,In what way does government certification influence labor market equilibrium?,It stabilizes employment rates,It raises labor prices by limiting supply,It decreases consumer demand for services,It increases the pool of qualified labor,,
,Why might market equilibrium be disrupted by a sudden change in factor prices?,It equally affects supply and demand curves,It alters the balance between willingness and ability to work,It causes labor demand to double,It causes immediate shifts in supply but not demand,,
,How does a change in age distribution influence labor supply?,Has no measurable impact on overall labor supply,Changes participation rates,Only impacts high-income sectors,Alters only retirement ages,,
,Why do producers rely heavily on signals from factor prices in decision-making?,They coordinate marketing campaigns,They reflect the true cost of resources,They reduce the need for strategic planning,They indicate consumer preferences,,
,How can an economic downturn simultaneously affect both labor supply and demand?,It reduces wages across all sectors of the economy,It encourages investment in human capital,It stabilizes employment rates through government intervention,Both decline due to reduced output and job scarcity,,
,What is the role of marginal revenue product in determining labor demand?,It ignores output levels,It measures wage elasticity,It decreases with higher product prices,It represents the added value of hiring an additional worker,,
,Why might cultural changes lead to a more elastic labor supply curve?,They shift entire markets,They change work-life preferences,They limit international business opportunities,They increase consumer spending,,
,How can improvements in education result in a long-term rightward shift in labor supply?,By reducing the importance of technological advancement in the workplace,By concentrating exclusively on trade-specific skill development,By improving worker qualifications,By expanding the immediate size of the labor force,,
,Why are industries with high interdependence on complementary goods more sensitive to price changes in those goods?,They depend on maintaining stable input costs for profitability,They focus primarily on building consumer loyalty,Production costs rise with complementary good prices,They lack sufficient diversification strategies,,
,"How might an increase in global trade affect domestic labor markets, based on resource prices?",It standardizes wages across industries,It introduces cheaper substitutes and affects resource allocation,It isolates local economies,It limits the influence of human capital,,
,What internal business strategic decisions can alter demand for resources aside from external market conditions?,Seasonal market fluctuations and consumer behavior patterns,Pricing policies,Technology upgrades,Environmental regulations,,
,In what ways does the wealth effect influence long-term labor supply trends?,It reduces long-term participation in the workforce,It equalizes global wages,It incentivizes labor supply in all sectors,It undermines economic growth,,
,Why might new government policies prioritizing certification standards lead to improved labor quality but reduced quantity?,They raise wages above equilibrium,They create barriers to job entry,They standardize global practices,They reinvest in public infrastructure,,
,What is the primary characteristic of a perfectly competitive labor market?,Unique skills,Wage setting firms,Many firms hiring workers,Few firms,,
,"In a perfectly competitive labor market, firms are considered:",Price setters,Wage takers,Wage setters,Monopolists,,
,What do firms primarily aim to do regarding the number of workers they hire?,Maximize wages,Hire fewer workers,Set wages,Maximize profit,,
,The supply curve in a perfectly competitive labor market is:,Downward-sloping,Vertical,Upward-sloping,Horizontal,,
,What is the MRC in a perfectly competitive labor market?,Market supply,Profit margin,Wage rate,Market demand,,
,What is assumed about the skill level of workers in a perfectly competitive labor market?,Specialized,Irrelevant,Identical,Different,,
,The demand for labor in a perfectly competitive market is also known as:,Wage curve,Supply,MRP,MRC,,
,Firms hire workers in a perfectly competitive labor market until:,MRP < MRC,MRP > MRC,MRP is zero,MRP = MRC,,
,Which graphical line represents the supply of labor in a perfectly competitive firm graph?,Downward-sloping,Horizontal,Vertical,Upward-sloping,,
,What creates the incentive for workers to offer more of their time in a perfectly competitive market?,Higher wages,Lower wages,Longer hours,Less work,,
,What happens to the firm's MRC curve if the supply of labor increases?,Moves up,Moves down,Stays the same,Disappears,,
,Which rule is used by firms to minimize costs during production?,Profit-Least Rule,Least-Cost Rule,Wage Maximization Rule,Demand Rule,,
,What does MP stand for in the production process?,Marginal Product,Market Price,Maximum Product,Minimum Price,,
,"In terms of resource allocation, what must a firm ensure to maximize profits?",MRP = MRC,MRC > MRP,Price = MRC,MRP = Price,,
,What happens to each additional worker's revenue in a perfectly competitive labor market?,Decreases,Doubles,Increases,Remains the same,,
,"In a perfectly competitive labor market, what determines the total quantity of labor hired?",Equilibrium wage,Government policy,Market price,Firm’s choice,,
,A firm is a perfect competitor in the labor market if:,Wage is set by the market,It sets its own wages,It has no competition,It hires less than needed,,
,Perfectly competitive markets assume workers are:,Perfect substitutes,Highly skilled,Diverse,Untrained,,
,The incentive for firms to increase labor comes from:,Reduced costs,Higher MRP,Government subsidies,Trade agreements,,
,Under which condition will firms stop hiring more workers in this market?,MRP = zero,MRP < MRC,MRC = MRP,MRC < MRP,,
,Which resource combination does a firm select under the least-cost rule?,Highest MP/P,Lowest cost combination,Any arbitrary choice,Maximum profit combination,,
,"In a perfectly competitive labor market, the firm’s demand curve is:",Upward-sloping,Vertical,Flat,Downward-sloping,,
,What is the starting point for determining the least-cost combination of resources?,Any random resource,Resource with lowest price,Combination of all resources,Resource with highest MP/P,,
,Why is the supply curve upward-sloping in a perfectly competitive labor market?,Due to increasing leisure cost,Due to management decisions,To reflect market control,To attract unemployment,,
,"In this market, what drives the equilibrium point for labor hiring?",Intersection of supply and demand,Government intervention,Worker’s union decisions,Firm’s discretion,,
,How does an increase in the supply of labor affect the equilibrium wage and employment level in a perfectly competitive labor market?,Both wage and employment increase,"Wage increases, employment decreases","Wage decreases, employment increases",Both wage and employment decrease,,
,What is the relationship between the MRP of labor and the demand for labor in a firm?,MRP directly determines the demand curve,MRP dictates market supply,MRP affects the elasticity of supply,MRP is irrelevant to labor demand,,
,"If a firm is a wage taker, what would most likely happen if it attempted to pay less than the market wage?",It would disrupt the market,It would set a new market wage,It would gain more workers,It would lose all workers,,
,"In a perfectly competitive labor market, what causes the supply curve to be upward-sloping?",Increasing worker qualification requirements,Higher opportunity cost of leisure,Falling preference for work activities,Declining productivity,,
,Why might firms in a perfectly competitive labor market stop hiring even if the marginal product of labor is positive?,Because MRP < wage,Due to rising fixed costs,Due to declining MRP,Because MPL = MRC,,
,"Given constant wages in the market, what impact does the law of diminishing returns have on a firm's hiring decision?",Makes it easier to hire specialized labor,Causes hiring to stop when MRP falls below wage,Encourages frequent changes in wage rates,Increases hiring indefinitely,,
,Why is the firm graph's MRC curve perfectly elastic in a perfectly competitive labor market?,Because workers can dictate wage rates in the market,Because technology changes output levels,Wage remains constant,Due to preferential hiring practices,,
,How does a decrease in labor demand impact the firm's hiring decision in a perfectly competitive market?,Decreases equilibrium wage and hires fewer workers,Increases equilibrium wage,Does not affect hiring significantly,Increases wage but decreases hiring,,
,The law of diminishing marginal returns contributes to what kind of slope for the labor demand curve?,Vertical,Upward,Horizontal,Downward,,
,"If a firm is hiring at MRP = MRC, what can be inferred about the firm's resource allocation?",It is minimizing losses,It is incurring unnecessary costs,It is maximizing profits,It is only breaking even,,
,How does the concept of identical workers contribute to a firm's hiring strategy in a competitive labor market?,Supports flexible wage negotiation,Allows for worker differentiation,Ensures straightforward substitution among workers,Enables wage compression,,
,"When comparing two resources, a firm should reallocate resources if:",MRC is lower for one resource,Total cost is lower for one resource,One has a higher MP/P ratio,Market price of one resource is decreasing,,
,"In the context of labor supply, why are higher wages necessary to induce more working hours?",To compete with the demand curve,To match fixed production costs,To overcome the leisure opportunity cost,To surpass rival firms,,
,"For a firm hiring labor, what relationship must hold for cost minimization?",Total revenue must exceed total cost by the greatest possible margin,The last unit of labor hired is more productive than previous units,Fixed costs are minimized relative to variable costs,Each input's marginal product per dollar is equal,,
,How does an increase in minimum wage affect the supply curve in a perfectly competitive labor market?,Makes it downward-sloping,Lowers overall wage levels,Makes it perfectly inelastic,Shifts it upwards,,
,"When a firm's MRP of labor increases, how is its demand for labor most likely affected?",Demand decreases,Demand increases,Demand becomes unpredictable,Demand remains constant,,
,Why might a perfectly competitive firm accept the market wage without negotiation?,Wages do not impact profitability,Market wages reflect equilibrium,Firms fear losing their workers,Firms have wage-setting power,,
,Which situation exemplifies a firm using the profit-maximizing rule for labor?,Hiring workers until the marginal expense equals the marginal gain,Expanding labor until fixed costs decrease,Employing labor until the wage bill exceeds expenditures,Hiring until the additional cost of labor is more than production revenue,,
,What effect does an improved technology have on the MRP of labor in a firm?,Leaves MRP unchanged,Makes MRP negative,Increases MRP,Decreases MRP because technology substitutes for workers,,
,How is VMPL (Value of the Marginal Product of Labor) related to MRP in a competitive output market?,VMPL overstates the effect of MRP,VMPL is always higher than MRP,VMPL equals MRP because price equals marginal revenue,VMPL is unrelated to MRP,,
,Why does a decrease in labor supply likely result in a higher equilibrium wage in a perfectly competitive labor market?,Workers become less productive as supply decreases,The marginal revenue product of labor remains constant,Fewer workers increase competition for jobs,Firms cannot adjust output quickly,,
,How does the assumption of identical skills among workers impact wage determination in a perfectly competitive labor market?,It allows wage negotiations with each worker individually,It minimizes the influence of collective bargaining,It standardizes the wage across all workers,It ensures all workers are paid according to experience,,
,"Why is the firm graph's supply curve considered perfectly elastic in a perfectly competitive labor market, and how does this affect firms' behavior?","Because supply of labor exceeds demand, causing unexplained price matching","Since all firms agree to a single wage, leading to easy worker substitution","Due to firms' inability to sell at lower prices, leading to consistent hiring",Because of government regulations mandating price controls across the market,,
,"How does the balance between MRP and MRC create a check for firms in labor markets, given the context of diminishing marginal returns?",It pushes firms to focus solely on cost reduction without increasing output,It allows firms to neglect demand fluctuations,It leads to an upper limit on hiring as MRP eventually equals MRC,It ensures firms hire indefinitely as MRP exceeds MRC,,
,"When faced with fluctuating product demand, how do firms adjust their labor strategy in a perfectly competitive labor market?",By outsourcing labor to maintain constant costs,By varying the quantity of labor based on MRP and MRC,Through a static hiring policy,By randomly adjusting wages,,
,"Why is it critical that firms ensure the last dollar spent on each resource yields the same marginal product, particularly in cost-minimization strategy?",To maximize social welfare and ensure equitable distribution of resources,To comply with labor regulations,To optimize resource allocation efficiently,To balance expenditure with consumer price index,,
,"How does a technology improvement affect the supply and demand dynamics in a perfectly competitive labor market, considering both short-term and long-term effects?","Only increases supply, having no impact on demand",Disrupts the market equilibrium permanently,Balances both supply and demand immediately,Causes a short-term demand shock while gradually adjusting supply incentives,,
,How does the law of diminishing marginal returns influence a firm’s hiring decisions in a highly competitive labor market context?,By placing constraints beyond a certain output level,By prompting firms to prioritize automation,By allowing indefinite hiring at fixed returns,By eliminating the need for demand analysis,,
,In what way does the perfectly elastic supply curve benefit firms operating within a perfectly competitive labor market model?,Firms can adjust wages frequently to respond to changing market conditions,Firms can hire freely at the market wage,Firms face reduced competition from other employers in the market,It encourages centralized hiring,,
,What strategic advantage does the side-by-side graph provide firms in navigating labor market changes?,It validates accounting practices and ensures regulatory compliance,It shows market and firm adjustments together,It imposes uniform strategies across industries,It simplifies tax compliance procedures,,
,"Why might a firm continue hiring workers until MRP equals MRC, even in the face of increasing operational costs?",Because increasing costs correlate to increased productivity,Because firms must adhere to a static strategy,Because it reflects optimum resource procurement,Because it is required by industry standards,,
,How does the least-cost rule compare to the profit-maximizing rule in terms of firm strategy and market conditions?,It relates only to non-competitive markets,It serves regulatory compliance without competitive edge,It applies exclusively to product differentiation,It offers a way to balance cost efficiency with revenue goals,,
,In what situation would a firm's adherence to the least-cost rule naturally shift to a profit-maximizing focus?,When cost minimization meets limits and revenues must drive hiring,When market policy caps pricing flexibility,When technology devalues existing capital,When labor supply decreases abruptly,,
,What broader economic principle does the assumption of homogeneous workers illustrate within a perfectly competitive labor market?,Generic representation of resource substitutability,Institutional rigidities across sectoral employment,Principle of non-discrimination based purely on productivity,Maximization of worker utility irrespective of output levels,,
,Why is the equilibrium wage in a perfectly competitive labor market less volatile compared to imperfect markets?,It is orchestrated by dominant firms,Trends adhere to individual preferences of larger public entities,Reflects balanced market forces of supply and demand,Due to strict enforcement of labor laws,,
,How does horizontal supply in firm graphs manifest market competition principles within labor markets?,Shows firms accept market wage and hire by MRP,Creates systematic labor shortages across competitive markets,Restricts worker mobility between different industries,Demonstrates standardized hiring practices,,
,"Given the context of diminishing returns, how can firms maintain productivity without extensive hiring?",By limiting market engagement,By striving for technological innovation,By restructuring internal wage models,By delaying investments indefinitely,,
,What implication does the perfect competition assumption have on firms' strategic responses to labor shortages?,Requires opportunity management over wage increases,Leads to immediate wage reductions across the market,Renders price-setting unnecessary,Encourages collective industry agreements on labor rates,,
,Why is it significant for firms to visualize both market-level and firm-specific graphs concurrently in decision-making?,Aligns hiring decisions with operational constraints,It creates unnecessary competitive disadvantages for the firm,Highlights isolated market actions against general industry trends,Allows adjustment to macroeconomic policies without delay,,
,"Why are workers in a perfectly competitive labor market considered perfect substitutes, and how does that influence firm hiring decisions?",Facilitates uniform productivity across sectors,Reduces the need for skill differentiation and negotiation talks,Ensures an unvaried skill set and wage rate,Reinforces commitment to single-task roles,,
,What is a monopsony?,One seller and many buyers,Multiple sellers and no buyers,Multiple buyers and sellers,One buyer and many sellers,,
,Which characteristic is true of a monopsony?,A single firm selling in the market,Many buyers for resources,A single firm hiring all labor,Many firms hiring in the market,,
,"In a monopsony, the firm is considered a:",Wage maker,Quantity maker,Price taker,Demand leader,,
,What is the relationship between MRC and willingness to sell in a monopsony?,MRC = Supply,MRC > Supply,MRC has no relation,MRC < Supply,,
,Where does a monopsonistic firm maximize its profit?,Where Price = MRC,Where MRP = Demand,Where Supply = Demand,Where MRP = MRC,,
,"In a monopsony, the wage paid is:",Above MRP,Exactly MRP,Equal to MRP,Below MRP,,
,A monopsony market is described as:,Imperfectly competitive,Fully competitive,Non-exclusive,Perfectly competitive,,
,Who has control over wages in a monopsony?,The single firm,Labor unions,Multiple firms,The government,,
,"Compared to a perfectly competitive market, a monopsonistic market sets wages:",The same,Lower,Higher,Not applicable,,
,"In a monopsony, MRC is analogous to what in a monopoly?",MR > D,MR = D,MR = MC,MR < D,,
,Which point on the supply curve determines the wage in a monopsony?,Average,Lowest willingness to sell,Midpoint,Highest willingness to sell,,
,"In a competitive labor market, MRC equals what?",MRP,Demand,Price,Supply,,
,"When hiring an additional worker in a monopsony, what happens to the wage?",Wage decreases,Wage stays the same,Wage becomes zero,Wage increases,,
,TreeMart as a monopsonist will hire workers until:,Wage equals Price,MRP = MRC,Supply equals Demand,MRP = Demand,,
,"If the government sets a minimum wage in a monopsony, what effect does it have?",Makes MRC equal to minimum wage,Pushes MRC above minimum wage,Has no effect,Nullifies market mechanisms,,
,A monopsonist has market power over:,Consumer preferences,Supply prices,Labor wages,Product prices,,
,"In a monopsony, if MRP is less than MRC, the firm will:",Stop hiring additional workers,Decrease wages,Increase wages,Keep hiring more workers,,
,"In a monopsony, the MRC curve lies:",At equilibrium,Below the Supply curve,Above the Supply curve,On the demand curve,,
,"In the monopsony market graph, the wage is determined where:",MRP = MRC,Supply intersects Demand,MRC intersects Demand,MRP intersects Supply,,
,What defines a perfectly competitive labor market in contrast to multiple supply choices?,Many buyers,Wage maker,Market equilibrium,One seller,,
,How does TreeMart's scenario illustrate a monopsony?,Excess supply,Perfect competition,Single employer dominance,Many firms in the market,,
,When does a monopsonist stop hiring additional labor?,Supply < MRC,MRC < Demand,MRP = Supply,MRP = MRC,,
,What is the key idea of a minimum wage in monopsony?,It's a wage discriminant,It's a wage maximum,It's a price floor,It's a price ceiling,,
,"In a monopsony, the labor market is:",Monopoly-driven,Infinitely diverse,Non-competitive,Fully efficient,,
,The term 'wage maker' in monopsony refers to:,Wage set by government,Wage set by industry norms,Firm sets wage above market,Firm controls wage setting,,
,How does a monopsony differ from a monopoly in terms of market structure?,Both have many sellers controlling demand,"Monopsony has one buyer, monopoly has one seller",Both have one firm controlling supply,"Monopsony controls prices, monopoly controls quantity",,
,What is the main reason that a monopsonist pays a lower wage than in a competitive market?,Cannot wage discriminate,Government regulation of wages,Higher supply of labor,Lower demand for labor,,
,Why is the MRC curve above the Supply curve in a monopsony?,MRC includes sunk costs from previous hiring decisions,Supply curve is treated as constant,Hiring workers raises wages for all employees,Government intervention affects MRC,,
,What distinguishes the wage-setting process of a monopsonist compared to a perfectly competitive market?,Setting wage below the supply curve,Aligning wage with MRC,Wage discrimination capability,Setting wage above the demand curve,,
,What role does diminishing marginal returns play in the labor demand of a monopsony?,Increases wage rate,Limits additional hiring,Causes equilibrium price,Equalizes supply and demand,,
,When does the MRC exceed the supply price in a monopsony?,When new labor lowers existing wages,When supply increases exponentially,When all workers are paid equally,When demand remains constant,,
,What impact does a minimum wage have on employment in a monopsony?,Decreases employment below equilibrium,Has no impact on the market,Increases wage discrimination,Increases employment to a certain point,,
,In what scenario does the monopsonist's hiring decision align with a competitive market?,When MRC = Demand,When the government regulates demand,When MRP equals Supply,When Supply = MRC,,
,Why does a monopsonist hire fewer workers than a firm in a competitive market?,To increase industry demand,To maintain lower wages,Because of infrastructural limits,Higher product prices,,
,How does market power affect wage setting in a monopsony?,It provides flexibility to lower wages,It eliminates negotiation power,It matches industry wage settings,It enforces standard wage laws,,
,Why does the monopsonist's MRC curve slope upward?,Due to additional hiring costs,Because of decreased supply,Because of increasing demand,Because wages are unaffected by quantity,,
,How does a monopsonist determine the quantity of labor to hire?,Where MRP equals MRC,By aligning wage with demand,At equilibrium price,By matching supply with demand,,
,What effect does a monopsonist's wage-setting have on worker surplus?,Keeps worker surplus unchanged,Makes worker surplus negligible,Reduces worker surplus,Increases worker surplus,,
,What happens to the labor market when a monopsony is the sole employer?,Labor supply decreases,Wage rates increase,The labor market becomes perfectly competitive,The firm has total control over wages,,
,How does a monopsony maximize profits in the labor market?,By increasing wages,By lowering product prices,By increasing worker output,By hiring where MRP equals MRC,,
,What happens to the monopsonist's labor costs when hiring additional workers?,Labor costs increase,Labor costs remain unchanged regardless of hiring decisions,Labor costs decrease,Labor costs stay constant,,
,Why does the monopsonist stop hiring when MRP equals MRC?,To stabilize market demand and maintain equilibrium,To maximize profit,To ensure competitive wages,To minimize potential losses,,
,"In a monopsony, why might a minimum wage increase employment?",It aligns MRC with hiring,It forces wage alignment above the marginal revenue product curve,It eliminates labor competition,It decreases the firm's costs,,
,What problem does the presence of a minimum wage solve in a monopsonistic market?,Imbalance between MRP and MRC,Lack of supply,High competition among buyers,Toxic work environments,,
,What is the significance of the supply curve in determining monopsony wages?,It sets the wage floor,It determines the lowest wage the firm is willing to pay,It matches the demand perfectly,It has no impact on wages,,
,Why does the inability to wage discriminate lead to a higher marginal resource cost (MRC) in a monopsony?,It encourages more hiring across all skill levels,It removes wage negotiation power from employers,All workers receive the same wage increase,It allows for varying wages across different workers,,
,How does a monopsonist determine the optimal wage to pay while maximizing profits?,By aligning MRC with prevailing industry wage standards,By ensuring the wage is set above market demand,By setting the wage at workers' reservation wage,By following government-imposed wage rates,,
,How does the presence of a monopsony alter the labor quantity compared to a competitive market?,Doubles employment through efficiency,Has no effect on employment numbers,Decreases total employment due to restricted hiring,Increases total employment,,
,"Why does TreeMart in the given scenario hire labor at where MRP equals MRC, and what does this indicate about its market strategy?",To match output to competitive norms and industry standards,To maximize profits,To ensure excess supply of labor,To independently stabilize demand,,
,How does the wage setting mechanism in a monopsony illustrate the broader principle observed in monopolistic markets regarding price and quantity control?,By ensuring prices are set at marginal cost to maximize efficiency,By using wage manipulation to reduce costs,By aligning demand perfectly with supply curves in the market,By strictly following equilibrium principles,,
,"In a perfectly competitive market, why is MRC equal to Supply, and how does this differ from monopsonistic conditions?",Constant labor prices,Equal bargaining power between all market participants,Absence of wage discrimination,Unrestricted competition among firms,,
,What is the implication of MRC being greater than supply in the context of resource allocation for a monopsonist?,It confirms constant wage adjustments,It ensures labor availability increases,It suggests inefficiencies and extra costs,It imposes price ceiling benefits,,
,How does the monopsonist's decision to stop hiring when MRP equals MRC demonstrate the strategic focus on profit maximization?,By expanding market share through increased production capacity,By balancing labor costs with revenue,By implementing advanced technological improvements,By reallocating capital resources,,
,Why is the supply curve in a monopsony key to determining the firm's wage-setting decisions?,It represents variability in labor resource availability,It signifies fixed costs associated with labor,It ensures profit margin maintenance,It defines the lowest bound for sustainable wages,,
,What underlying economic force drives the monopsonist to minimize wages to the lowest willingness to sell?,Profit incentives and control over labor market,Market deregulation,Technological advancements,Government subsidies,,
,How might a monopsonist's control over wages create potential conflicts or imbalance in the labor market?,Creates wage parity across all skill levels,Leads to unemployment benefits inflation,Enhances productivity benchmarks,Causes underemployment,,
,Why does the monopsonist's market power ultimately lead to lower worker wages compared to their marginal revenue product?,Due to cooperation with unions,Due to lack of innovation,Because of government regulation,Because of strategic wage suppression for cost savings,,
,What strategic advantages does a monopsonist gain by operating within an imperfect competition framework?,Increased competition leading to innovation,Higher bargaining power and reduced cost pressures,Full compliance with market dynamics,Enhanced price-setting capabilities on the supply side,,
,How does a monopsonistic firm's wage minimization strategy impact its overall productivity levels?,May lead to inefficient labor use due to cost constraints,Increases worker satisfaction,Standardizes productivity quality,Leads to market dominance,,
,"In the case of government-imposed minimum wages, why might this influence the monopsonist's level of employment, contrary to traditional predictions?",Due to higher capital efficiency,Because it aligns MRC closer to output-based demand,Because of increased net profit margins,Due to improved worker output,,
,How does the monopsonist's practice of keeping wages below MRP reinforce its unique market position?,By weakening external labor influence and reducing worker bargaining power,By deterring competition through cost efficiency,By unifying resource allocation efforts across multiple market segments,By stabilizing demand and control mechanisms,,
,In what way does wage setting in a monopsony mirror broader monopoly pricing strategies?,By setting wages below the competitive level due to market power,Through control over nearby supplier costs,By utilizing demand elasticity,Through price manipulation for consumer advantage,,
,What critical reasoning ties the monopsonist's labor supply curve decisions to its competitive behavior within the product market?,Cost control and strategic production alignment,Preservation of surplus by tactical output matching,Enhanced consumer satisfaction,Open market opportunity expansion,,
,How might the monopsonist's wage and labor strategies affect long-term market dynamics?,By enhancing technological integration across multiple sectors,By fostering short-term economic booms,By triggering regulatory intervention,By stabilizing seasonal resource demands,,
,What does MSB stand for in economics?,Maximum Social Benefit,Maximum Service Benefit,Marginal Service Benefit,Marginal Social Benefit,,
,What is the relationship between MSB and MSC in a socially efficient market outcome?,MSB < MSC,MSB = MSC,MSB > MSC,MSB is unrelated to MSC,,
,A socially optimal outcome occurs when the quantity produced is where...,MSB equals MSC,MSB exceeds MSC,Resources are overutilized,Total costs are maximized,,
,What does MSC stand for in economics?,Marginal Social Cost,Maximum Social Cost,Marginal Service Cost,Maximum Service Cost,,
,"When MSB < MSC, the market is...",Underproducing,Overproducing,Unaffected,At equilibrium,,
,Which curve would slope downward due to diminishing marginal utility?,Marginal Social Benefit,Marginal Social Cost,Marginal Private Cost,Marginal Private Benefit,,
,Which term refers to the additional benefit received by society from one more unit of a good?,Marginal Social Benefit,Marginal Social Cost,Marginal Private Cost,Marginal Service Benefit,,
,What is known as a market failure?,Producing above or below equilibrium,Market operating at MSB = MSC,Perfect competition,Balanced supply and demand,,
,What is an example of a negative externality?,Healthcare,Consumption,Education,Pollution,,
,Producing at the socially efficient point maximizes what?,Total costs,Deadweight loss,Economic surplus,Market failure,,
,"If MSB is greater than MSC, the market should...",Increase production,Stop production,Keep production constant,Decrease production,,
,What does MPC stand for?,Maximum Public Cost,Marginal Public Cost,Maximum Private Cost,Marginal Private Cost,,
,"In a graph, what does a downward sloping MSB curve indicate?",Decreasing marginal benefit,Constant marginal benefit,Increasing marginal benefit,No marginal benefit,,
,What does MPB stand for?,Marginal Public Benefit,Maximum Public Benefit,Marginal Private Benefit,Maximum Private Benefit,,
,What does it mean when the market is underproducing?,MSC outweighs all costs,MSB = MSC,MSB < MSC,MSB > MSC,,
,Which of the following describes deadweight loss?,Maximum profit,Increased production,Lost economic efficiency,Decreased social cost,,
,Positive externalities lead to an excess of which benefit?,Total production,Private cost,Total cost,Social benefit,,
,"If the market is at MSB = MSC, it is said to be...",Efficient,Inefficient,Overproducing,Failing,,
,What term describes costs or benefits experienced by third parties?,Private effects,Equilibrium effects,Externalities,Market benefits,,
,The concept that societies need education is an example of what?,Positive externality,Private benefit to individuals,Market surplus,Negative externality,,
,"When MSB > MSC, society benefits from...",Ceasing production,Maintaining current production,Increasing production,Reducing production,,
,Which curve typically slopes upward in economics?,Marginal Social Benefit,Marginal Private Cost,Marginal Social Cost,Marginal Private Benefit,,
,Efficient allocation occurs at the intersection of which two curves?,MSB and MSC,MPB and MSB,MPB and MPC,MSC and MPC,,
,What role can government play in correcting market inefficiencies?,Doing nothing,Intervening with policies,Identifying externalities,Increasing costs,,
,"When considering education, which benefit exceeds private benefits?",Marginal loss,Direct cost,Social benefit,Minimum benefit,,
,How does diminishing marginal utility influence the marginal social benefit curve?,It causes the curve to slope upward at an increasing rate,It causes the curve to slope downward,It keeps the curve perfectly flat and horizontal,It has no impact on the curve,,
,What is one reason why the marginal social cost curve slopes upward?,Decreasing spillover benefits to society,Resource scarcity,Decreasing opportunity costs,Increasing marginal utility of consumption,,
,Which of the following can explain why the market might underproduce a good?,Positive externalities exist,The market experiences significant negative externalities,Total costs are minimized,Private costs equal social costs,,
,What role do externalities play in determining whether a market is efficient?,They distort the alignment between private and social benefits or costs,They align private and social benefits,They eliminate public goods,They increase private costs,,
,"In the case of negative externalities, the marginal social cost is typically...",Less than marginal private cost,Equal to marginal private cost,Greater than marginal private cost,Irrelevant to private cost,,
,Why might government intervention be necessary in a market where MSB does not equal MSC?,To ensure overproduction,To eliminate all externalities,To realign private costs with public costs,To reduce the economic surplus,,
,How does a positive externality create deadweight loss?,By increasing total social cost,By reducing total social benefit,By increasing profit margins,By causing the market to underproduce,,
,"In a perfectly competitive market, how are resources allocated when MSB = MSC?",Efficiently without any deadweight loss,Inefficiently and with deadweight loss,Overproduced and underutilized,With maximum social costs,,
,"When comparing marginal social benefit with marginal private benefit in the presence of externalities, which is usually larger?",It depends solely on market demands,Marginal social benefit,Marginal private benefit,They are usually equal,,
,Why might a car factory impose costs on society beyond the cost of production?,It produces only private goods for individual consumers,It eliminates opportunity costs,It creates pollution and other negative externalities,It efficiently uses resources,,
,What happens to total economic surplus when production is at the socially optimal quantity?,It is minimized,It remains unchanged,It is maximized,It declines,,
,What might cause a market to produce more than the socially optimal quantity?,Negative externalities,All costs and benefits are properly internalized by market participants,MSB = MSC,Insufficient private benefit,,
,A market is described as inefficient if...,MSB equals MSC,It is perfectly competitive,It maximizes deadweight loss,Externalities are fully internalized,,
,"Comparing MSC with MPC in scenarios with negative externalities, MSC is typically...",Higher than MPC,Equal to MPC,Not related to MPC,Lower than MPC,,
,"When MSB exceeds MSC, what is the impact on social welfare?",Social welfare decreases below the optimal level,Social welfare is maximized,Social welfare remains constant,More should be produced,,
,"In markets with positive externalities, what is a typical problem concerning production levels?",Equilibrium production,Excess supply,Underproduction,Overproduction,,
,What might result if all social benefits and costs are internalized?,Deadweight loss increases,Economic surplus is minimized,Market equilibrium quantity aligns with the socially optimal quantity,Negative externalities are maximized,,
,"If a policy is designed to equate MSB with MSC, what is it attempting to achieve?",Maximize externalities,Reduce total social costs,Eliminate all market power,Achieve social efficiency,,
,A downward-sloping MSB curve indicates which economic principle?,Constant marginal utility across all units consumed,Marginal utility has no relevance to consumer behavior,Increasing marginal utility,Diminishing marginal utility,,
,What is the primary characteristic of a market where marginal social benefits and costs are aligned?,Economic surplus is maximized,The market generates substantial producer surplus,It reaches social inefficiency,It causes deadweight loss,,
,Why is it significant to consider both social benefits and costs in economic decision-making?,It eliminates all forms of economic waste and inefficiency,It ensures full compliance with government regulations,It accounts for broader societal impacts,It maximizes profits for producers and suppliers,,
,How might ignoring externalities distort the allocation of resources?,"Social costs and benefits are ignored, creating inefficiency",Perfect market efficiency becomes an unrealistic assumption in most scenarios,Supply and demand become unbalanced,Production levels increase directly,,
,Why does the marginal social cost curve slope upwards?,Increasing externalities and opportunity costs,Additional consumption provides greater satisfaction to consumers,Diminishing utility from consumption,Decreasing production costs over time,,
,What is the implication of producing at a point where MSB > MSC?,The social benefit equals the social cost,There is no opportunity for additional social gain,Society should increase production,Society is incurring unnecessary costs,,
,How does the concept of diminishing marginal utility affect consumption decisions?,It ensures constant social cost,It decreases marginal benefit with each additional unit consumed,It causes increased production,It results in infinite utility from consumption,,
,Why might a market fail to achieve a socially optimal outcome without intervention?,Producers consistently set their prices below market equilibrium,Externalities are not accounted for,Private costs are not recognized by the market,Consumers always demand excessive quantities,,
,"When MSB = MSC, what can be inferred about the allocation of resources?",Resources are allocated efficiently,Additional units would create positive net benefits for society,"Social costs are minimized, but not benefits",Resources are overused,,
,How does the presence of positive externalities affect market efficiency?,It naturally aligns private and social benefits without intervention,It always maximizes social welfare automatically,It leads to overconsumption of the good or service,It causes underproduction,,
,What policy measures can correct inefficiencies in markets with externalities?,Encouraging underproduction to reduce negative spillover effects,Allowing uncontrolled competition,Removing all consumption restrictions,Subsidizing positive externalities,,
,How do negative externalities influence the marginal social cost in a market?,They have no impact on social costs,They reduce the marginal social cost below private costs,They increase marginal social cost above private cost,They create perfect alignment between social and private costs,,
,Why does the market often underproduce goods with positive externalities?,External costs are ignored by producers and consumers,Private costs exceed social costs,Private benefits are less than social benefits,Production levels exceed what society actually needs,,
,How can deadweight loss occur in the context of market inefficiency?,When consumer surplus exceeds producer surplus,By maximizing both social and private costs equally,Through failure to produce the socially optimal quantity,By equalizing marginal benefits and costs,,
,Why is it important to distinguish between MPC and MSC in economic analysis?,To minimize individual consumer expenditures across all markets,To increase producer revenues and market share only,To identify when private and social costs differ,Only to evaluate public goods production,,
,What could cause a disparity between the marginal private benefit and marginal social benefit?,Differences in consumer and producer motivations,Overestimation of production costs,The presence of external benefits underrepresented in private decisions,Perfect alignment of market and societal goals,,
,In what way does the market for education illustrate a positive externality?,Social benefits exceed private gains,It reduces opportunity costs across multiple economic sectors,Equilibrium is inherently unachievable,It aligns strictly with private incentives,,
,Why might government policies be necessary to achieve socially efficient outcomes?,Markets are inherently perfect,To minimize all production,To address externalities unaccounted for in private market transactions,Private sector always maximizes social benefits,,
,"If a market is left alone and produces less than the socially optimal quantity, what is one potential consequence?",Social welfare is maximized,Deadweight loss is minimized,Society experiences potential welfare gains not realized,Positive externalities are fully realized,,
,How can the absence of market intervention lead to inefficient resource allocation in the presence of externalities?,Producers automatically internalize all external costs and benefits,Private decisions ignore social costs,Consumers inherently value broader social outcomes,Marginal cost naturally exceeds marginal benefit in all transactions,,
,How does the concept of opportunity cost relate to the slope of the marginal social cost curve?,"It increases with resource use, creating an upward slope",It decreases as production levels rise throughout the economy,It remains constant regardless of production changes,It causes the curve to flatten at higher output levels,,
,In what way do spillover benefits complicate the assessment of market efficiency?,They eliminate consumer preferences,They add additional positive value not captured by private transactions,They are not considered in the assessment of social benefits,They channel all costs to private entities,,
,What is an externality?,A government's regulation,A third-person side effect of an economic decision,A private cost,A form of subsidy,,
,Which of the following is a negative externality?,Pollution,Research and development,Vaccination,Education,,
,What type of externality occurs when the social benefit exceeds the private benefit?,Neutral externality,Negative externality,Balanced externality,Positive externality,,
,What government policy is often used to correct negative externalities?,Price control,Tax,Subsidy,Quota,,
,What is the term for the additional cost to a firm of producing one more unit?,Marginal social benefit,Marginal private cost,Total cost,Marginal revenue,,
,What is a common example of a positive externality?,Traffic congestion,Noise pollution,Smoking,Education,,
,"In a market with negative externalities, the graph shows the marginal private cost (MPC), marginal social cost (MSC), and marginal private benefit (MPB) curves. Point A represents the intersection of MPC and MPB, Point B represents the intersection of MSC and MPB, Point C represents a quantity below the social optimum, and Point D represents a quantity above the free market equilibrium. Which point indicates the free market quantity?",Point A,Point B,Point C,Point D,,
,What term describes costs that are not considered by firms when making production decisions?,External costs,Variable costs,Fixed costs,Internal costs,,
,Which policy can encourage production of a good with a positive externality?,Tariff,Quota,Tax,Subsidy,,
,What effect does a per-unit subsidy have on the demand for a good?,Increases demand,Keeps demand constant,Decreases demand,Eliminates demand,,
,"In the context of externalities, what is meant by 'spillover costs'?",External costs affecting society,Costs included in private transactions,Costs affecting foreign markets,Costs affecting only the firm,,
,Which describes the socially optimal quantity of a good?,Where marginal social benefit equals marginal social cost,Where profit is maximized,Where total cost equals total revenue,Where supply equals demand,,
,Which economist theorized Pigouvian taxes?,Milton Friedman,Adam Smith,John Maynard Keynes,Arthur Pigou,,
,A tax on pollution is meant to shift the supply curve in which direction?,Downward,Right,Upward,Left,,
,What happens when marginal private benefit equals marginal private cost?,Government intervention is unnecessary,Overproduction occurs,The good is supplied at free market quantity,External costs are considered,,
,Which of the following is a positive externality associated with receiving a flu shot?,It reduces the likelihood that others will contract the flu from you.,It guarantees you will not get the flu.,It increases the price of flu vaccines for everyone.,It increases the marginal private cost of getting vaccinated.,,
,What term is used to describe the loss created by the difference in free market and socially optimal production?,Deadweight loss,Producer surplus,Net gain,Consumer surplus,,
,Which is necessary to achieve a socially optimal outcome when there's a negative externality?,Increase in production,Increase in private cost,Shift in marginal social benefit,Decrease in demand,,
,"In the presence of a positive externality, firms typically underproduce because they:",Maximize social welfare,Overestimate the cost,Ignore private benefit,Don't account for social benefit,,
,What action can the government take to shift production to the socially optimal level?,Eliminating taxes,Increasing reserve requirements,Implementing subsidies,Deregulating the market,,
,Which of the following usually involves assigning property rights to address externalities?,Market failure,Public provision,Coase theorem,Regulation,,
,What does a positive externality imply about market production levels?,Equilibrium,No effect,Overproduction,Underproduction,,
,Which of the following is an example of a government intervention to reduce a negative externality?,Providing healthcare,Imposing pollution taxes,Funding education,Granting patents,,
,What is the purpose of a Pigouvian tax?,To stabilize the exchange rate,To decrease government revenue,To correct market inefficiency,To encourage saving,,
,Which point on a typical economic graph indicates maximum efficiency in the context of externalities?,Where supply exceeds demand,Where MSB equals MSC,Where costs outweigh benefits,Where MPC equals MSB,,
,How does a per-unit tax on a negative externality affect the marginal private cost (MPC)?,It increases MPC.,It decreases MPC.,It eliminates MPC.,It does not change MPC.,,
,What comparison can be drawn between the marginal social benefit (MSB) and marginal private benefit (MPB) in the presence of a positive externality?,MSB is less than MPB.,MSB equals MPB.,MSB is unrelated to MPB.,MSB is greater than MPB.,,
,Why might a firm overproduce in the context of a negative externality?,They overestimate demand.,They aim to maximize social welfare.,They do not consider external costs.,They underestimate private costs.,,
,Which action would shift the supply curve leftward in relation to negative externalities?,Implementing a tax,Increasing privatization,Removing a tariff,Imposing a subsidy,,
,How does the correction of a positive externality using subsidies influence the firm's production?,It decreases production,It stabilizes production,It eliminates production,It increases production,,
,What can be inferred about the relationship between private incentives and social welfare in the absence of government intervention?,Private incentives always align with social welfare.,Private incentives may neglect social welfare.,Private incentives automatically correct market failures.,Private incentives weaken social welfare.,,
,Which scenario best demonstrates a cause-and-effect relationship typical of a negative externality?,Technological advancements decrease production costs.,Flu vaccinations improve herd immunity.,Higher education subsidies lead to more students enrolling.,Pollution from factories reduces air quality for nearby residents.,,
,What indicates inefficiency in market production in the presence of an externality?,Fluctuating consumer preferences.,The presence of external costs or benefits.,The balance between supply and demand.,Equal distribution of resources.,,
,Why does a firm not consider social costs in its production decisions under a negative externality?,They lack access to environmental data.,Only private costs directly affect their profit margins.,Social costs are irrelevant to private profits.,They are regulated by market forces alone.,,
,What is the role of government intervention in aligning marginal social cost (MSC) with marginal private cost (MPC)?,To privatize production.,To provide resources for businesses.,To adjust MSC to equal MPC.,To eliminate all government regulations.,,
,What can be inferred about a monopoly's handling of externalities without regulation?,Monopolies automatically achieve social optimality.,Monopolies prioritize public welfare over profits.,Monopolies often ignore external costs and benefits.,Monopolies efficiently manage all externalities.,,
,How does providing a subsidy for a good with a positive externality affect the equilibrium price?,It eliminates the price,It raises the price,It has no effect on the price,It lowers the price,,
,Why do rational agents tend to ignore external benefits in a market?,External benefits are too costly to measure.,Private costs fully encompass all relevant factors.,External benefits are irrelevant to private transactions.,Private benefits provide more immediate profit.,,
,What is the expected outcome of placing a tax on a good with a negative externality?,Decrease in production,Stabilization of production,Elimination of production,Increase in production,,
,When might a deadweight loss occur in the market with externalities?,When all costs are internalized,When production exceeds socially optimal levels,When supply and demand are in equilibrium,When social and private costs are equal,,
,"Comparing a taxed and untaxed market with negative externalities, how does the deadweight loss change?",It is eliminated,It remains constant,It increases,It decreases,,
,Which is a rational behavior by a firm under a positive externality without government intervention?,Considering only private costs,Ignoring societal benefits,Maximizing social benefits,Minimizing private losses,,
,What is the relationship between property rights and the presence of externalities in a market?,Strong property rights eliminate externalities.,Property rights are irrelevant to externalities.,Weak property rights contribute to externalities.,Well-defined property rights exacerbate externalities.,,
,What causes a firm to produce at a quantity where marginal social benefit (MSB) does not equal marginal social cost (MSC)?,Adequate subsidies,Government oversight,Ignoring external costs or benefits,Lack of competition,,
,How does the concept of free riding relate to goods with positive externalities?,Free riders cause under-consumption.,Free riding leads to efficient allocation of resources in competitive markets.,Free riders help balance supply and demand.,Free riding increases the cost of public goods.,,
,Why does a per-unit tax effectively align marginal social cost (MSC) with marginal private cost (MPC) in mitigating negative externalities?,It increases demand to balance production.,It incorporates external costs directly into production decisions.,It eliminates the need for government intervention.,It refunds the external costs to society.,,
,"How does a positive externality lead to market failure, and what corrective measure is often implemented?",It causes overproduction; addressed by taxes.,It increases prices; controlled by price ceilings.,It causes underproduction; addressed by subsidies.,It has no impact on production; requires no intervention.,,
,"Analyzing the environmental impact of pollution, why is regulation often preferred over taxation?",Taxation cannot always accurately target the source of externality.,Regulation directly decreases social welfare.,Regulation increases production costs beyond negotiation.,Taxes increase the demand for the polluting good.,,
,"In the context of monopolies, why might additional government intervention be required compared to a competitive market?",Monopolies face no impact from changes in social welfare.,Monopolies may ignore both private and social costs.,Monopolies naturally align MSC and MPC without intervention.,Monopolies enhance both positive and negative externalities.,,
,How does the existence of spillover benefits justify government subsidies in sectors like education and health?,It compensates for the high transaction costs associated with production.,It prioritizes private over social outcomes.,It incentivizes consumption to levels that reflect social benefits.,It redistributes wealth at the expense of efficiency.,,
,Why does deadweight loss occur when a firm produces at the free market quantity in a negative externality scenario?,Because production fails to meet consumer demand in the marketplace.,Because production exceeds the socially optimal level.,Because MSC exceeds MSB at that quantity.,Because MSB falls short of MPC at that quantity.,,
,How do Pigouvian taxes differ from normal taxes in addressing negative externalities?,Pigouvian taxes are designed to eliminate all private benefits from production.,Pigouvian taxes solely aim to increase government revenue.,Pigouvian taxes automatically decrease the market equilibrium price.,Pigouvian taxes equal the marginal external cost.,,
,What key factor limits the effectiveness of a subsidy in correcting a positive externality?,Fluctuations in consumer preferences and market demand.,Over-reporting of production costs by firms.,Decreased market competition due to subsidies.,Measuring marginal external benefit accurately.,,
,Why might deadweight loss increase in a monopoly after imposing a per-unit tax for a negative externality?,The tax creates incentives for monopolies to increase production beyond efficient levels.,The tax fails to account for marginal private cost.,The tax undervalues the marginal social benefit.,The tax reduces output below optimal levels.,,
,"Why are positive externalities often linked to goods that are socially beneficial, like education and vaccinations?",They prioritize immediate consumption benefits over long-term societal welfare.,They provide private gains that exceed their social costs.,They incorporate external costs into their market pricing mechanisms.,They create benefits not reflected in market prices.,,
,How does the alignment of marginal social benefit (MSB) with marginal social cost (MSC) optimize economic efficiency?,By imposing maximum production limits.,By ensuring all costs and benefits are reflected in market transactions.,By regulating private costs to match social expectations.,By maximizing consumer's total personal gain.,,
,Why does a firm fail to internalize the costs associated with pollution?,Pollution is offset by consumer behavior and market forces.,Pollution directly increases firm's profits.,Society bears the pollution costs.,Pollution costs are too low to measure accurately.,,
,How does government intervention in the form of property rights address externalities?,By guaranteeing maximum profit margins.,By reducing inefficiency due to under-defined property rights.,By prioritizing corporate interests.,By promoting unregulated market competition.,,
,In what way might external benefits from education contribute to higher productivity within society?,By eliminating the private costs that businesses typically face.,By reducing the need for extensive government oversight and regulation.,By creating a more skilled workforce.,By providing benefits exclusively to individual students.,,
,Why is it crucial for a subsidy amount to match the marginal external benefit to correct a positive externality?,To align consumer preferences with market supply conditions.,To eliminate the need for market equilibrium entirely.,To maximize private profits for all market participants.,To achieve social optimization.,,
,How might a lack of well-defined property rights exacerbate a negative externality like pollution?,By increasing transaction costs for achieving efficient market outcomes.,By reducing disputes between polluting entities and affected groups.,By eliminating the role of government intervention.,By transferring pollution costs directly to private firms.,,
,Why do firms continue to produce at levels where marginal private cost (MPC) does not equal marginal social cost (MSC) in absence of regulation?,To capture external costs within their revenue models.,To prioritize immediate profit over long-term effects.,To prevent market equilibrium fluctuation.,To align with consumer preferences.,,
,How does the concept of herd immunity illustrate a positive externality in public health?,By decreasing the overall health costs for uninsured citizens.,By providing community protection to non-vaccinated individuals.,By demonstrating individual responsibility in consuming health services.,By isolating at-risk populations from societal benefits.,,
,Why do negative externalities lead to overproduction without government intervention?,Because external costs are reflected in consumer prices.,Because firms aim to balance production and social cost.,Because externalities increase demand for the good.,Because firms do not fully account for social costs in their decisions.,,
,What type of goods are provided by the government because the free market fails to produce them?,Club goods,Commons goods,Private goods,Public goods,,
,"What economic problem occurs when there is no profit in producing a good, leading to underproduction?",Market failure,Economic overproduction,Inflationary pressure,Deflation,,
,Which concept describes people consuming more of a good than they pay for?,Profit maximization,Supply shortage,Free-rider problem,Monopoly,,
,What solution involves taxing citizens to fund public goods to address a specific economic problem?,Free-rider problem,Government privatization of public services,Subsidies,Deregulation,,
,"Which criterion must a good meet to be considered a public good, allowing everyone to use it?",Excludability,Restricted access,Non-excludable,Rivalry in consumption,,
,What term is used when one person's consumption of a good does not reduce its availability to others?,Shared consumption,Rivalry,Fixed supply,Exclusive access,,
,What kind of good is described as non-excludable and rival?,Commons good,Public good,Private good,Club good,,
,"Which problem describes consumers overusing a rival, non-excludable good?",Tragedy of commons,Free-rider problem,Market supply bottleneck,Price gouging,,
,Which type of good is excludable but non-rival?,Commons good,Public good,Club good,Market good,,
,What term is used for goods that are often underutilized due to their excludable nature?,Public goods,Monopolistic goods,Club goods,Commons goods,,
,What is an example of a non-excludable good?,Restaurant meal,iPhone,Concert ticket,Highway,,
,Which of the following is an excludable good?,Public park,National defense,Television broadcast,Private gym,,
,Fish in the ocean are an example of which type of good?,Commons good,Private good,Public good,Club good,,
,"What condition results in a good being available to all, irrespective of payment, leading to overconsumption?",Rivalry,Non-exclusion,Market equilibrium,Free access,,
,Cable TV is an example of what type of good?,Public good,Club good,Common pool resource,Private good,,
,Which type of good experiences the tragedy of the commons?,Commons goods,Private goods,Club goods,Low-congestion goods,,
,Which term describes the output level where the benefit to society equals the cost of providing the good?,Market clearing,Marginal benefit-cost equality,Supply equalization,Economic equilibrium,,
,The free-rider problem is associated with which type of good?,Public goods,Monopoly goods,Private goods,Exclusive goods,,
,Which of the following is an example of a rival good?,Traffic-free highway,Internet service,Fish in the sea,Broadcast radio,,
,A good that can be used by multiple people at the same time without limiting access is called?,Non-rival,Variable,Rival,Excludable,,
,What is a primary reason that public goods are not produced by private firms?,Too much competition,High production cost,Lack of profitability,Insufficient demand,,
,Why might a government choose to produce private goods?,To increase profits,To provide universal access,To stimulate supply,To promote competition,,
,Which characteristic is NOT true for a private good?,Excludable,Rival,Exclusive usage,Shared consumption,,
,A public park is best described as which type of good?,Club good,Private good,Commons good,Public good,,
,"When people use a resource without paying for it, it is a problem with?",Exclusion,Free-riding,Over-demand,Rivalry,,
,Why might the free-rider problem lead to underprovision of public goods in a free market?,It creates excess demand.,It increases production costs.,People can benefit without contributing.,It decreases consumer demand.,,
,How does the concept of shared consumption contribute to the nature of public goods?,It limits access to the good.,It increases private ownership.,It allows multiple users without reducing availability.,It decreases overall utility.,,
,How do club goods differ from public goods in terms of exclusion?,Club goods are non-excludable.,Public goods and club goods have the same exclusion rules.,Club goods are excludable.,Public goods are excludable.,,
,Which scenario illustrates the tragedy of the commons in resource management?,Public parks closing at sunset to avoid overuse.,Exclusive development rights for a private company.,Overfishing in international waters by multiple countries.,A community garden open to everyone with careful regulation.,,
,What could be a consequence of the government not funding public goods?,Decreased market diversity,Underprovision of essential services,Overproduction of goods,Increased private profitability,,
,How does non-excludability relate to the free-rider problem in the context of public goods?,It prevents pricing strategies from being effective.,It requires government regulation to maintain quality.,"It ensures broad access, leading to overuse.",It limits the number of consumers.,,
,Which of the following best describes a consequence of shared consumption of a public good?,Increased production costs,Non-rival usage,Reduced demand,Resource depletion,,
,How does the concept of non-rivalry help define a public good?,It creates a monopoly market.,It enhances competitive pricing.,One person's use reduces the good's availability.,Consumption by one does not affect others.,,
,How does government intervention address the free-rider problem?,By withdrawing all public goods.,By allowing unrestricted market practices.,By taxing citizens to fund the goods.,By providing exclusive rights to private firms.,,
,What aspect of public goods makes it challenging for private firms to provide them?,Non-excludability and non-rivalry,High profit margins,Lack of sufficient demand,High production costs,,
,Why might a low-congestion good be underutilized in the market?,Its excludable nature limits access,High rivalry in consumption,Broad regulatory restrictions,Non-rivalry discourages usage,,
,What is a potential outcome when a commons good is overused?,Enhanced market competitiveness,Increased private investment,Resource depletion,Decreased consumer surplus,,
,Which of the following explains why roads are considered public goods?,Roads are non-rival and non-excludable.,Roads generate direct profit for private companies.,Roads require tolls for usage.,Roads are consumed individually.,,
,Why are club goods sometimes referred to as low-congestion goods?,They rarely face overuse conditions.,They are always rival in nature.,They remain unused regardless of access.,They are freely accessible.,,
,What role does taxation play in maintaining public goods?,It ensures exclusive rights for private companies.,It discourages excessive consumer use.,It reduces government responsibilities.,It funds the production and maintenance of public goods.,,
,Which characteristic makes a good a strong candidate for government production?,Exclusive market rights and patent protections,Non-excludable and non-rival,High rivalry and excludability,Low production costs,,
,Which outcome results from the lack of a pricing structure for public goods?,Overpricing strategies become widespread,Efficient resource allocation,Market failure in allocation,High consumer profits,,
,How might shared consumption affect the provision of a public good?,It decreases the good's overall utility.,It limits its production by private firms.,It increases the competitiveness of the market.,It encourages equal usage among users.,,
,Why do commons goods often fall victim to the tragedy of the commons?,They are non-excludable but rival.,They are non-rival.,They cannot be privately owned.,They are overprotected by governmental laws.,,
,In what way do government-funded public goods benefit society?,They exclusively promote private sector growth and economic development.,They reduce overall government expenditure.,They ensure availability for only those who pay.,They address free-rider problems.,,
,How does the government's role in providing public goods relate to solving market failures caused by the free-rider problem?,By creating a competitive market among private firms.,By privatizing all formerly public goods.,By funding goods to ensure equitable access.,By enforcing restrictions on public good access.,,
,Why might a well-managed public park with rules not violate the non-exclusion criterion of a public good?,Because rules prevent it from being used as a private good.,Because rules enable profit generation from the park.,Because rules don’t prevent access but manage behavior.,Because rules help exclude undesired visitors.,,
,Why can the absence of a pricing structure in a free market lead to difficulty producing public goods?,It creates unfettered access that undermines scarcity.,Prices are necessary to prevent insufficient demand.,Pricing mechanisms are essential for encouraging healthy monopolies.,"Without prices, supply chain coordination becomes ineffective.",,
,How does non-rivalry enhance the potential for a government to successfully manage public goods?,It allows shared access without diminishing value.,It restricts consumption to certain demographics.,It encourages exclusive ownership by the government.,It reduces the need for regulatory oversight.,,
,In what way does the tragedy of the commons highlight the challenges of managing commons goods?,It illustrates the effectiveness of free markets in allocating resources efficiently.,It shows the need for higher pricing strategies.,It demonstrates that rival behavior can lead to efficient use of shared resources.,It shows the risk of resource depletion without regulation.,,
,How might taxing citizens benefit the provision of public goods despite the presence of the free-rider problem?,It creates an economic incentive to consume more public goods rather than private goods.,It only favors private good consumption over public goods.,"It establishes a user-based system, reducing overall access to public goods.",It ensures everyone contributes to shared resources.,,
,"Why is a highway considered a public good, while a toll road is not?",A toll road is rival because of access fees.,A highway is non-excludable and allows free access.,A toll road is non-rival by design.,A highway is excludable due to tolls.,,
,How can low-congestion goods lead to inefficient market outcomes?,By remaining underused due to excludable characteristics.,By encouraging resource hoarding among users.,By promoting monopolies in the private sector.,By constraining supply chains through their non-rivalry.,,
,What might be a potential drawback of a policy directed at punishing free-riders?,"It could lead to exclusion, disrupting the public nature of goods.",It may cause non-rival goods to become rival.,It may increase the number of free-riders inadvertently.,It might create efficiency through scarcity.,,
,How does the concept of marginal social benefit and cost intersect with decisions on public good provision?,It justifies production when social benefits exceed costs.,It aims to minimize government spending and reduce public sector involvement in the economy.,It determines supply chain costs.,It helps ensure the private sector only funds public goods.,,
,Why is non-exclusion an important criterion in identifying true public goods?,It prevents monopoly control over public resources.,"It ensures universal access regardless of payment, supporting social equity.",It enables firms to compete for limited access.,It helps generate revenue through regulated access.,,
,In what way do public goods represent a market failure in classical economic theory?,They indicate supply and demand do not function traditionally.,They illustrate efficient allocation without government intervention.,They suggest successful competition leads to scarcity.,They showcase how free markets maximize public benefit.,,
,How might government-provided educational services illustrate a mix of public and private good characteristics?,They exclusively benefit high-income populations and create barriers for lower socioeconomic groups.,They offer broad access but remain excludable through entry requirements.,They are entirely rival and non-excludable.,They function as private goods due to exclusive access.,,
,Why might the efficient distribution of public goods require regulation beyond market forces?,To control natural monopolies within public service sectors.,To ensure competitive pricing in the marketplace.,To address non-excludable good inefficiencies.,To channel governmental revenue streams effectively.,,
,What is a subtle distinction between the free-rider problem and the tragedy of the commons?,"The free-rider problem pertains to underuse, while the tragedy of the commons relates to overuse.",Both occur only with government intervention.,The free-rider problem focuses on rival behavior.,The tragedy of the commons affects only private goods.,,
,How does shared consumption influence the viability of public goods provision by the government?,It fosters individual competition at the expense of collective benefit.,It limits equity and decreases fairness.,It enhances social welfare through broad access.,It establishes exclusive benefits for a select few.,,
,"Why do private firms often avoid producing public goods, even if no legal constraints exist?",Because public opinions and social pressures deter large-scale production efforts.,Because consumption levels are capped through legal restrictions.,Because non-excludability makes profit difficult.,Because public goods are profitable but generally unwanted by consumers.,,
,How does effective public resource allocation counteract market failures?,By providing goods based solely on private decisions.,By ensuring public goods meet societal needs unmet by the market.,By aligning consumer demand precisely with willingness to pay.,By ignoring fair distribution principles.,,
,How do the characteristics of a commons good lead it to be targeted by the tragedy of the commons?,It limits access through comprehensive legislative and regulatory means.,"It is freely available and rival, causing overuse.","It is excludable but non-rival, ensuring controlled and sustainable use.",It is supported by effective pricing mechanisms.,,
,"In terms of production and access, how is a private good distinct from a public good?",Private goods are excludable and rival; public goods are not.,Public goods generate profit through exclusive contracts with government agencies.,Private goods are inherently available to all citizens equally.,Public goods are dependent solely on consumer demand and market forces.,,
,What is the primary purpose of government intervention in imperfect markets?,To eliminate consumer surplus,To reduce market waste,To create market failures,To increase monopolistic profits,,
,Which type of tax directly increases the marginal cost of production?,Per-unit tax,Lump sum tax,Corporate tax,Progressive tax,,
,What effect does a lump sum tax have on a firm's cost curves?,Increases marginal cost,Shifts marginal cost down,Reduces fixed costs,Shifts average total cost up,,
,"In a perfectly competitive market, what happens to the marginal cost curve when a per-unit tax is imposed?",Shifts right,Shifts downward,Shifts upward,Shifts left,,
,What is a primary characteristic of a lump sum tax?,It is a one-time fixed cost,It affects marginal cost,It decreases output,It is variable,,
,"In the standard monopoly graph (downward-sloping demand with a marginal revenue curve below it and an upward-sloping marginal cost curve), at which labeled point does an unregulated profit-maximizing monopoly operate?","Point M (where MR = MC, and price is set on the demand curve above MR)","Point B (where P = MC, the allocatively efficient outcome)","Point A (where P = ATC, the break-even outcome)","Point D (where MC = minimum ATC, the productively efficient outcome)",,
,What does a price ceiling aim to achieve in a monopoly?,Increase prices,Eliminate consumer surplus,Increase producer surplus,Reach a socially optimal output,,
,Which cost is directly impacted by a per-unit tax?,Average fixed cost,Fixed cost,Total cost,Marginal cost,,
,What do per-unit taxes and subsidies primarily alter within a market?,Supply and demand elasticity,Marginal costs and benefits,Only fixed costs,Total quantities produced,,
,Which government policy can help a monopoly produce at the allocatively efficient quantity?,Lump-sum subsidy,Consumer tax,Price floor,Sales tax,,
,A lump sum subsidy affects which type of cost?,Average fixed cost,Variable cost,Sunk cost,Marginal cost,,
,What is one potential outcome of government-imposed price regulations?,Increased consumer profits,Reduced producer competition,Decreased production waste,Higher long-term prices,,
,"In a monopoly, where do we find a large amount of market inefficiency?",In the deadweight loss area,Within variable costs,At the socially optimal point,At the break-even point,,
,Which term refers to a tax levied on each unit of a good produced?,Per-unit tax,Sales tax,Lump sum tax,Income tax,,
,How does a lump-sum subsidy impact the average total cost (ATC) curve?,Rotates it,Does not affect it,Shifts it downward,Shifts it upward,,
,What effect does a price ceiling have in an imperfect market?,Reduces deadweight loss,Increases market price,Increases deadweight loss,Increases producer surplus,,
,What does POL-4.A.1 specifically target with taxes and subsidies?,Consumer preferences,Marginal costs,Total fixed costs,Price floors,,
,What is a defining feature of a natural monopoly that may require subsidy?,Constant marginal cost,High competition,High fixed costs,Elastic demand,,
,Which of the following measures is used to correct monopoly inefficiency?,Import tariffs and trade restrictions,Antitrust laws,Production quotas,Price floors,,
,What is the result when a government correctly intervenes in an imperfect market?,Permanent surplus,Decreased market efficiency,Increased inefficiency,Increased efficiency,,
,What does binding price control affect in market structures?,Only consumer preferences,Only supply elasticity,Only in monopolistic market,Prices and quantities,,
,Which of the following is a government action suitable for monopolistic regulation?,Increase fixed costs,Subsidize variable costs,Implement price ceilings,Reduce competition,,
,Why might a monopoly require a lump-sum subsidy according to historical market developments?,To maximize profit,To maintain high pricing,To produce at a socially optimal level,To discourage production,,
,Which of these is NOT directly affected by a per-unit tax?,Fixed cost,Variable cost,Average total cost,Marginal cost,,
,Which historical development involves assessing impacts on consumer and producer surplus?,Price ceilings,Income taxation,Per-unit taxes and subsidies,Import quotas,,
,How does a per-unit tax affect the supply curve in a market context?,The supply curve becomes vertical,The supply curve shifts to the right,The supply curve remains unchanged,The supply curve shifts to the left,,
,What is the main difference in market impacts between a per-unit tax and a lump sum tax?,Lump sum taxes increase marginal cost,Per-unit taxes decrease fixed costs,Lump sum taxes decrease marginal benefits,Per-unit taxes change variable and marginal costs,,
,"In the context of monopolistic markets, how does a price ceiling at the socially optimal level affect consumer surplus?",Consumer surplus increases,Consumer surplus decreases,Consumer surplus is eliminated,Consumer surplus remains the same,,
,What role do price elasticities of demand and supply play in determining the effect of a per-unit tax?,They are not relevant,They determine the fixed cost,They affect only government revenue,They affect deadweight loss magnitude,,
,"If the government wants to ensure that a monopoly produces a socially optimal quantity, what combination of policies would achieve this?",Imposing a price ceiling and a lump-sum subsidy,Imposing a lump-sum tax and a price floor,Imposing a per-unit subsidy and a price ceiling,Imposing a price ceiling and a per-unit tax,,
,Why would a natural monopoly require a lump-sum subsidy to produce at the allocatively efficient quantity?,To cover the high variable costs of production,To eliminate the problem of increasing marginal costs,To offset losses from pricing at marginal cost,To maximize total consumer surplus,,
,What outcome can occur if a monopoly is regulated to break even rather than achieve a socially optimal output?,No deadweight loss occurs,Increased market inefficiency and resource misallocation,Reduced government involvement,Some deadweight loss remains,,
,What is a key characteristic of a monopoly that leads to government regulation efforts?,Ability to set prices above marginal cost,Constantly declining average total costs,High consumer surplus at all times,Perfect competition in the industry,,
,How does a price ceiling impact a monopoly's production in relation to the socially optimal level?,Aligns production with consumer preferences and market demand,Forces production below optimal level,Eliminates all deadweight loss completely,Increases production toward optimal level,,
,What is the expected long-term result in a perfectly competitive market when subjected to a per-unit tax?,Price returns to its original equilibrium level,Supply increases permanently across the industry,Zero economic profit for firms,All firms exit the market immediately,,
,"When considering government intervention, what determines whether a firm in a competitive market can remain profitable after a per-unit tax?",Reduction in consumer demand,The increase in fixed costs,The firm's ability to set higher prices,The elasticity of supply and demand,,
,Which of the following represents the effect of a per-unit tax on marginal and average total cost (ATC) in a competitive market?,"Marginal cost decreases, ATC unchanged","ATC decreases, marginal cost unchanged",Both increase by the amount of the tax,Both remain unchanged,,
,What is the impact of a binding price floor in a perfectly competitive market operating under an imposed per-unit tax?,Underproduction compared to equilibrium,Decreased consumer prices,Increased producer surplus,A surplus in goods produced,,
,Why are antitrust policies relevant for monopolistic market structures?,They eliminate government regulations entirely,They increase monopoly pricing power,They aim to mimic natural monopolies,They promote competition,,
,What is the relationship between deadweight loss and efficiency in an unregulated monopoly?,Larger deadweight loss signifies inefficiency,Deadweight loss increases efficiency,Deadweight loss is irrelevant to efficiency,Small deadweight loss indicates perfect efficiency,,
,"In a regulated monopoly, why might the government provide a lump-sum subsidy?",To generate government revenue,To increase the firm's fixed costs,To ensure average total cost aligns with market price,To increase the firm's marginal cost,,
,For which type of market does a binding price ceiling result in a loss to producers?,Monopolistic competition,Monopoly,Perfect competition,Oligopoly,,
,"In the context of imperfect markets, what is usually the primary government goal when setting a price control?",Eliminating all consumer demand,Minimizing market waste and inefficiencies,Maximizing total producer profits,Sustaining high prices indefinitely,,
,How does a lump-sum tax specifically differ in impact compared to a per-unit tax on a firm's cost structure?,Lump-sum increases both fixed and variable costs,Lump-sum affects only variable costs,Lump-sum increases marginal costs and fixed costs,Lump-sum affects only fixed costs,,
,Which scenario most likely requires a combination of government interventions to achieve allocative efficiency?,Perfectly competitive market with no externalities,Free-market equilibrium with zero external impacts,Monopoly facing high costs and pricing power,Monopolistic competition with high demand elasticity,,
,Why is it crucial to differentiate between a per-unit tax and a lump sum tax when analyzing market effects?,Lump sum taxes reduce marginal cost while per-unit taxes increase it,Per-unit taxes impact only fixed costs,They affect marginal and average costs differently,Both taxes have the same impact on total cost,,
,How does government intervention using price ceilings help mitigate deadweight loss in a monopoly?,By reallocating resources to match P = MC,By increasing the monopoly's profits,By reducing consumer surplus to increase demand,By allowing monopolies to set prices freely,,
,What underlying economic rationale supports the provision of lump-sum subsidies to monopolies?,To shift consumer preferences toward the monopolist's product,To reduce overall market competition,To increase barriers to entry for potential competitors,To achieve social optimality,,
,How do per-unit taxes indirectly reflect a government's attempt to internalize externalities in imperfect markets?,They prevent natural monopoly formation,They minimize production inefficiencies,They serve as a Pigouvian tool to correct market failure,They increase supply beyond capacity,,
,Why might regulating a monopoly through the socially optimal point not always be feasible without government subsidies?,Because it results in sustained high prices for consumers,Because it leads to excessive profits,Because it achieves less than fair returns,Because the monopoly would lose money,,
,How do the concepts of MSB and MSC relate to the rationale behind government intervention in monopolistic markets?,"To align MSB = MSC, eliminating deadweight loss",They define equilibrium in all cases,To ensure MSC is always lower than MSB,MSB should continuously exceed MSC,,
,What essential market condition justifies using lump sum taxes rather than per-unit taxes?,In markets with declining returns,Where variable costs dominate pricing,High price elasticity of demand,To avoid changing marginal costs,,
,How does a monopoly achieving a fair-return price impact stakeholders compared to achieving a socially optimal price?,Both scenarios result in zero efficiency loss,Stakeholders only lose in a fair-return scenario,Socially optimal prices are generally unprofitable,"Fair-return aims for breakeven, reducing subsidies",,
,Why is adjusting graphs critical when governments impose per-unit taxes on perfectly competitive firms?,To reflect decreased demand shifts,To indicate declining consumer preferences,To ensure equilibrium price is stable,To show the immediate effect on MC and ATC,,
,How does a per-unit tax serve as a deterrent in expanding output in monopolistic markets?,It increases variable costs,It builds consumer confidence by making pricing more transparent and predictable,It creates additional barriers to market entry,It reduces fixed production costs,,
,"Why do perfectly competitive markets adjust to zero economic profit in the long run, despite the introduction of per-unit taxes?",Market demand steadily declines over time,Due to firm exits and market supply contraction,Fixed costs are inadequate to influence output changes,Continuous government subsidies ensure profitability,,
,How does imposing a lump sum tax on a monopoly affect its long-term strategic positioning?,It forces the monopoly to lower prices,It compels habitual price competition,It eliminates incentives for innovation,It strengthens focus on long-term average cost reductions,,
,Why do governments prefer to set price ceilings in monopolistic markets instead of increasing taxes to correct inefficiencies?,To sustain monopoly's marginal costs,To encourage competitive behavior,To set prices closer to socially desirable levels,To limit market entry for smaller firms,,
,How do changes in supply elasticity influence the effectiveness of per-unit taxes in achieving allocative efficiency?,Elasticity does not influence deadweight impacts,Lower elasticity increases average total cost,Elasticity remains consistently neutral,Higher elasticity reduces potential deadweight loss,,
,Why is graphing subsidies essentially the reverse methodology of graphing taxes in market analysis?,Graphing subsidies requires differential calculations,Subsidies shift curves in opposite directions,Subsidies are unaffected by demand curve adjustments,Subsidies increase production costs,,
,What rationale justifies the use of lump sum taxes in a monopolistic firm as opposed to per-unit taxes?,To increase marginal cost,To maintain constant average costs,To avoid impacting production levels,To influence company risk assessments,,
,How could market structures influence the approach governments take in setting taxes versus subsidies?,Homogeneous market structures require unified approaches,Monopolistic and competitive structures require identical methods,Unique cost dynamics require tailored interventions,Larger markets necessitate broader tax applications,,
,Why can achieving allocative efficiency in a monopoly be challenging without external financial interventions?,Monopolies prioritize profits over social welfare,Consumer demand remains infinitely elastic under monopolistic conditions,It would incentivize constant market re-entry,Fixed costs are inherently unpredictable,,
,What results when demands for regulatory compliance conflict with a monopoly's pricing strategy?,Decreased interest in customer satisfaction,Greater pressure for cost innovation,A need for sharper competitive tactics,Strategic reevaluation toward profit maximization,,
,How do the concepts of allocative efficiency and market failure dynamically interact in the context of monopolistic regulation?,They operate independently and unpredictably,Allocative efficiency addresses core market failures,They contribute equally to higher profits,Market failures minimize allocative adjustments,,
,What is the Lorenz Curve used for?,Tracking inflation,Measuring GDP,Calculating tax rates,Representing income inequality,,
,What does a Gini Coefficient of 0 indicate?,Minimum poverty,Perfect inequality,Perfect equality,Maximum GDP,,
,Which type of tax takes a larger percentage from high-income groups?,Regressive tax,Progressive tax,Flat tax,Proportional tax,,
,What is income inequality?,Unequal tax rates,Equal wealth distribution,Unequal asset distribution,Unequal earnings distribution,,
,Which type of tax takes the same percentage from all income groups?,Flat tax,Proportional tax,Progressive tax,Regressive tax,,
,What is an example of a regressive tax?,Sales tax,Corporate tax,Luxury tax,Federal income tax,,
,Which factor is a source of economic inequality?,Uniform minimum wage,Inheritance,Equal access to education,Resource abundance,,
,What shape does the Lorenz Curve form if there is perfect equality?,Vertical line,Zigzag line,Straight line,Curved line,,
,Which component is NOT a source of inequality?,Human capital,Balanced trade,Access to financial markets,Social capital,,
,What does the Gini Coefficient measure?,Income inequality,Economic growth rates,Employment levels,Consumer demand patterns,,
,Who is more affected by a regressive tax?,All groups equally,Middle-income groups,Low-income groups,High-income groups,,
,What is wealth inequality concerned with?,Distribution of earnings,Distribution of assets,Distribution of employment,Distribution of tax rates,,
,Which tax structure is considered fairer by taking a larger percentage from those who can afford more?,Proportional tax,None of the above,Progressive tax,Regressive tax,,
,What does a higher Gini Coefficient imply?,Greater inequality,Reduced inequality,More equal distribution of wealth,Lower GDP,,
,Which factor can contribute to income inequality?,A large middle class,Stable currency,Equal labor conditions,Bargaining power,,
,How is the Gini Coefficient calculated?,Ratio of A to A+B under Lorenz Curve,Measuring tax revenue,Comparing GDP values,Counting employment numbers,,
,What does a flat tax rate imply?,Tax rates are applied randomly to different taxpayers,Tax increases with income,Equal percentage for all,Tax decreases with income,,
,What indicates a higher level of income inequality in a Lorenz Curve?,Lorenz Curve on y-axis,Overlapping line and curve,Greater gap from the line of equality,Smaller Lorenz Curve,,
,How does the government use taxes to decrease income inequality?,By increasing regressive taxes,By eliminating taxes,By increasing progressive taxes,By reducing progressive taxes,,
,Which tax system divides people into brackets based on income?,Progressive tax,Proportional tax,Value-added tax,Regressive tax,,
,Which of the following is NOT a source of income inequality?,Social capital,Inheritance,Improved education access,Discrimination,,
,What is an example of a progressive tax?,Sales tax on consumer goods,Income tax,Import tariffs and duties,Property tax,,
,Which curve shows true income distribution in society?,Phillips Curve,Demand Curve,Supply Curve,Lorenz Curve,,
,What is a measurement of income inequality?,Interest rate,Exchange rate,Gini Coefficient,Inflation rate,,
,Which tax type can be misleadingly considered proportional but acts regressive in practice?,Corporate tax,Flat tax,Tariff,Luxury tax,,
,How does the gap between the Lorenz Curve and the line of equality relate to inequality?,Smaller gap indicates more inequality,Larger gap indicates more inequality,Gap size has no relation to inequality,Gap size is only theoretical,,
,Which of the following best explains why flat taxes can disproportionately affect lower-income groups?,Flat taxes increase with income,Flat taxes are progressive in nature,Flat taxes decrease with income,A fixed amount constitutes a higher percentage of a lower income,,
,What might be a government's reason for increasing progressive taxes in a society?,To decrease income inequality,To increase wealth disparity,To discourage high incomes,To establish regressive tax policy,,
,How does the Gini Coefficient help in comparing different countries' income distributions?,By showing exact income amounts,By predicting future wealth,By providing a numerical value for inequality,By standardizing tax rates,,
,Which factor of economic inequality might be most directly addressed through educational programs?,Social capital,Inheritance,Bargaining power,Human capital,,
,What causes the differences in how regressive and progressive taxes impact income inequality?,Regressive taxes take less from low earners,Tax revenue is distributed equally,The percentage of income taxed changes for different levels of earnings,Progressive taxes take less from high earners,,
,Which approach can reduce the steepness of a Lorenz Curve?,Better financial access,Increasing wealth inequality,Implementing proportional taxation systems,Increasing regressive taxes,,
,Which scenario is most likely to widen the gap on a Lorenz Curve?,Wealth concentration through inheritance,Reduced workplace discrimination policies,Government programs promoting equal resource distribution,High social mobility,,
,Why might the Gini Coefficient be preferred over Lorenz Curves for quick comparisons across countries?,Gini Coefficient accurately predicts future economic growth patterns,Single number allows easier comparison,Visual graphs are simpler to interpret,Lorenz Curves contain measurement errors,,
,How do differences in social capital affect economic inequality?,They provide advantages in economic mobility,They ensure equal opportunity,They have no impact,They equalize bargaining power,,
,What effect does access to financial markets have on wealth inequality?,Has no measurable impact on wealth distribution patterns,Worsens inequality by concentrating financial resources among the wealthy,"Only affects income inequality, not wealth",Reduces inequality through expanded opportunities,,
,How does inheritance contribute to wealth inequality?,It decreases wealth inequality across society,It has no long-term impact,It redistributes wealth evenly,It allows accumulation of wealth within families,,
,Which type of tax would likely compound wealth inequality if increased?,Progressive tax,Regressive tax,Proportional tax,Sin tax,,
,Which policy might a government implement to create a lower Gini Coefficient?,Remove welfare programs and social safety nets,Eliminate taxes,Strengthen regressive taxes,Progressive taxation,,
,Why might a society with high social mobility have a lower Gini Coefficient?,Greater disparity in earnings across different social classes,Income groups are more fluid,Increased structural inequalities in the economic system,More unequal wealth distribution,,
,How does increasing transfer payments relate to income inequality?,It aims to support lower-income groups,It reduces government budget,It disproportionately benefits wealthier citizens,It widens income disparity,,
,Why might high bargaining power in labor markets reduce income inequality?,Provides workers with more leverage,Ensures maximum profits for owners,Strengthens low-wage positions,Leads to minimal wage differences,,
,What scenario could increase the effectiveness of progressive taxes in reducing inequality?,Promoting tax evasion among wealthy individuals,Expanding tax shelters and loopholes,Widening income tax brackets significantly,Better tax code enforcement,,
,What is a potential consequence of a society failing to address income inequality effectively?,Increased unity and social cohesion among citizens,Expanded economic mobility,Decreased levels of poverty across all demographics,Social tensions and unrest,,
,In which way does regressive taxation potentially stifle economic growth?,By reducing disposable income for low earners,By increasing consumer spending across all income brackets,By improving market efficiency,By promoting equal distribution of resources,,
,How might shifting from a progressive to a regressive tax system impact income inequality in the short term and long term?,It would decrease inequality immediately but increase it over the long term.,It would increase inequality initially and then stabilize.,It would consistently decrease inequality across both time periods.,It would have no measurable effect on inequality.,,
,Why might a high Gini Coefficient not fully capture all aspects of economic welfare in a country?,Because it doesn't account for non-income contributions to welfare.,Because it replaces the Lorenz Curve.,Because it only applies to developed countries.,Because it purely focuses on GDP metrics.,,
,How do social capital and human capital together influence wealth distribution in societies?,They create unequal career opportunities and wealth accumulation.,They are fundamentally unrelated to any meaningful economic outcomes in society.,They ensure complete equal distribution.,They have no significant impact.,,
,Why might increasing transfer payments only be a temporary solution to income inequality?,They don't address root causes of inequality.,They create permanent solutions to all distribution problems in society.,They eliminate taxation requirements.,They instantly make recipients wealthy.,,
,How might inheritance laws indirectly reinforce wealth inequality across generations?,By eliminating all forms of social capital and preventing families from passing down any advantages.,By redistributing wealth evenly across all social classes.,By allowing wealth to concentrate within families.,By imposing high inheritance taxes on all estates.,,
,In what way could strengthening progressive tax policies potentially spur economic activity?,By reducing overall government intervention in the marketplace.,By boosting public investment through redistribution.,By reducing disposable income for high earners.,By incentivizing savings among lower-income households.,,
,How might discrepancies in access to financial markets contribute to widening income inequality over time?,By restricting investment opportunities to those with existing wealth.,By allowing everyone equal borrowing opportunities.,By ensuring all enterprises have the same funding.,By equally distributing economic gains.,,
,Why is the Lorenz Curve considered a more subjective tool compared to the Gini Coefficient when analyzing inequality?,Because it primarily focuses on government tax policy structures.,Because it directly calculates economic growth rates.,Because it requires visual interpretation.,Because it provides an exact numerical measure.,,
,How might improved mobility affect both income and wealth inequality in society?,By reinforcing the existing economic hierarchies and maintaining current social stratification patterns.,By expanding economic opportunities across different regions and social groups.,By completely eliminating all forms of social and economic discrimination in society.,By keeping all social groups in their current positions.,,
,What underlying principle makes a proportional tax system less effective in curbing income inequality compared to a progressive system?,Proportional taxes discourage economic participation among middle-class families.,Proportional taxes apply the same rate regardless of income level.,Proportional taxes eliminate the government's ability to fund comprehensive welfare programs.,Proportional taxes inherently favor low-income earners.,,
,"If a government's priority is to significantly narrow the gap on the Lorenz Curve, which strategy should it possibly avoid?",Encouraging flat tax rates.,Increasing social welfare programs.,Providing education subsidies.,Implementing progressive taxes.,,
,How do different levels of bargaining power influence the distribution of income in labor markets?,They completely neutralize wage disparities.,They ensure everyone receives the same wage.,They have no effect on the overall market.,"They allow groups with higher power to negotiate better wages, increasing inequality.",,
,Which factor might exacerbate the steepness of a society's Lorenz Curve over the years if not addressed?,Diverse wealth distribution mechanisms.,Uniform educational access.,Regional economic integration.,Persistent systematic discrimination.,,
,What is a likely economic effect when regressive taxes are increased in a society already experiencing high inequality?,Greater economic equality across income levels.,Immediate reduction in poverty levels.,More equitable distribution of national income.,Increased wealth concentration.,,
,Why might the adoption of a uniform flat tax not address existing disparities in wealth distribution?,Because it inherently reduces economic efficiency.,Because it strictly promotes economic growth.,Because it targets only non-essential goods.,Because it doesn't account for people's differing ability to pay.,,
,What role can transfer payments play in addressing both immediate and long-term effects of economic inequality?,They eliminate social inequalities immediately.,They permanently secure employment for recipients.,They offer relief and expand future opportunities.,They completely erase wealth disparities between social classes.,,
,"In analyzing tax efficiency, why might a country choose to implement a progressive system over a proportional one in addressing inequality?",To increase administrative complexity and create additional bureaucratic overhead.,To redistribute wealth from higher to lower earners.,To prevent economic growth.,To reduce government revenue.,,
,Why is the marginal impact of regressive taxation particularly detrimental to low-income communities?,Because it increases savings rates among these groups.,Because it lowers the tax rate for all members of society equally.,Because it subsidizes higher incomes.,Because it reduces their limited disposable income.,,
,How might compounding effects from discriminatory practices enhance both income and wealth inequality overall in an economy?,By restricting opportunities and accessing financial assets for marginalized groups.,By spurring economic inclusion.,By channeling resources evenly throughout communities.,By leveling the distribution of economic resources.,,
,Why is measuring inequality using only the Gini Coefficient seen as an incomplete analysis in some economic assessments?,Because it assumes uniform access to resources.,Because it solely accounts for average income.,Because it is always absolute.,Because it doesn't differentiate between types and sources of income.,,